<states>
    <state name="Idle">
        <buttons>
            <button id="spinButton" enabled="true"/>
            <button id="infoButton" enabled="true"/>
        </buttons>
    </state>
    <state name="WinCounting">
        <buttons>
            <button id="skipButton" visible="true"/>
        </buttons>
    </state>
    <state name="StoppingReels">
        <buttons>
            <button id="skipButton" visible="true"/>
        </buttons>
    </state>
    <state name="ReelsWinAnimation">
        <buttons>
            <button id="skipButton" visible="true"/>
        </buttons>
    </state>
    <state name="OfferGambler">
        <buttons>
            <button id="takeButton" visible="true"/>
            <button id="gambleButton" visible="true"/>
        </buttons>
    </state>
    <state name="Gambler">
        <buttons>
            <button id="takeButton" visible="true"/>
        </buttons>
    </state>
    <state name="disabled">
        <buttons>
            <button id="skipButton" visible="false"/>
            <button id="spinButton" enabled="false"/>
            <button id="takeButton" visible="false"/>
            <button id="gambleButton" enabled="false"/>
            <button id="infoButton" enabled="false"/>
        </buttons>
    </state>
</states>