<?xml version="1.0" encoding="utf-8"?>
<font type="NGL">
 <description size="174" family="AlleyOop" style="Regular"/>
 <metrics ascender="131" height="168" descender="-44"/>
 <texture width="1024" height="1024" file="freeGames/you_won_numbers.png"/>
 <chars>
  <char offset_x="-11" offset_y="160" advance="90" rect_w="116" id="$" rect_x="0" rect_y="0" rect_h="197"/>
  <char offset_x="-13" offset_y="138" advance="54" rect_w="85" id="*" rect_x="116" rect_y="22" rect_h="85"/>
  <char offset_x="-4" offset_y="124" advance="111" rect_w="123" id="+" rect_x="201" rect_y="36" rect_h="123"/>
  <char offset_x="-17" offset_y="41" advance="32" rect_w="66" id="," rect_x="324" rect_y="119" rect_h="73"/>
  <char offset_x="-10" offset_y="41" advance="33" rect_w="57" id="." rect_x="390" rect_y="119" rect_h="57"/>
  <char offset_x="-7" offset_y="138" advance="97" rect_w="115" id="0" rect_x="447" rect_y="22" rect_h="153"/>
  <char offset_x="-8" offset_y="138" advance="97" rect_w="116" id="1" rect_x="562" rect_y="22" rect_h="153"/>
  <char offset_x="-7" offset_y="138" advance="97" rect_w="115" id="2" rect_x="678" rect_y="22" rect_h="153"/>
  <char offset_x="-7" offset_y="138" advance="97" rect_w="115" id="3" rect_x="793" rect_y="22" rect_h="153"/>
  <char offset_x="-10" offset_y="138" advance="97" rect_w="119" id="4" rect_x="0" rect_y="197" rect_h="153"/>
  <char offset_x="-7" offset_y="138" advance="97" rect_w="115" id="5" rect_x="119" rect_y="197" rect_h="153"/>
  <char offset_x="-7" offset_y="138" advance="97" rect_w="116" id="6" rect_x="234" rect_y="197" rect_h="153"/>
  <char offset_x="-7" offset_y="138" advance="97" rect_w="115" id="7" rect_x="350" rect_y="197" rect_h="153"/>
  <char offset_x="-7" offset_y="138" advance="97" rect_w="116" id="8" rect_x="465" rect_y="197" rect_h="153"/>
  <char offset_x="-7" offset_y="138" advance="97" rect_w="115" id="9" rect_x="581" rect_y="197" rect_h="153"/>
  <char offset_x="-15" offset_y="91" advance="112" rect_w="146" id="=" rect_x="696" rect_y="244" rect_h="81"/>
  <char offset_x="-15" offset_y="138" advance="101" rect_w="135" id="A" rect_x="842" rect_y="197" rect_h="153"/>
  <char offset_x="-13" offset_y="138" advance="97" rect_w="124" id="B" rect_x="0" rect_y="350" rect_h="153"/>
  <char offset_x="-9" offset_y="138" advance="87" rect_w="112" id="C" rect_x="124" rect_y="350" rect_h="153"/>
  <char offset_x="-13" offset_y="138" advance="97" rect_w="123" id="D" rect_x="236" rect_y="350" rect_h="153"/>
  <char offset_x="-13" offset_y="138" advance="90" rect_w="119" id="E" rect_x="359" rect_y="350" rect_h="153"/>
  <char offset_x="-13" offset_y="138" advance="90" rect_w="120" id="F" rect_x="478" rect_y="350" rect_h="153"/>
  <char offset_x="-9" offset_y="138" advance="94" rect_w="115" id="G" rect_x="598" rect_y="350" rect_h="153"/>
  <char offset_x="-13" offset_y="138" advance="100" rect_w="130" id="H" rect_x="713" rect_y="350" rect_h="153"/>
  <char offset_x="-13" offset_y="138" advance="50" rect_w="80" id="I" rect_x="843" rect_y="350" rect_h="153"/>
  <char offset_x="-12" offset_y="138" advance="90" rect_w="119" id="J" rect_x="0" rect_y="503" rect_h="153"/>
  <char offset_x="-13" offset_y="138" advance="101" rect_w="132" id="K" rect_x="119" rect_y="503" rect_h="153"/>
  <char offset_x="-12" offset_y="138" advance="91" rect_w="118" id="L" rect_x="251" rect_y="503" rect_h="153"/>
  <char offset_x="-14" offset_y="138" advance="137" rect_w="167" id="M" rect_x="369" rect_y="503" rect_h="153"/>
  <char offset_x="-12" offset_y="138" advance="113" rect_w="142" id="N" rect_x="536" rect_y="503" rect_h="153"/>
  <char offset_x="-9" offset_y="138" advance="93" rect_w="115" id="O" rect_x="678" rect_y="503" rect_h="153"/>
  <char offset_x="-13" offset_y="138" advance="94" rect_w="125" id="P" rect_x="793" rect_y="503" rect_h="153"/>
  <char offset_x="-9" offset_y="138" advance="94" rect_w="116" id="Q" rect_x="0" rect_y="656" rect_h="170"/>
  <char offset_x="-13" offset_y="138" advance="101" rect_w="133" id="R" rect_x="116" rect_y="656" rect_h="153"/>
  <char offset_x="-9" offset_y="138" advance="94" rect_w="116" id="S" rect_x="249" rect_y="656" rect_h="153"/>
  <char offset_x="-13" offset_y="138" advance="105" rect_w="136" id="T" rect_x="365" rect_y="656" rect_h="153"/>
  <char offset_x="-13" offset_y="138" advance="101" rect_w="131" id="U" rect_x="501" rect_y="656" rect_h="153"/>
  <char offset_x="-15" offset_y="138" advance="101" rect_w="135" id="V" rect_x="632" rect_y="656" rect_h="153"/>
  <char offset_x="-15" offset_y="138" advance="156" rect_w="190" id="W" rect_x="767" rect_y="656" rect_h="153"/>
  <char offset_x="-15" offset_y="138" advance="97" rect_w="132" id="X" rect_x="0" rect_y="842" rect_h="153"/>
  <char offset_x="-15" offset_y="138" advance="91" rect_w="125" id="Y" rect_x="132" rect_y="842" rect_h="153"/>
  <char offset_x="-13" offset_y="138" advance="86" rect_w="115" id="Z" rect_x="257" rect_y="842" rect_h="153"/>
  <char offset_x="-15" offset_y="15" advance="21" rect_w="30" id="_" rect_x="372" rect_y="965" rect_h="30"/>
  <char offset_x="-15" offset_y="138" advance="97" rect_w="132" id="x" rect_x="402" rect_y="842" rect_h="153"/>
  <char offset_x="-15" offset_y="154" advance="98" rect_w="114" id="¢" rect_x="534" rect_y="826" rect_h="169"/>
  <char offset_x="-14" offset_y="138" advance="97" rect_w="126" id="£" rect_x="648" rect_y="842" rect_h="153"/>
  <char offset_x="-15" offset_y="138" advance="97" rect_w="126" id="₤" rect_x="774" rect_y="842" rect_h="153"/>
  <char offset_x="1" offset_y="138" advance="98" rect_w="99" id="€" rect_x="900" rect_y="842" rect_h="153"/>
 </chars>
</font>
