<?xml version="1.0" encoding="utf-8"?>
<font type="NGL">
 <description size="78" family="AlleyOop" style="Regular"/>
 <metrics ascender="59" height="78" descender="-20"/>
 <texture width="1024" height="1024" file="freeGames/you_won.png"/>
 <chars>
  <char offset_x="-12" offset_y="12" advance="21" rect_w="24" id=" " rect_x="0" rect_y="65" rect_h="24"/>
  <char offset_x="-12" offset_y="67" advance="24" rect_w="47" id="!" rect_x="24" rect_y="10" rect_h="80"/>
  <char offset_x="-10" offset_y="77" advance="41" rect_w="61" id="$" rect_x="71" rect_y="0" rect_h="99"/>
  <char offset_x="-11" offset_y="67" advance="48" rect_w="70" id="&amp;" rect_x="132" rect_y="10" rect_h="79"/>
  <char offset_x="-9" offset_y="71" advance="16" rect_w="33" id="'" rect_x="202" rect_y="6" rect_h="50"/>
  <char offset_x="-8" offset_y="69" advance="29" rect_w="46" id="(" rect_x="235" rect_y="8" rect_h="97"/>
  <char offset_x="-10" offset_y="69" advance="29" rect_w="46" id=")" rect_x="281" rect_y="8" rect_h="97"/>
  <char offset_x="-11" offset_y="67" advance="26" rect_w="47" id="*" rect_x="327" rect_y="10" rect_h="49"/>
  <char offset_x="-7" offset_y="61" advance="50" rect_w="63" id="+" rect_x="374" rect_y="16" rect_h="66"/>
  <char offset_x="-13" offset_y="23" advance="16" rect_w="40" id="," rect_x="437" rect_y="54" rect_h="43"/>
  <char offset_x="-10" offset_y="35" advance="28" rect_w="47" id="-" rect_x="477" rect_y="42" rect_h="32"/>
  <char offset_x="-10" offset_y="24" advance="16" rect_w="35" id="." rect_x="524" rect_y="53" rect_h="36"/>
  <char offset_x="-11" offset_y="67" advance="30" rect_w="52" id="/" rect_x="559" rect_y="10" rect_h="79"/>
  <char offset_x="-8" offset_y="67" advance="44" rect_w="61" id="0" rect_x="611" rect_y="10" rect_h="79"/>
  <char offset_x="-9" offset_y="67" advance="44" rect_w="61" id="1" rect_x="672" rect_y="10" rect_h="79"/>
  <char offset_x="-9" offset_y="67" advance="44" rect_w="60" id="2" rect_x="733" rect_y="10" rect_h="79"/>
  <char offset_x="-9" offset_y="67" advance="44" rect_w="60" id="3" rect_x="793" rect_y="10" rect_h="79"/>
  <char offset_x="-10" offset_y="67" advance="44" rect_w="62" id="4" rect_x="853" rect_y="10" rect_h="79"/>
  <char offset_x="-9" offset_y="67" advance="44" rect_w="61" id="5" rect_x="915" rect_y="10" rect_h="79"/>
  <char offset_x="-8" offset_y="67" advance="44" rect_w="61" id="6" rect_x="0" rect_y="105" rect_h="79"/>
  <char offset_x="-9" offset_y="67" advance="44" rect_w="60" id="7" rect_x="61" rect_y="105" rect_h="79"/>
  <char offset_x="-9" offset_y="67" advance="44" rect_w="61" id="8" rect_x="121" rect_y="105" rect_h="79"/>
  <char offset_x="-9" offset_y="67" advance="44" rect_w="60" id="9" rect_x="182" rect_y="105" rect_h="79"/>
  <char offset_x="-7" offset_y="49" advance="19" rect_w="35" id=":" rect_x="242" rect_y="123" rect_h="61"/>
  <char offset_x="-10" offset_y="39" advance="25" rect_w="45" id=";" rect_x="277" rect_y="133" rect_h="59"/>
  <char offset_x="-12" offset_y="46" advance="50" rect_w="73" id="=" rect_x="322" rect_y="126" rect_h="47"/>
  <char offset_x="-7" offset_y="67" advance="67" rect_w="80" id="@" rect_x="395" rect_y="105" rect_h="90"/>
  <char offset_x="-12" offset_y="67" advance="46" rect_w="69" id="A" rect_x="475" rect_y="105" rect_h="79"/>
  <char offset_x="-12" offset_y="67" advance="43" rect_w="65" id="B" rect_x="544" rect_y="105" rect_h="79"/>
  <char offset_x="-9" offset_y="67" advance="40" rect_w="59" id="C" rect_x="609" rect_y="105" rect_h="79"/>
  <char offset_x="-12" offset_y="67" advance="44" rect_w="64" id="D" rect_x="668" rect_y="105" rect_h="79"/>
  <char offset_x="-12" offset_y="67" advance="41" rect_w="63" id="E" rect_x="732" rect_y="105" rect_h="79"/>
  <char offset_x="-12" offset_y="67" advance="41" rect_w="63" id="F" rect_x="795" rect_y="105" rect_h="79"/>
  <char offset_x="-9" offset_y="67" advance="43" rect_w="60" id="G" rect_x="858" rect_y="105" rect_h="79"/>
  <char offset_x="-12" offset_y="67" advance="45" rect_w="68" id="H" rect_x="918" rect_y="105" rect_h="79"/>
  <char offset_x="-12" offset_y="67" advance="24" rect_w="46" id="I" rect_x="0" rect_y="195" rect_h="79"/>
  <char offset_x="-11" offset_y="67" advance="41" rect_w="62" id="J" rect_x="46" rect_y="195" rect_h="79"/>
  <char offset_x="-12" offset_y="67" advance="46" rect_w="68" id="K" rect_x="108" rect_y="195" rect_h="79"/>
  <char offset_x="-11" offset_y="67" advance="42" rect_w="62" id="L" rect_x="176" rect_y="195" rect_h="79"/>
  <char offset_x="-12" offset_y="67" advance="61" rect_w="83" id="M" rect_x="238" rect_y="195" rect_h="79"/>
  <char offset_x="-11" offset_y="67" advance="51" rect_w="72" id="N" rect_x="321" rect_y="195" rect_h="79"/>
  <char offset_x="-9" offset_y="67" advance="43" rect_w="61" id="O" rect_x="393" rect_y="195" rect_h="79"/>
  <char offset_x="-11" offset_y="67" advance="43" rect_w="65" id="P" rect_x="454" rect_y="195" rect_h="79"/>
  <char offset_x="-9" offset_y="67" advance="43" rect_w="61" id="Q" rect_x="519" rect_y="195" rect_h="87"/>
  <char offset_x="-12" offset_y="67" advance="45" rect_w="68" id="R" rect_x="580" rect_y="195" rect_h="79"/>
  <char offset_x="-9" offset_y="67" advance="43" rect_w="61" id="S" rect_x="648" rect_y="195" rect_h="79"/>
  <char offset_x="-12" offset_y="67" advance="47" rect_w="70" id="T" rect_x="709" rect_y="195" rect_h="79"/>
  <char offset_x="-11" offset_y="67" advance="46" rect_w="68" id="U" rect_x="779" rect_y="195" rect_h="79"/>
  <char offset_x="-12" offset_y="67" advance="46" rect_w="69" id="V" rect_x="847" rect_y="195" rect_h="79"/>
  <char offset_x="-12" offset_y="67" advance="69" rect_w="92" id="W" rect_x="916" rect_y="195" rect_h="79"/>
  <char offset_x="-12" offset_y="67" advance="44" rect_w="68" id="X" rect_x="0" rect_y="282" rect_h="79"/>
  <char offset_x="-13" offset_y="67" advance="41" rect_w="66" id="Y" rect_x="68" rect_y="282" rect_h="79"/>
  <char offset_x="-11" offset_y="67" advance="39" rect_w="60" id="Z" rect_x="134" rect_y="282" rect_h="79"/>
  <char offset_x="-12" offset_y="12" advance="11" rect_w="24" id="_" rect_x="194" rect_y="337" rect_h="24"/>
  <char offset_x="-12" offset_y="67" advance="46" rect_w="69" id="a" rect_x="218" rect_y="282" rect_h="79"/>
  <char offset_x="-12" offset_y="67" advance="43" rect_w="65" id="b" rect_x="287" rect_y="282" rect_h="79"/>
  <char offset_x="-9" offset_y="67" advance="40" rect_w="59" id="c" rect_x="352" rect_y="282" rect_h="79"/>
  <char offset_x="-12" offset_y="67" advance="44" rect_w="64" id="d" rect_x="411" rect_y="282" rect_h="79"/>
  <char offset_x="-12" offset_y="67" advance="41" rect_w="63" id="e" rect_x="475" rect_y="282" rect_h="79"/>
  <char offset_x="-12" offset_y="67" advance="41" rect_w="63" id="f" rect_x="538" rect_y="282" rect_h="79"/>
  <char offset_x="-9" offset_y="67" advance="43" rect_w="60" id="g" rect_x="601" rect_y="282" rect_h="79"/>
  <char offset_x="-12" offset_y="67" advance="45" rect_w="68" id="h" rect_x="661" rect_y="282" rect_h="79"/>
  <char offset_x="-12" offset_y="67" advance="24" rect_w="46" id="i" rect_x="729" rect_y="282" rect_h="79"/>
  <char offset_x="-11" offset_y="67" advance="41" rect_w="62" id="j" rect_x="775" rect_y="282" rect_h="79"/>
  <char offset_x="-12" offset_y="67" advance="46" rect_w="68" id="k" rect_x="837" rect_y="282" rect_h="79"/>
  <char offset_x="-11" offset_y="67" advance="42" rect_w="62" id="l" rect_x="905" rect_y="282" rect_h="79"/>
  <char offset_x="-12" offset_y="67" advance="61" rect_w="83" id="m" rect_x="0" rect_y="365" rect_h="79"/>
  <char offset_x="-11" offset_y="67" advance="51" rect_w="72" id="n" rect_x="83" rect_y="365" rect_h="79"/>
  <char offset_x="-9" offset_y="67" advance="43" rect_w="61" id="o" rect_x="155" rect_y="365" rect_h="79"/>
  <char offset_x="-11" offset_y="67" advance="43" rect_w="65" id="p" rect_x="216" rect_y="365" rect_h="79"/>
  <char offset_x="-9" offset_y="67" advance="43" rect_w="61" id="q" rect_x="281" rect_y="365" rect_h="87"/>
  <char offset_x="-12" offset_y="67" advance="45" rect_w="68" id="r" rect_x="342" rect_y="365" rect_h="79"/>
  <char offset_x="-9" offset_y="67" advance="43" rect_w="61" id="s" rect_x="410" rect_y="365" rect_h="79"/>
  <char offset_x="-12" offset_y="67" advance="47" rect_w="70" id="t" rect_x="471" rect_y="365" rect_h="79"/>
  <char offset_x="-11" offset_y="67" advance="46" rect_w="68" id="u" rect_x="541" rect_y="365" rect_h="79"/>
  <char offset_x="-12" offset_y="67" advance="46" rect_w="69" id="v" rect_x="609" rect_y="365" rect_h="79"/>
  <char offset_x="-12" offset_y="67" advance="69" rect_w="92" id="w" rect_x="678" rect_y="365" rect_h="79"/>
  <char offset_x="-12" offset_y="67" advance="44" rect_w="68" id="x" rect_x="770" rect_y="365" rect_h="79"/>
  <char offset_x="-13" offset_y="67" advance="41" rect_w="66" id="y" rect_x="838" rect_y="365" rect_h="79"/>
  <char offset_x="-11" offset_y="67" advance="39" rect_w="60" id="z" rect_x="904" rect_y="365" rect_h="79"/>
  <char offset_x="-7" offset_y="71" advance="19" rect_w="32" id="|" rect_x="964" rect_y="361" rect_h="102"/>
  <char offset_x="-12" offset_y="74" advance="45" rect_w="60" id="¢" rect_x="0" rect_y="471" rect_h="86"/>
  <char offset_x="-11" offset_y="67" advance="44" rect_w="65" id="£" rect_x="60" rect_y="478" rect_h="79"/>
  <char offset_x="-9" offset_y="71" advance="38" rect_w="54" id="«" rect_x="125" rect_y="474" rect_h="62"/>
  <char offset_x="-9" offset_y="71" advance="38" rect_w="54" id="»" rect_x="179" rect_y="474" rect_h="62"/>
  <char offset_x="-12" offset_y="82" advance="46" rect_w="69" id="À" rect_x="233" rect_y="463" rect_h="94"/>
  <char offset_x="-12" offset_y="82" advance="46" rect_w="69" id="Á" rect_x="302" rect_y="463" rect_h="94"/>
  <char offset_x="-12" offset_y="82" advance="46" rect_w="69" id="Â" rect_x="371" rect_y="463" rect_h="94"/>
  <char offset_x="-12" offset_y="82" advance="46" rect_w="69" id="Ã" rect_x="440" rect_y="463" rect_h="94"/>
  <char offset_x="-13" offset_y="82" advance="45" rect_w="70" id="Ä" rect_x="509" rect_y="463" rect_h="94"/>
  <char offset_x="-9" offset_y="67" advance="40" rect_w="59" id="Ç" rect_x="579" rect_y="478" rect_h="93"/>
  <char offset_x="-12" offset_y="82" advance="41" rect_w="63" id="È" rect_x="638" rect_y="463" rect_h="94"/>
  <char offset_x="-12" offset_y="82" advance="41" rect_w="63" id="É" rect_x="701" rect_y="463" rect_h="94"/>
  <char offset_x="-12" offset_y="82" advance="41" rect_w="63" id="Ê" rect_x="764" rect_y="463" rect_h="94"/>
  <char offset_x="-12" offset_y="82" advance="41" rect_w="63" id="Ë" rect_x="827" rect_y="463" rect_h="94"/>
  <char offset_x="-12" offset_y="82" advance="24" rect_w="46" id="Ì" rect_x="890" rect_y="463" rect_h="94"/>
  <char offset_x="-12" offset_y="82" advance="24" rect_w="46" id="Í" rect_x="936" rect_y="463" rect_h="94"/>
  <char offset_x="-13" offset_y="82" advance="24" rect_w="48" id="Î" rect_x="0" rect_y="571" rect_h="94"/>
  <char offset_x="-13" offset_y="82" advance="25" rect_w="50" id="Ï" rect_x="48" rect_y="571" rect_h="94"/>
  <char offset_x="-11" offset_y="82" advance="51" rect_w="72" id="Ñ" rect_x="98" rect_y="571" rect_h="94"/>
  <char offset_x="-9" offset_y="82" advance="43" rect_w="61" id="Ó" rect_x="170" rect_y="571" rect_h="94"/>
  <char offset_x="-9" offset_y="82" advance="43" rect_w="61" id="Ô" rect_x="231" rect_y="571" rect_h="94"/>
  <char offset_x="-9" offset_y="82" advance="43" rect_w="61" id="Õ" rect_x="292" rect_y="571" rect_h="94"/>
  <char offset_x="-9" offset_y="82" advance="43" rect_w="61" id="Ö" rect_x="353" rect_y="571" rect_h="94"/>
  <char offset_x="-11" offset_y="82" advance="46" rect_w="68" id="Ù" rect_x="414" rect_y="571" rect_h="94"/>
  <char offset_x="-11" offset_y="82" advance="46" rect_w="68" id="Ú" rect_x="482" rect_y="571" rect_h="94"/>
  <char offset_x="-11" offset_y="82" advance="46" rect_w="68" id="Û" rect_x="550" rect_y="571" rect_h="94"/>
  <char offset_x="-11" offset_y="82" advance="46" rect_w="68" id="Ü" rect_x="618" rect_y="571" rect_h="94"/>
  <char offset_x="-13" offset_y="82" advance="41" rect_w="66" id="Ý" rect_x="686" rect_y="571" rect_h="94"/>
  <char offset_x="-11" offset_y="67" advance="45" rect_w="65" id="ß" rect_x="752" rect_y="586" rect_h="80"/>
  <char offset_x="-12" offset_y="82" advance="46" rect_w="69" id="à" rect_x="817" rect_y="571" rect_h="94"/>
  <char offset_x="-12" offset_y="82" advance="46" rect_w="69" id="á" rect_x="886" rect_y="571" rect_h="94"/>
  <char offset_x="-12" offset_y="82" advance="46" rect_w="69" id="â" rect_x="955" rect_y="571" rect_h="94"/>
  <char offset_x="-12" offset_y="82" advance="46" rect_w="69" id="ã" rect_x="0" rect_y="666" rect_h="94"/>
  <char offset_x="-13" offset_y="82" advance="45" rect_w="70" id="ä" rect_x="69" rect_y="666" rect_h="94"/>
  <char offset_x="-9" offset_y="67" advance="40" rect_w="59" id="ç" rect_x="139" rect_y="681" rect_h="92"/>
  <char offset_x="-12" offset_y="82" advance="41" rect_w="63" id="è" rect_x="198" rect_y="666" rect_h="94"/>
  <char offset_x="-12" offset_y="82" advance="41" rect_w="63" id="é" rect_x="261" rect_y="666" rect_h="94"/>
  <char offset_x="-12" offset_y="82" advance="41" rect_w="63" id="ê" rect_x="324" rect_y="666" rect_h="94"/>
  <char offset_x="-12" offset_y="82" advance="41" rect_w="63" id="ë" rect_x="387" rect_y="666" rect_h="94"/>
  <char offset_x="-12" offset_y="82" advance="24" rect_w="46" id="ì" rect_x="450" rect_y="666" rect_h="94"/>
  <char offset_x="-12" offset_y="82" advance="24" rect_w="46" id="í" rect_x="496" rect_y="666" rect_h="94"/>
  <char offset_x="-12" offset_y="82" advance="24" rect_w="47" id="î" rect_x="542" rect_y="666" rect_h="94"/>
  <char offset_x="-12" offset_y="81" advance="24" rect_w="47" id="ï" rect_x="589" rect_y="667" rect_h="93"/>
  <char offset_x="-11" offset_y="82" advance="51" rect_w="72" id="ñ" rect_x="636" rect_y="666" rect_h="94"/>
  <char offset_x="-9" offset_y="82" advance="43" rect_w="61" id="ó" rect_x="708" rect_y="666" rect_h="94"/>
  <char offset_x="-9" offset_y="82" advance="43" rect_w="61" id="ô" rect_x="769" rect_y="666" rect_h="94"/>
  <char offset_x="-9" offset_y="82" advance="43" rect_w="61" id="õ" rect_x="830" rect_y="666" rect_h="94"/>
  <char offset_x="-9" offset_y="82" advance="43" rect_w="61" id="ö" rect_x="891" rect_y="666" rect_h="94"/>
  <char offset_x="-11" offset_y="82" advance="46" rect_w="68" id="ù" rect_x="952" rect_y="666" rect_h="94"/>
  <char offset_x="-11" offset_y="82" advance="46" rect_w="68" id="ú" rect_x="0" rect_y="773" rect_h="94"/>
  <char offset_x="-11" offset_y="82" advance="46" rect_w="68" id="û" rect_x="68" rect_y="773" rect_h="94"/>
  <char offset_x="-11" offset_y="82" advance="46" rect_w="68" id="ü" rect_x="136" rect_y="773" rect_h="94"/>
  <char offset_x="-13" offset_y="82" advance="41" rect_w="66" id="ý" rect_x="204" rect_y="773" rect_h="94"/>
  <char offset_x="-12" offset_y="82" advance="41" rect_w="64" id="ÿ" rect_x="270" rect_y="773" rect_h="94"/>
  <char offset_x="-9" offset_y="82" advance="40" rect_w="59" id="Č" rect_x="334" rect_y="773" rect_h="94"/>
  <char offset_x="-9" offset_y="82" advance="40" rect_w="59" id="č" rect_x="393" rect_y="773" rect_h="94"/>
  <char offset_x="-12" offset_y="82" advance="44" rect_w="64" id="Ď" rect_x="452" rect_y="773" rect_h="94"/>
  <char offset_x="-12" offset_y="69" advance="52" rect_w="73" id="ď" rect_x="516" rect_y="786" rect_h="81"/>
  <char offset_x="-12" offset_y="82" advance="41" rect_w="63" id="Ě" rect_x="589" rect_y="773" rect_h="94"/>
  <char offset_x="-12" offset_y="82" advance="41" rect_w="63" id="ě" rect_x="652" rect_y="773" rect_h="94"/>
  <char offset_x="-11" offset_y="82" advance="51" rect_w="72" id="Ň" rect_x="715" rect_y="773" rect_h="94"/>
  <char offset_x="-11" offset_y="82" advance="51" rect_w="72" id="ň" rect_x="787" rect_y="773" rect_h="94"/>
  <char offset_x="-12" offset_y="82" advance="45" rect_w="68" id="Ř" rect_x="859" rect_y="773" rect_h="94"/>
  <char offset_x="-12" offset_y="82" advance="45" rect_w="68" id="ř" rect_x="927" rect_y="773" rect_h="94"/>
  <char offset_x="-9" offset_y="82" advance="43" rect_w="61" id="Š" rect_x="0" rect_y="867" rect_h="94"/>
  <char offset_x="-9" offset_y="82" advance="43" rect_w="61" id="š" rect_x="61" rect_y="867" rect_h="94"/>
  <char offset_x="-12" offset_y="82" advance="47" rect_w="70" id="Ť" rect_x="122" rect_y="867" rect_h="94"/>
  <char offset_x="-12" offset_y="70" advance="58" rect_w="79" id="ť" rect_x="192" rect_y="879" rect_h="82"/>
  <char offset_x="-11" offset_y="82" advance="46" rect_w="68" id="Ů" rect_x="271" rect_y="867" rect_h="94"/>
  <char offset_x="-11" offset_y="82" advance="46" rect_w="68" id="ů" rect_x="339" rect_y="867" rect_h="94"/>
  <char offset_x="-12" offset_y="82" advance="41" rect_w="64" id="Ÿ" rect_x="407" rect_y="867" rect_h="94"/>
  <char offset_x="-11" offset_y="82" advance="39" rect_w="60" id="Ž" rect_x="471" rect_y="867" rect_h="94"/>
  <char offset_x="-11" offset_y="82" advance="39" rect_w="60" id="ž" rect_x="531" rect_y="867" rect_h="94"/>
  <char offset_x="-12" offset_y="46" advance="50" rect_w="73" id="–" rect_x="591" rect_y="903" rect_h="32"/>
  <char offset_x="-7" offset_y="62" advance="36" rect_w="51" id="“" rect_x="664" rect_y="887" rect_h="43"/>
  <char offset_x="-7" offset_y="62" advance="36" rect_w="51" id="”" rect_x="715" rect_y="887" rect_h="43"/>
  <char offset_x="-2" offset_y="51" advance="30" rect_w="34" id="•" rect_x="766" rect_y="898" rect_h="35"/>
  <char offset_x="-12" offset_y="67" advance="44" rect_w="65" id="₤" rect_x="800" rect_y="882" rect_h="79"/>
  <char offset_x="-5" offset_y="67" advance="45" rect_w="54" id="€" rect_x="865" rect_y="882" rect_h="79"/>
 </chars>
</font>
