<payTable
        xmlns="http://www.atsisa.com/gox/gamelogic/payTable"
        xmlns:xsi="http://www.w3.org/2001/XMLSchema-instance"
        xsi:schemaLocation="http://www.atsisa.com/gox/gamelogic/payTable">
    <lineWinDescriptors>
        <lineWinDescriptor>
            <winDescriptor winId="0">
                <symbol id ="6" name="Symbol7" type="BaseSymbol"/>
                <symbolsAmount>5</symbolsAmount>
                <score>1000</score>
            </winDescriptor>
            <winLineCombinationStyles>
                <winLineCombinationStyle>LeftToRight</winLineCombinationStyle>
            </winLineCombinationStyles>
        </lineWinDescriptor>
        <lineWinDescriptor>
            <winDescriptor winId="1">
                <symbol id ="6" name="Symbol7" type="BaseSymbol"/>
                <symbolsAmount>4</symbolsAmount>
                <score>500</score>
            </winDescriptor>
            <winLineCombinationStyles>
                <winLineCombinationStyle>LeftToRight</winLineCombinationStyle>
            </winLineCombinationStyles>
        </lineWinDescriptor>
        <lineWinDescriptor>
            <winDescriptor winId="2">
                <symbol id ="6" name="Symbol7" type="BaseSymbol"/>
                <symbolsAmount>3</symbolsAmount>
                <score>250</score>
            </winDescriptor>
            <winLineCombinationStyles>
                <winLineCombinationStyle>LeftToRight</winLineCombinationStyle>
            </winLineCombinationStyles>
        </lineWinDescriptor>
        <lineWinDescriptor>
            <winDescriptor winId="3">
                <symbol id="5" name="Symbol6" type="BaseSymbol"/>
                <symbolsAmount>5</symbolsAmount>
                <score>800</score>
            </winDescriptor>
            <winLineCombinationStyles>
                <winLineCombinationStyle>LeftToRight</winLineCombinationStyle>
            </winLineCombinationStyles>
        </lineWinDescriptor>
        <lineWinDescriptor>
            <winDescriptor winId="4">
                <symbol id="5" name="Symbol6" type="BaseSymbol"/>
                <symbolsAmount>4</symbolsAmount>
                <score>400</score>
            </winDescriptor>
            <winLineCombinationStyles>
                <winLineCombinationStyle>LeftToRight</winLineCombinationStyle>
            </winLineCombinationStyles>
        </lineWinDescriptor>
        <lineWinDescriptor>
            <winDescriptor winId="5">
                <symbol id="5" name="Symbol6" type="BaseSymbol"/>
                <symbolsAmount>3</symbolsAmount>
                <score>200</score>
            </winDescriptor>
            <winLineCombinationStyles>
                <winLineCombinationStyle>LeftToRight</winLineCombinationStyle>
            </winLineCombinationStyles>
        </lineWinDescriptor>
        <lineWinDescriptor>
            <winDescriptor winId="6">
                <symbol id="4" name="Symbol5" type="BaseSymbol"/>
                <symbolsAmount>5</symbolsAmount>
                <score>600</score>
            </winDescriptor>
            <winLineCombinationStyles>
                <winLineCombinationStyle>LeftToRight</winLineCombinationStyle>
            </winLineCombinationStyles>
        </lineWinDescriptor>
        <lineWinDescriptor>
            <winDescriptor winId="7">
                <symbol id="4" name="Symbol5" type="BaseSymbol"/>
                <symbolsAmount>4</symbolsAmount>
                <score>300</score>
            </winDescriptor>
            <winLineCombinationStyles>
                <winLineCombinationStyle>LeftToRight</winLineCombinationStyle>
            </winLineCombinationStyles>
        </lineWinDescriptor>
        <lineWinDescriptor>
            <winDescriptor winId="8">
                <symbol id="4" name="Symbol5" type="BaseSymbol"/>
                <symbolsAmount>3</symbolsAmount>
                <score>150</score>
            </winDescriptor>
            <winLineCombinationStyles>
                <winLineCombinationStyle>LeftToRight</winLineCombinationStyle>
            </winLineCombinationStyles>
        </lineWinDescriptor>
        <lineWinDescriptor>
            <winDescriptor winId="9">
                <symbol id="3" name="Symbol4" type="BaseSymbol"/>
                <symbolsAmount>5</symbolsAmount>
                <score>400</score>
            </winDescriptor>
            <winLineCombinationStyles>
                <winLineCombinationStyle>LeftToRight</winLineCombinationStyle>
            </winLineCombinationStyles>
        </lineWinDescriptor>
        <lineWinDescriptor>
            <winDescriptor winId="10">
                <symbol id="3" name="Symbol4" type="BaseSymbol"/>
                <symbolsAmount>4</symbolsAmount>
                <score>200</score>
            </winDescriptor>
            <winLineCombinationStyles>
                <winLineCombinationStyle>LeftToRight</winLineCombinationStyle>
            </winLineCombinationStyles>
        </lineWinDescriptor>
        <lineWinDescriptor>
            <winDescriptor winId="11">
                <symbol id="3" name="Symbol4" type="BaseSymbol"/>
                <symbolsAmount>3</symbolsAmount>
                <score>100</score>
            </winDescriptor>
            <winLineCombinationStyles>
                <winLineCombinationStyle>LeftToRight</winLineCombinationStyle>
            </winLineCombinationStyles>
        </lineWinDescriptor>
        <lineWinDescriptor>
            <winDescriptor winId="12">
                <symbol id="2" name="Symbol3" type="BaseSymbol"/>
                <symbolsAmount>5</symbolsAmount>
                <score>200</score>
            </winDescriptor>
            <winLineCombinationStyles>
                <winLineCombinationStyle>LeftToRight</winLineCombinationStyle>
            </winLineCombinationStyles>
        </lineWinDescriptor>
        <lineWinDescriptor>
            <winDescriptor winId="13">
                <symbol id="2" name="Symbol3" type="BaseSymbol"/>
                <symbolsAmount>4</symbolsAmount>
                <score>100</score>
            </winDescriptor>
            <winLineCombinationStyles>
                <winLineCombinationStyle>LeftToRight</winLineCombinationStyle>
            </winLineCombinationStyles>
        </lineWinDescriptor>
        <lineWinDescriptor>
            <winDescriptor winId="14">
                <symbol id="2" name="Symbol3" type="BaseSymbol"/>
                <symbolsAmount>3</symbolsAmount>
                <score>50</score>
            </winDescriptor>
            <winLineCombinationStyles>
                <winLineCombinationStyle>LeftToRight</winLineCombinationStyle>
            </winLineCombinationStyles>
        </lineWinDescriptor>
        <lineWinDescriptor>
            <winDescriptor winId="15">
                <symbol id="1" name="Symbol2" type="BaseSymbol"/>
                <symbolsAmount>5</symbolsAmount>
                <score>100</score>
            </winDescriptor>
            <winLineCombinationStyles>
                <winLineCombinationStyle>LeftToRight</winLineCombinationStyle>
            </winLineCombinationStyles>
        </lineWinDescriptor>
        <lineWinDescriptor>
            <winDescriptor winId="16">
                <symbol id="1" name="Symbol2" type="BaseSymbol"/>
                <symbolsAmount>4</symbolsAmount>
                <score>50</score>
            </winDescriptor>
            <winLineCombinationStyles>
                <winLineCombinationStyle>LeftToRight</winLineCombinationStyle>
            </winLineCombinationStyles>
        </lineWinDescriptor>
        <lineWinDescriptor>
            <winDescriptor winId="17">
                <symbol id="1" name="Symbol2" type="BaseSymbol"/>
                <symbolsAmount>3</symbolsAmount>
                <score>25</score>
            </winDescriptor>
            <winLineCombinationStyles>
                <winLineCombinationStyle>LeftToRight</winLineCombinationStyle>
            </winLineCombinationStyles>
        </lineWinDescriptor>
        <lineWinDescriptor>
            <winDescriptor winId="18">
                <symbol id="0" name="Symbol1" type="BaseSymbol"/>
                <symbolsAmount>5</symbolsAmount>
                <score>50</score>
            </winDescriptor>
            <winLineCombinationStyles>
                <winLineCombinationStyle>LeftToRight</winLineCombinationStyle>
            </winLineCombinationStyles>
        </lineWinDescriptor>
        <lineWinDescriptor>
            <winDescriptor winId="19">
                <symbol id="0" name="Symbol1" type="BaseSymbol"/>
                <symbolsAmount>4</symbolsAmount>
                <score>25</score>
            </winDescriptor>
            <winLineCombinationStyles>
                <winLineCombinationStyle>LeftToRight</winLineCombinationStyle>
            </winLineCombinationStyles>
        </lineWinDescriptor>
        <lineWinDescriptor>
            <winDescriptor winId="20">
                <symbol id="0" name="Symbol1" type="BaseSymbol"/>
                <symbolsAmount>3</symbolsAmount>
                <score>10</score>
            </winDescriptor>
            <winLineCombinationStyles>
                <winLineCombinationStyle>LeftToRight</winLineCombinationStyle>
            </winLineCombinationStyles>
        </lineWinDescriptor>
    </lineWinDescriptors>
</payTable>