<reelsDescriptor
        xmlns="http://www.atsisa.com/gox/gamelogic/reelStrips"
        xmlns:xsi="http://www.w3.org/2001/XMLSchema-instance"
        xsi:schemaLocation="http://www.atsisa.com/gox/gamelogic/reelStrips">
    <reelStrips>
        <reelStrip number="0" type="BaseGame">
            <symbols>
                <symbol id="0" name="Symbol1" type="BaseSymbol"/>
                <symbol id="2" name="Symbol3" type="BaseSymbol"/>
                <symbol id="4" name="Symbol5" type="BaseSymbol"/>
                <symbol id="3" name="Symbol4" type="BaseSymbol"/>
                <symbol id="3" name="Symbol4" type="BaseSymbol"/>
                <symbol id="0" name="Symbol1" type="BaseSymbol"/>
                <symbol id="1" name="Symbol2" type="BaseSymbol"/>
                <symbol id="5" name="Symbol6" type="BaseSymbol"/>
                <symbol id="6" name="Symbol7" type="BaseSymbol"/>
            </symbols>
        </reelStrip>
        <reelStrip number="1" type="BaseGame">
            <symbols>
                <symbol id="3" name="Symbol4" type="BaseSymbol"/>
                <symbol id="4" name="Symbol5" type="BaseSymbol"/>
                <symbol id="5" name="Symbol6" type="BaseSymbol"/>
                <symbol id="0" name="Symbol1" type="BaseSymbol"/>
                <symbol id="0" name="Symbol1" type="BaseSymbol"/>
                <symbol id="1" name="Symbol2" type="BaseSymbol"/>
                <symbol id="1" name="Symbol2" type="BaseSymbol"/>
            </symbols>
        </reelStrip>
        <reelStrip number="2" type="BaseGame">
            <symbols>
                <symbol id="2" name="Symbol3" type="BaseSymbol"/>
                <symbol id="3" name="Symbol4" type="BaseSymbol"/>
                <symbol id="3" name="Symbol4" type="BaseSymbol"/>
                <symbol id="4" name="Symbol5" type="BaseSymbol"/>
                <symbol id="4" name="Symbol5" type="BaseSymbol"/>
                <symbol id="1" name="Symbol2" type="BaseSymbol"/>
                <symbol id="2" name="Symbol3" type="BaseSymbol"/>
                <symbol id="0" name="Symbol1" type="BaseSymbol"/>
            </symbols>
        </reelStrip>
        <reelStrip number="3" type="BaseGame">
            <symbols>
                <symbol id="5" name="Symbol6" type="BaseSymbol"/>
                <symbol id="0" name="Symbol1" type="BaseSymbol"/>
                <symbol id="0" name="Symbol1" type="BaseSymbol"/>
                <symbol id="6" name="Symbol7" type="BaseSymbol"/>
                <symbol id="6" name="Symbol7" type="BaseSymbol"/>
                <symbol id="2" name="Symbol3" type="BaseSymbol"/>
                <symbol id="1" name="Symbol2" type="BaseSymbol"/>
                <symbol id="2" name="Symbol3" type="BaseSymbol"/>
                <symbol id="3" name="Symbol4" type="BaseSymbol"/>
            </symbols>
        </reelStrip>
        <reelStrip number="4" type="BaseGame">
            <symbols>
                <symbol id="5" name="Symbol6" type="BaseSymbol"/>
                <symbol id="5" name="Symbol6" type="BaseSymbol"/>
                <symbol id="4" name="Symbol5" type="BaseSymbol"/>
                <symbol id="3" name="Symbol4" type="BaseSymbol"/>
                <symbol id="2" name="Symbol3" type="BaseSymbol"/>
                <symbol id="2" name="Symbol3" type="BaseSymbol"/>
                <symbol id="1" name="Symbol2" type="BaseSymbol"/>
                <symbol id="0" name="Symbol1" type="BaseSymbol"/>
                <symbol id="2" name="Symbol3" type="BaseSymbol"/>
            </symbols>
        </reelStrip>
    </reelStrips>
</reelsDescriptor>