<reelsGameConfiguration xmlns:xsi="http://www.w3.org/2001/XMLSchema-instance"
                        xsi:schemaLocation=""
                        xmlns="http://www.atsisa.com/gox/gamelogic/reelsGameConfiguration">

    <reelsLayout>
        <rows>3</rows>
        <reels>5</reels>
    </reelsLayout>
    <initialParameters>
        <betPerLine>10</betPerLine>
        <linesAmount>9</linesAmount>
    </initialParameters>
    <maxWin>100000000</maxWin>
    <betSteps>
        <betStep>1</betStep>
        <betStep>5</betStep>
        <betStep>10</betStep>
        <betStep>15</betStep>
        <betStep>20</betStep>
        <betStep>25</betStep>
        <betStep>30</betStep>
        <betStep>35</betStep>
        <betStep>40</betStep>
        <betStep>45</betStep>
        <betStep>50</betStep>
    </betSteps>
    <lineSteps>
        <lineStep>1</lineStep>
        <lineStep>3</lineStep>
        <lineStep>5</lineStep>
        <lineStep>7</lineStep>
        <lineStep>9</lineStep>
    </lineSteps>

</reelsGameConfiguration>
