<?xml version="1.0" encoding="UTF-8"?>
<TextureAtlas imagePath="gox_animation_3.png" width="2048" height="2048">
	<sprites>
		<sprite n="GOX_anim_v1_00044.png" x="2" y="2" w="800" h="450"/>
		<sprite n="GOX_anim_v1_00045.png" x="804" y="2" w="800" h="450"/>
		<sprite n="GOX_anim_v1_00046.png" x="2" y="454" w="800" h="450"/>
		<sprite n="GOX_anim_v1_00047.png" x="804" y="454" w="800" h="450"/>
		<sprite n="GOX_anim_v1_00048.png" x="2" y="906" w="800" h="450"/>
		<sprite n="GOX_anim_v1_00049.png" x="2" y="1358" w="800" h="450"/>
		<sprite n="GOX_anim_v1_00050.png" x="804" y="906" w="800" h="450"/>
		<sprite n="GOX_anim_v1_00051.png" x="804" y="1358" w="800" h="450"/>
	</sprites>
</TextureAtlas>
