<?xml version="1.0" encoding="UTF-8"?>
<TextureAtlas imagePath="gox_animation_4.png" width="2048" height="2048">
	<sprites>
		<sprite n="GOX_anim_v1_00036.png" x="2" y="2" w="800" h="450"/>
		<sprite n="GOX_anim_v1_00037.png" x="804" y="2" w="800" h="450"/>
		<sprite n="GOX_anim_v1_00038.png" x="2" y="454" w="800" h="450"/>
		<sprite n="GOX_anim_v1_00039.png" x="804" y="454" w="800" h="450"/>
		<sprite n="GOX_anim_v1_00040.png" x="2" y="906" w="800" h="450"/>
		<sprite n="GOX_anim_v1_00041.png" x="2" y="1358" w="800" h="450"/>
		<sprite n="GOX_anim_v1_00042.png" x="804" y="906" w="800" h="450"/>
		<sprite n="GOX_anim_v1_00043.png" x="804" y="1358" w="800" h="450"/>
	</sprites>
</TextureAtlas>
