<?xml version="1.0" encoding="UTF-8"?>
<TextureAtlas imagePath="gox_animation_0.png" width="2048" height="2048">
	<sprites>
		<sprite n="GOX_anim_v1_00068.png" x="2" y="2" w="800" h="450"/>
		<sprite n="GOX_anim_v1_00069.png" x="804" y="2" w="800" h="450"/>
		<sprite n="GOX_anim_v1_00070.png" x="2" y="454" w="800" h="450"/>
		<sprite n="GOX_anim_v1_00071.png" x="804" y="454" w="800" h="450"/>
		<sprite n="GOX_anim_v1_00072.png" x="2" y="906" w="800" h="450"/>
		<sprite n="GOX_anim_v1_00073.png" x="2" y="1358" w="800" h="450"/>
		<sprite n="GOX_anim_v1_00074.png" x="804" y="906" w="800" h="450"/>
		<sprite n="GOX_anim_v1_00075.png" x="804" y="1358" w="800" h="450"/>
	</sprites>
</TextureAtlas>
