<?xml version="1.0" encoding="UTF-8"?>
<TextureAtlas imagePath="gox_animation_1.png" width="2048" height="2048">
	<sprites>
		<sprite n="GOX_anim_v1_00060.png" x="2" y="2" w="800" h="450"/>
		<sprite n="GOX_anim_v1_00061.png" x="804" y="2" w="800" h="450"/>
		<sprite n="GOX_anim_v1_00062.png" x="2" y="454" w="800" h="450"/>
		<sprite n="GOX_anim_v1_00063.png" x="804" y="454" w="800" h="450"/>
		<sprite n="GOX_anim_v1_00064.png" x="2" y="906" w="800" h="450"/>
		<sprite n="GOX_anim_v1_00065.png" x="2" y="1358" w="800" h="450"/>
		<sprite n="GOX_anim_v1_00066.png" x="804" y="906" w="800" h="450"/>
		<sprite n="GOX_anim_v1_00067.png" x="804" y="1358" w="800" h="450"/>
	</sprites>
</TextureAtlas>
