<?xml version="1.0" encoding="UTF-8"?>
<TextureAtlas imagePath="gox_animation_2.png" width="2048" height="2048">
	<sprites>
		<sprite n="GOX_anim_v1_00052.png" x="2" y="2" w="800" h="450"/>
		<sprite n="GOX_anim_v1_00053.png" x="804" y="2" w="800" h="450"/>
		<sprite n="GOX_anim_v1_00054.png" x="2" y="454" w="800" h="450"/>
		<sprite n="GOX_anim_v1_00055.png" x="804" y="454" w="800" h="450"/>
		<sprite n="GOX_anim_v1_00056.png" x="2" y="906" w="800" h="450"/>
		<sprite n="GOX_anim_v1_00057.png" x="2" y="1358" w="800" h="450"/>
		<sprite n="GOX_anim_v1_00058.png" x="804" y="906" w="800" h="450"/>
		<sprite n="GOX_anim_v1_00059.png" x="804" y="1358" w="800" h="450"/>
	</sprites>
</TextureAtlas>
