<reelsDescriptor
        xmlns="http://www.atsisa.com/gox/gamelogic/reelStrips"
        xmlns:xsi="http://www.w3.org/2001/XMLSchema-instance"
        xsi:schemaLocation="http://www.atsisa.com/gox/gamelogic/reelStrips">
    <reelStrips>
        <reelStrip number="0" type="FreeGame">
            <symbols>
                <!--<symbol id="18" name="Wild2" type="BaseSymbol"/>-->
                <!--<symbol id="3" name="Blue" type="BaseSymbol"/>-->
                <symbol id="3" name="Blue" type="BaseSymbol"/>
                <symbol id="10" name="Blue2" type="BaseSymbol"/>
                <symbol id="3" name="Blue" type="BaseSymbol"/>
                <symbol id="8" name="SymbolJ" type="BaseSymbol"/>
                <symbol id="9" name="Symbol10" type="BaseSymbol"/>
                <symbol id="7" name="SymbolQ" type="BaseSymbol"/>
                <symbol id="5" name="SymbolA" type="BaseSymbol"/>
                <symbol id="6" name="SymbolK" type="BaseSymbol"/>
                <symbol id="0" name="Green" type="BaseSymbol"/>
                <symbol id="12" name="Green2" type="BaseSymbol"/>
                <symbol id="0" name="Green" type="BaseSymbol"/>
                <symbol id="7" name="SymbolQ" type="BaseSymbol"/>
                <symbol id="9" name="Symbol10" type="BaseSymbol"/>
                <symbol id="15" name="Scatter" type="ScatterSymbol"/>
                <symbol id="6" name="SymbolK" type="BaseSymbol"/>
                <symbol id="8" name="SymbolJ" type="BaseSymbol"/>
                <symbol id="7" name="SymbolQ" type="BaseSymbol"/>
                <symbol id="9" name="Symbol10" type="BaseSymbol"/>
                <symbol id="4" name="Violet" type="BaseSymbol"/>
                <symbol id="11" name="Violet2" type="BaseSymbol"/>
                <symbol id="4" name="Violet" type="BaseSymbol"/>
                <symbol id="5" name="SymbolA" type="BaseSymbol"/>
                <symbol id="7" name="SymbolQ" type="BaseSymbol"/>
                <symbol id="8" name="SymbolJ" type="BaseSymbol"/>
                <symbol id="9" name="Symbol10" type="BaseSymbol"/>
                <symbol id="5" name="SymbolA" type="BaseSymbol"/>
                <symbol id="7" name="SymbolQ" type="BaseSymbol"/>
                <symbol id="8" name="SymbolJ" type="BaseSymbol"/>
                <symbol id="4" name="Violet" type="BaseSymbol"/>
                <symbol id="11" name="Violet2" type="BaseSymbol"/>
                <symbol id="4" name="Violet" type="BaseSymbol"/>
                <symbol id="15" name="Scatter" type="ScatterSymbol"/>
                <symbol id="2" name="Pink" type="BaseSymbol"/>
                <symbol id="14" name="Pink2" type="BaseSymbol"/>
                <symbol id="2" name="Pink" type="BaseSymbol"/>
                <symbol id="8" name="SymbolJ" type="BaseSymbol"/>
                <symbol id="7" name="SymbolQ" type="BaseSymbol"/>
                <symbol id="9" name="Symbol10" type="BaseSymbol"/>
                <symbol id="5" name="SymbolA" type="BaseSymbol"/>
                <symbol id="0" name="Green" type="BaseSymbol"/>
                <symbol id="12" name="Green2" type="BaseSymbol"/>
                <symbol id="0" name="Green" type="BaseSymbol"/>
                <symbol id="8" name="SymbolJ" type="BaseSymbol"/>
                <symbol id="7" name="SymbolQ" type="BaseSymbol"/>
                <symbol id="6" name="SymbolK" type="BaseSymbol"/>
                <symbol id="9" name="Symbol10" type="BaseSymbol"/>
                <symbol id="2" name="Pink" type="BaseSymbol"/>
                <symbol id="14" name="Pink2" type="BaseSymbol"/>
                <symbol id="2" name="Pink" type="BaseSymbol"/>
                <symbol id="6" name="SymbolK" type="BaseSymbol"/>
                <symbol id="9" name="Symbol10" type="BaseSymbol"/>
                <symbol id="1" name="Yellow" type="BaseSymbol"/>
                <symbol id="13" name="Yellow2" type="BaseSymbol"/>
                <symbol id="1" name="Yellow" type="BaseSymbol"/>
                <symbol id="8" name="SymbolJ" type="BaseSymbol"/>
                <symbol id="5" name="SymbolA" type="BaseSymbol"/>
                <symbol id="7" name="SymbolQ" type="BaseSymbol"/>
                <symbol id="1" name="Yellow" type="BaseSymbol"/>
                <symbol id="13" name="Yellow2" type="BaseSymbol"/>
                <symbol id="1" name="Yellow" type="BaseSymbol"/>
                <symbol id="6" name="SymbolK" type="BaseSymbol"/>
                <symbol id="19" name="TrackR" type="BaseSymbol"/>
                <symbol id="16" name="Track" type="BaseSymbol"/>
                <symbol id="19" name="TrackR" type="BaseSymbol"/>
                <symbol id="16" name="Track" type="BaseSymbol"/>
                <symbol id="19" name="TrackR" type="BaseSymbol"/>
                <symbol id="16" name="Track" type="BaseSymbol"/>
                <symbol id="19" name="TrackR" type="BaseSymbol"/>
                <symbol id="16" name="Track" type="BaseSymbol"/>
                <symbol id="19" name="TrackR" type="BaseSymbol"/>
                <symbol id="16" name="Track" type="BaseSymbol"/>
                <symbol id="19" name="TrackR" type="BaseSymbol"/>
                <symbol id="16" name="Track" type="BaseSymbol"/>
                <symbol id="19" name="TrackR" type="BaseSymbol"/>
                <symbol id="16" name="Track" type="BaseSymbol"/>
                <symbol id="19" name="TrackR" type="BaseSymbol"/>
                <symbol id="16" name="Track" type="BaseSymbol"/>
                <symbol id="19" name="TrackR" type="BaseSymbol"/>
                <symbol id="16" name="Track" type="BaseSymbol"/>
                <symbol id="19" name="TrackR" type="BaseSymbol"/>
                <symbol id="16" name="Track" type="BaseSymbol"/>
                <symbol id="19" name="TrackR" type="BaseSymbol"/>
                <symbol id="16" name="Track" type="BaseSymbol"/>
                <symbol id="19" name="TrackR" type="BaseSymbol"/>
                <symbol id="16" name="Track" type="BaseSymbol"/>
                <symbol id="19" name="TrackR" type="BaseSymbol"/>
                <symbol id="16" name="Track" type="BaseSymbol"/>
                <symbol id="19" name="TrackR" type="BaseSymbol"/>
                <symbol id="16" name="Track" type="BaseSymbol"/>
                <symbol id="19" name="TrackR" type="BaseSymbol"/>
                <symbol id="16" name="Track" type="BaseSymbol"/>
                <symbol id="19" name="TrackR" type="BaseSymbol"/>
                <symbol id="16" name="Track" type="BaseSymbol"/>
                <symbol id="19" name="TrackR" type="BaseSymbol"/>
                <symbol id="16" name="Track" type="BaseSymbol"/>
                <symbol id="19" name="TrackR" type="BaseSymbol"/>
                <symbol id="16" name="Track" type="BaseSymbol"/>
                <symbol id="19" name="TrackR" type="BaseSymbol"/>
                <symbol id="16" name="Track" type="BaseSymbol"/>
                <symbol id="19" name="TrackR" type="BaseSymbol"/>
                <symbol id="16" name="Track" type="BaseSymbol"/>
                <symbol id="19" name="TrackR" type="BaseSymbol"/>
                <symbol id="16" name="Track" type="BaseSymbol"/>
                <symbol id="19" name="TrackR" type="BaseSymbol"/>
                <symbol id="16" name="Track" type="BaseSymbol"/>
                <symbol id="9" name="Symbol10" type="BaseSymbol"/>
                <symbol id="5" name="SymbolA" type="BaseSymbol"/>
                <symbol id="8" name="SymbolJ" type="BaseSymbol"/>
                <symbol id="7" name="SymbolQ" type="BaseSymbol"/>
                <symbol id="6" name="SymbolK" type="BaseSymbol"/>
                <symbol id="5" name="SymbolA" type="BaseSymbol"/>
                <symbol id="3" name="Blue" type="BaseSymbol"/>
                <symbol id="10" name="Blue2" type="BaseSymbol"/>
                <symbol id="3" name="Blue" type="BaseSymbol"/>
                <symbol id="9" name="Symbol10" type="BaseSymbol"/>
                <symbol id="8" name="SymbolJ" type="BaseSymbol"/>
                <symbol id="6" name="SymbolK" type="BaseSymbol"/>
                <symbol id="15" name="Scatter" type="ScatterSymbol"/>
                <symbol id="7" name="SymbolQ" type="BaseSymbol"/>
                <symbol id="9" name="Symbol10" type="BaseSymbol"/>
                <symbol id="8" name="SymbolJ" type="BaseSymbol"/>
                <symbol id="5" name="SymbolA" type="BaseSymbol"/>
                <symbol id="6" name="SymbolK" type="BaseSymbol"/>
            </symbols>
        </reelStrip>
        <reelStrip number="1" type="FreeGame">
            <symbols>
                <!--<symbol id="18" name="Wild2" type="BaseSymbol"/>-->
                <symbol id="0" name="Green" type="BaseSymbol"/>
                <symbol id="12" name="Green2" type="BaseSymbol"/>
                <symbol id="0" name="Green" type="BaseSymbol"/>
                <symbol id="9" name="Symbol10" type="BaseSymbol"/>
                <symbol id="4" name="Violet" type="BaseSymbol"/>
                <symbol id="11" name="Violet2" type="BaseSymbol"/>
                <symbol id="4" name="Violet" type="BaseSymbol"/>
                <symbol id="17" name="Wild" type="WildSymbol"/>
                <symbol id="6" name="SymbolK" type="BaseSymbol"/>
                <symbol id="7" name="SymbolQ" type="BaseSymbol"/>
                <symbol id="5" name="SymbolA" type="BaseSymbol"/>
                <symbol id="1" name="Yellow" type="BaseSymbol"/>
                <symbol id="13" name="Yellow2" type="BaseSymbol"/>
                <symbol id="1" name="Yellow" type="BaseSymbol"/>
                <symbol id="8" name="SymbolJ" type="BaseSymbol"/>
                <symbol id="15" name="Scatter" type="ScatterSymbol"/>
                <symbol id="9" name="Symbol10" type="BaseSymbol"/>
                <symbol id="0" name="Green" type="BaseSymbol"/>
                <symbol id="12" name="Green2" type="BaseSymbol"/>
                <symbol id="0" name="Green" type="BaseSymbol"/>
                <symbol id="6" name="SymbolK" type="BaseSymbol"/>
                <symbol id="8" name="SymbolJ" type="BaseSymbol"/>
                <symbol id="7" name="SymbolQ" type="BaseSymbol"/>
                <symbol id="17" name="Wild" type="WildSymbol"/>
                <symbol id="5" name="SymbolA" type="BaseSymbol"/>
                <symbol id="8" name="SymbolJ" type="BaseSymbol"/>
                <symbol id="2" name="Pink" type="BaseSymbol"/>
                <symbol id="14" name="Pink2" type="BaseSymbol"/>
                <symbol id="2" name="Pink" type="BaseSymbol"/>
                <symbol id="3" name="Blue" type="BaseSymbol"/>
                <symbol id="10" name="Blue2" type="BaseSymbol"/>
                <symbol id="3" name="Blue" type="BaseSymbol"/>
                <symbol id="9" name="Symbol10" type="BaseSymbol"/>
                <symbol id="7" name="SymbolQ" type="BaseSymbol"/>
                <symbol id="8" name="SymbolJ" type="BaseSymbol"/>
                <symbol id="6" name="SymbolK" type="BaseSymbol"/>
                <symbol id="9" name="Symbol10" type="BaseSymbol"/>
                <symbol id="3" name="Blue" type="BaseSymbol"/>
                <symbol id="10" name="Blue2" type="BaseSymbol"/>
                <symbol id="3" name="Blue" type="BaseSymbol"/>
                <symbol id="7" name="SymbolQ" type="BaseSymbol"/>
                <symbol id="6" name="SymbolK" type="BaseSymbol"/>
                <symbol id="1" name="Yellow" type="BaseSymbol"/>
                <symbol id="13" name="Yellow2" type="BaseSymbol"/>
                <symbol id="1" name="Yellow" type="BaseSymbol"/>
                <symbol id="9" name="Symbol10" type="BaseSymbol"/>
                <symbol id="8" name="SymbolJ" type="BaseSymbol"/>
                <symbol id="7" name="SymbolQ" type="BaseSymbol"/>
                <symbol id="5" name="SymbolA" type="BaseSymbol"/>
                <symbol id="9" name="Symbol10" type="BaseSymbol"/>
                <symbol id="16" name="Track" type="BaseSymbol"/>
                <symbol id="19" name="TrackR" type="BaseSymbol"/>
                <symbol id="16" name="Track" type="BaseSymbol"/>
                <symbol id="19" name="TrackR" type="BaseSymbol"/>
                <symbol id="16" name="Track" type="BaseSymbol"/>
                <symbol id="19" name="TrackR" type="BaseSymbol"/>
                <symbol id="16" name="Track" type="BaseSymbol"/>
                <symbol id="19" name="TrackR" type="BaseSymbol"/>
                <symbol id="16" name="Track" type="BaseSymbol"/>
                <symbol id="19" name="TrackR" type="BaseSymbol"/>
                <symbol id="16" name="Track" type="BaseSymbol"/>
                <symbol id="19" name="TrackR" type="BaseSymbol"/>
                <symbol id="16" name="Track" type="BaseSymbol"/>
                <symbol id="19" name="TrackR" type="BaseSymbol"/>
                <symbol id="16" name="Track" type="BaseSymbol"/>
                <symbol id="19" name="TrackR" type="BaseSymbol"/>
                <symbol id="16" name="Track" type="BaseSymbol"/>
                <symbol id="19" name="TrackR" type="BaseSymbol"/>
                <symbol id="16" name="Track" type="BaseSymbol"/>
                <symbol id="19" name="TrackR" type="BaseSymbol"/>
                <symbol id="16" name="Track" type="BaseSymbol"/>
                <symbol id="19" name="TrackR" type="BaseSymbol"/>
                <symbol id="16" name="Track" type="BaseSymbol"/>
                <symbol id="19" name="TrackR" type="BaseSymbol"/>
                <symbol id="16" name="Track" type="BaseSymbol"/>
                <symbol id="19" name="TrackR" type="BaseSymbol"/>
                <symbol id="16" name="Track" type="BaseSymbol"/>
                <symbol id="19" name="TrackR" type="BaseSymbol"/>
                <symbol id="16" name="Track" type="BaseSymbol"/>
                <symbol id="19" name="TrackR" type="BaseSymbol"/>
                <symbol id="16" name="Track" type="BaseSymbol"/>
                <symbol id="19" name="TrackR" type="BaseSymbol"/>
                <symbol id="16" name="Track" type="BaseSymbol"/>
                <symbol id="19" name="TrackR" type="BaseSymbol"/>
                <symbol id="16" name="Track" type="BaseSymbol"/>
                <symbol id="19" name="TrackR" type="BaseSymbol"/>
                <symbol id="16" name="Track" type="BaseSymbol"/>
                <symbol id="19" name="TrackR" type="BaseSymbol"/>
                <symbol id="16" name="Track" type="BaseSymbol"/>
                <symbol id="19" name="TrackR" type="BaseSymbol"/>
                <symbol id="16" name="Track" type="BaseSymbol"/>
                <symbol id="19" name="TrackR" type="BaseSymbol"/>
                <symbol id="16" name="Track" type="BaseSymbol"/>
                <symbol id="19" name="TrackR" type="BaseSymbol"/>
                <symbol id="6" name="SymbolK" type="BaseSymbol"/>
                <symbol id="4" name="Violet" type="BaseSymbol"/>
                <symbol id="11" name="Violet2" type="BaseSymbol"/>
                <symbol id="4" name="Violet" type="BaseSymbol"/>
                <symbol id="8" name="SymbolJ" type="BaseSymbol"/>
                <symbol id="7" name="SymbolQ" type="BaseSymbol"/>
                <symbol id="9" name="Symbol10" type="BaseSymbol"/>
                <symbol id="15" name="Scatter" type="ScatterSymbol"/>
                <symbol id="8" name="SymbolJ" type="BaseSymbol"/>
                <symbol id="5" name="SymbolA" type="BaseSymbol"/>
                <symbol id="6" name="SymbolK" type="BaseSymbol"/>
                <symbol id="17" name="Wild" type="WildSymbol"/>
                <symbol id="8" name="SymbolJ" type="BaseSymbol"/>
                <symbol id="9" name="Symbol10" type="BaseSymbol"/>
                <symbol id="7" name="SymbolQ" type="BaseSymbol"/>
                <symbol id="5" name="SymbolA" type="BaseSymbol"/>
                <symbol id="6" name="SymbolK" type="BaseSymbol"/>
                <symbol id="9" name="Symbol10" type="BaseSymbol"/>
                <symbol id="7" name="SymbolQ" type="BaseSymbol"/>
                <symbol id="5" name="SymbolA" type="BaseSymbol"/>
                <symbol id="2" name="Pink" type="BaseSymbol"/>
                <symbol id="14" name="Pink2" type="BaseSymbol"/>
                <symbol id="2" name="Pink" type="BaseSymbol"/>
                <symbol id="8" name="SymbolJ" type="BaseSymbol"/>
                <symbol id="6" name="SymbolK" type="BaseSymbol"/>
                <symbol id="5" name="SymbolA" type="BaseSymbol"/>
                <symbol id="17" name="Wild" type="WildSymbol"/>
                <symbol id="8" name="SymbolJ" type="BaseSymbol"/>
                <symbol id="7" name="SymbolQ" type="BaseSymbol"/>
                <symbol id="5" name="SymbolA" type="BaseSymbol"/>
                <symbol id="9" name="Symbol10" type="BaseSymbol"/>
                <symbol id="15" name="Scatter" type="ScatterSymbol"/>
                <symbol id="7" name="SymbolQ" type="BaseSymbol"/>
            </symbols>
        </reelStrip>
        <reelStrip number="2" type="FreeGame">
            <symbols>
                <!--<symbol id="18" name="Wild2" type="BaseSymbol"/>-->
                <symbol id="0" name="Green" type="BaseSymbol"/>
                <symbol id="12" name="Green2" type="BaseSymbol"/>
                <symbol id="0" name="Green" type="BaseSymbol"/>
                <symbol id="9" name="Symbol10" type="BaseSymbol"/>
                <symbol id="6" name="SymbolK" type="BaseSymbol"/>
                <symbol id="7" name="SymbolQ" type="BaseSymbol"/>
                <symbol id="8" name="SymbolJ" type="BaseSymbol"/>
                <symbol id="4" name="Violet" type="BaseSymbol"/>
                <symbol id="11" name="Violet2" type="BaseSymbol"/>
                <symbol id="4" name="Violet" type="BaseSymbol"/>
                <symbol id="9" name="Symbol10" type="BaseSymbol"/>
                <symbol id="5" name="SymbolA" type="BaseSymbol"/>
                <symbol id="7" name="SymbolQ" type="BaseSymbol"/>
                <symbol id="1" name="Yellow" type="BaseSymbol"/>
                <symbol id="13" name="Yellow2" type="BaseSymbol"/>
                <symbol id="1" name="Yellow" type="BaseSymbol"/>
                <symbol id="4" name="Violet" type="BaseSymbol"/>
                <symbol id="11" name="Violet2" type="BaseSymbol"/>
                <symbol id="4" name="Violet" type="BaseSymbol"/>
                <symbol id="6" name="SymbolK" type="BaseSymbol"/>
                <symbol id="3" name="Blue" type="BaseSymbol"/>
                <symbol id="10" name="Blue2" type="BaseSymbol"/>
                <symbol id="3" name="Blue" type="BaseSymbol"/>
                <symbol id="5" name="SymbolA" type="BaseSymbol"/>
                <symbol id="17" name="Wild" type="WildSymbol"/>
                <symbol id="6" name="SymbolK" type="BaseSymbol"/>
                <symbol id="9" name="Symbol10" type="BaseSymbol"/>
                <symbol id="8" name="SymbolJ" type="BaseSymbol"/>
                <symbol id="5" name="SymbolA" type="BaseSymbol"/>
                <symbol id="17" name="Wild" type="WildSymbol"/>
                <symbol id="9" name="Symbol10" type="BaseSymbol"/>
                <symbol id="1" name="Yellow" type="BaseSymbol"/>
                <symbol id="13" name="Yellow2" type="BaseSymbol"/>
                <symbol id="1" name="Yellow" type="BaseSymbol"/>
                <symbol id="6" name="SymbolK" type="BaseSymbol"/>
                <symbol id="8" name="SymbolJ" type="BaseSymbol"/>
                <symbol id="9" name="Symbol10" type="BaseSymbol"/>
                <symbol id="7" name="SymbolQ" type="BaseSymbol"/>
                <symbol id="6" name="SymbolK" type="BaseSymbol"/>
                <symbol id="17" name="Wild" type="WildSymbol"/>
                <symbol id="8" name="SymbolJ" type="BaseSymbol"/>
                <symbol id="5" name="SymbolA" type="BaseSymbol"/>
                <symbol id="7" name="SymbolQ" type="BaseSymbol"/>
                <symbol id="9" name="Symbol10" type="BaseSymbol"/>
                <symbol id="8" name="SymbolJ" type="BaseSymbol"/>
                <symbol id="15" name="Scatter" type="ScatterSymbol"/>
                <symbol id="6" name="SymbolK" type="BaseSymbol"/>
                <symbol id="7" name="SymbolQ" type="BaseSymbol"/>
                <symbol id="5" name="SymbolA" type="BaseSymbol"/>
                <symbol id="3" name="Blue" type="BaseSymbol"/>
                <symbol id="10" name="Blue2" type="BaseSymbol"/>
                <symbol id="3" name="Blue" type="BaseSymbol"/>
                <symbol id="9" name="Symbol10" type="BaseSymbol"/>
                <symbol id="8" name="SymbolJ" type="BaseSymbol"/>
                <symbol id="7" name="SymbolQ" type="BaseSymbol"/>
                <symbol id="5" name="SymbolA" type="BaseSymbol"/>
                <symbol id="15" name="Scatter" type="ScatterSymbol"/>
                <symbol id="8" name="SymbolJ" type="BaseSymbol"/>
                <symbol id="7" name="SymbolQ" type="BaseSymbol"/>
                <symbol id="2" name="Pink" type="BaseSymbol"/>
                <symbol id="14" name="Pink2" type="BaseSymbol"/>
                <symbol id="2" name="Pink" type="BaseSymbol"/>
                <symbol id="5" name="SymbolA" type="BaseSymbol"/>
                <symbol id="0" name="Green" type="BaseSymbol"/>
                <symbol id="12" name="Green2" type="BaseSymbol"/>
                <symbol id="0" name="Green" type="BaseSymbol"/>
                <symbol id="7" name="SymbolQ" type="BaseSymbol"/>
                <symbol id="19" name="TrackR" type="BaseSymbol"/>
                <symbol id="16" name="Track" type="BaseSymbol"/>
                <symbol id="19" name="TrackR" type="BaseSymbol"/>
                <symbol id="16" name="Track" type="BaseSymbol"/>
                <symbol id="19" name="TrackR" type="BaseSymbol"/>
                <symbol id="16" name="Track" type="BaseSymbol"/>
                <symbol id="19" name="TrackR" type="BaseSymbol"/>
                <symbol id="16" name="Track" type="BaseSymbol"/>
                <symbol id="19" name="TrackR" type="BaseSymbol"/>
                <symbol id="16" name="Track" type="BaseSymbol"/>
                <symbol id="19" name="TrackR" type="BaseSymbol"/>
                <symbol id="16" name="Track" type="BaseSymbol"/>
                <symbol id="19" name="TrackR" type="BaseSymbol"/>
                <symbol id="16" name="Track" type="BaseSymbol"/>
                <symbol id="19" name="TrackR" type="BaseSymbol"/>
                <symbol id="16" name="Track" type="BaseSymbol"/>
                <symbol id="19" name="TrackR" type="BaseSymbol"/>
                <symbol id="16" name="Track" type="BaseSymbol"/>
                <symbol id="19" name="TrackR" type="BaseSymbol"/>
                <symbol id="16" name="Track" type="BaseSymbol"/>
                <symbol id="19" name="TrackR" type="BaseSymbol"/>
                <symbol id="16" name="Track" type="BaseSymbol"/>
                <symbol id="19" name="TrackR" type="BaseSymbol"/>
                <symbol id="16" name="Track" type="BaseSymbol"/>
                <symbol id="19" name="TrackR" type="BaseSymbol"/>
                <symbol id="16" name="Track" type="BaseSymbol"/>
                <symbol id="19" name="TrackR" type="BaseSymbol"/>
                <symbol id="16" name="Track" type="BaseSymbol"/>
                <symbol id="19" name="TrackR" type="BaseSymbol"/>
                <symbol id="16" name="Track" type="BaseSymbol"/>
                <symbol id="19" name="TrackR" type="BaseSymbol"/>
                <symbol id="16" name="Track" type="BaseSymbol"/>
                <symbol id="19" name="TrackR" type="BaseSymbol"/>
                <symbol id="16" name="Track" type="BaseSymbol"/>
                <symbol id="19" name="TrackR" type="BaseSymbol"/>
                <symbol id="16" name="Track" type="BaseSymbol"/>
                <symbol id="19" name="TrackR" type="BaseSymbol"/>
                <symbol id="16" name="Track" type="BaseSymbol"/>
                <symbol id="19" name="TrackR" type="BaseSymbol"/>
                <symbol id="16" name="Track" type="BaseSymbol"/>
                <symbol id="19" name="TrackR" type="BaseSymbol"/>
                <symbol id="16" name="Track" type="BaseSymbol"/>
                <symbol id="19" name="TrackR" type="BaseSymbol"/>
                <symbol id="16" name="Track" type="BaseSymbol"/>
                <symbol id="6" name="SymbolK" type="BaseSymbol"/>
                <symbol id="9" name="Symbol10" type="BaseSymbol"/>
                <symbol id="8" name="SymbolJ" type="BaseSymbol"/>
                <symbol id="2" name="Pink" type="BaseSymbol"/>
                <symbol id="14" name="Pink2" type="BaseSymbol"/>
                <symbol id="2" name="Pink" type="BaseSymbol"/>
                <symbol id="15" name="Scatter" type="ScatterSymbol"/>
                <symbol id="9" name="Symbol10" type="BaseSymbol"/>
                <symbol id="7" name="SymbolQ" type="BaseSymbol"/>
                <symbol id="6" name="SymbolK" type="BaseSymbol"/>
                <symbol id="17" name="Wild" type="WildSymbol"/>
                <symbol id="8" name="SymbolJ" type="BaseSymbol"/>
                <symbol id="9" name="Symbol10" type="BaseSymbol"/>
                <symbol id="7" name="SymbolQ" type="BaseSymbol"/>
                <symbol id="5" name="SymbolA" type="BaseSymbol"/>
                <symbol id="8" name="SymbolJ" type="BaseSymbol"/>
            </symbols>
        </reelStrip>
        <reelStrip number="3" type="FreeGame">
            <symbols>
                <!--<symbol id="18" name="Wild2" type="BaseSymbol"/>-->
                <symbol id="7" name="SymbolQ" type="BaseSymbol"/>
                <symbol id="8" name="SymbolJ" type="BaseSymbol"/>
                <symbol id="6" name="SymbolK" type="BaseSymbol"/>
                <symbol id="9" name="Symbol10" type="BaseSymbol"/>
                <symbol id="17" name="Wild" type="WildSymbol"/>
                <symbol id="8" name="SymbolJ" type="BaseSymbol"/>
                <symbol id="4" name="Violet" type="BaseSymbol"/>
                <symbol id="11" name="Violet2" type="BaseSymbol"/>
                <symbol id="4" name="Violet" type="BaseSymbol"/>
                <symbol id="7" name="SymbolQ" type="BaseSymbol"/>
                <symbol id="6" name="SymbolK" type="BaseSymbol"/>
                <symbol id="17" name="Wild" type="WildSymbol"/>
                <symbol id="9" name="Symbol10" type="BaseSymbol"/>
                <symbol id="5" name="SymbolA" type="BaseSymbol"/>
                <symbol id="8" name="SymbolJ" type="BaseSymbol"/>
                <symbol id="2" name="Pink" type="BaseSymbol"/>
                <symbol id="14" name="Pink2" type="BaseSymbol"/>
                <symbol id="2" name="Pink" type="BaseSymbol"/>
                <symbol id="6" name="SymbolK" type="BaseSymbol"/>
                <symbol id="17" name="Wild" type="WildSymbol"/>
                <symbol id="5" name="SymbolA" type="BaseSymbol"/>
                <symbol id="9" name="Symbol10" type="BaseSymbol"/>
                <symbol id="7" name="SymbolQ" type="BaseSymbol"/>
                <symbol id="8" name="SymbolJ" type="BaseSymbol"/>
                <symbol id="5" name="SymbolA" type="BaseSymbol"/>
                <symbol id="2" name="Pink" type="BaseSymbol"/>
                <symbol id="14" name="Pink2" type="BaseSymbol"/>
                <symbol id="2" name="Pink" type="BaseSymbol"/>
                <symbol id="1" name="Yellow" type="BaseSymbol"/>
                <symbol id="13" name="Yellow2" type="BaseSymbol"/>
                <symbol id="1" name="Yellow" type="BaseSymbol"/>
                <symbol id="7" name="SymbolQ" type="BaseSymbol"/>
                <symbol id="8" name="SymbolJ" type="BaseSymbol"/>
                <symbol id="0" name="Green" type="BaseSymbol"/>
                <symbol id="12" name="Green2" type="BaseSymbol"/>
                <symbol id="0" name="Green" type="BaseSymbol"/>
                <symbol id="5" name="SymbolA" type="BaseSymbol"/>
                <symbol id="7" name="SymbolQ" type="BaseSymbol"/>
                <symbol id="9" name="Symbol10" type="BaseSymbol"/>
                <symbol id="6" name="SymbolK" type="BaseSymbol"/>
                <symbol id="5" name="SymbolA" type="BaseSymbol"/>
                <symbol id="3" name="Blue" type="BaseSymbol"/>
                <symbol id="10" name="Blue2" type="BaseSymbol"/>
                <symbol id="3" name="Blue" type="BaseSymbol"/>
                <symbol id="7" name="SymbolQ" type="BaseSymbol"/>
                <symbol id="8" name="SymbolJ" type="BaseSymbol"/>
                <symbol id="9" name="Symbol10" type="BaseSymbol"/>
                <symbol id="5" name="SymbolA" type="BaseSymbol"/>
                <symbol id="7" name="SymbolQ" type="BaseSymbol"/>
                <symbol id="6" name="SymbolK" type="BaseSymbol"/>
                <symbol id="16" name="Track" type="BaseSymbol"/>
                <symbol id="19" name="TrackR" type="BaseSymbol"/>
                <symbol id="16" name="Track" type="BaseSymbol"/>
                <symbol id="19" name="TrackR" type="BaseSymbol"/>
                <symbol id="16" name="Track" type="BaseSymbol"/>
                <symbol id="19" name="TrackR" type="BaseSymbol"/>
                <symbol id="16" name="Track" type="BaseSymbol"/>
                <symbol id="19" name="TrackR" type="BaseSymbol"/>
                <symbol id="16" name="Track" type="BaseSymbol"/>
                <symbol id="19" name="TrackR" type="BaseSymbol"/>
                <symbol id="16" name="Track" type="BaseSymbol"/>
                <symbol id="19" name="TrackR" type="BaseSymbol"/>
                <symbol id="16" name="Track" type="BaseSymbol"/>
                <symbol id="19" name="TrackR" type="BaseSymbol"/>
                <symbol id="16" name="Track" type="BaseSymbol"/>
                <symbol id="19" name="TrackR" type="BaseSymbol"/>
                <symbol id="16" name="Track" type="BaseSymbol"/>
                <symbol id="19" name="TrackR" type="BaseSymbol"/>
                <symbol id="16" name="Track" type="BaseSymbol"/>
                <symbol id="19" name="TrackR" type="BaseSymbol"/>
                <symbol id="16" name="Track" type="BaseSymbol"/>
                <symbol id="19" name="TrackR" type="BaseSymbol"/>
                <symbol id="16" name="Track" type="BaseSymbol"/>
                <symbol id="19" name="TrackR" type="BaseSymbol"/>
                <symbol id="16" name="Track" type="BaseSymbol"/>
                <symbol id="19" name="TrackR" type="BaseSymbol"/>
                <symbol id="16" name="Track" type="BaseSymbol"/>
                <symbol id="19" name="TrackR" type="BaseSymbol"/>
                <symbol id="16" name="Track" type="BaseSymbol"/>
                <symbol id="19" name="TrackR" type="BaseSymbol"/>
                <symbol id="16" name="Track" type="BaseSymbol"/>
                <symbol id="19" name="TrackR" type="BaseSymbol"/>
                <symbol id="16" name="Track" type="BaseSymbol"/>
                <symbol id="19" name="TrackR" type="BaseSymbol"/>
                <symbol id="16" name="Track" type="BaseSymbol"/>
                <symbol id="19" name="TrackR" type="BaseSymbol"/>
                <symbol id="16" name="Track" type="BaseSymbol"/>
                <symbol id="19" name="TrackR" type="BaseSymbol"/>
                <symbol id="16" name="Track" type="BaseSymbol"/>
                <symbol id="19" name="TrackR" type="BaseSymbol"/>
                <symbol id="16" name="Track" type="BaseSymbol"/>
                <symbol id="19" name="TrackR" type="BaseSymbol"/>
                <symbol id="16" name="Track" type="BaseSymbol"/>
                <symbol id="19" name="TrackR" type="BaseSymbol"/>
                <symbol id="5" name="SymbolA" type="BaseSymbol"/>
                <symbol id="4" name="Violet" type="BaseSymbol"/>
                <symbol id="11" name="Violet2" type="BaseSymbol"/>
                <symbol id="4" name="Violet" type="BaseSymbol"/>
                <symbol id="9" name="Symbol10" type="BaseSymbol"/>
                <symbol id="0" name="Green" type="BaseSymbol"/>
                <symbol id="12" name="Green2" type="BaseSymbol"/>
                <symbol id="0" name="Green" type="BaseSymbol"/>
                <symbol id="6" name="SymbolK" type="BaseSymbol"/>
                <symbol id="15" name="Scatter" type="ScatterSymbol"/>
                <symbol id="9" name="Symbol10" type="BaseSymbol"/>
                <symbol id="5" name="SymbolA" type="BaseSymbol"/>
                <symbol id="1" name="Yellow" type="BaseSymbol"/>
                <symbol id="13" name="Yellow2" type="BaseSymbol"/>
                <symbol id="1" name="Yellow" type="BaseSymbol"/>
                <symbol id="8" name="SymbolJ" type="BaseSymbol"/>
                <symbol id="15" name="Scatter" type="ScatterSymbol"/>
                <symbol id="9" name="Symbol10" type="BaseSymbol"/>
                <symbol id="7" name="SymbolQ" type="BaseSymbol"/>
                <symbol id="3" name="Blue" type="BaseSymbol"/>
                <symbol id="10" name="Blue2" type="BaseSymbol"/>
                <symbol id="3" name="Blue" type="BaseSymbol"/>
                <symbol id="8" name="SymbolJ" type="BaseSymbol"/>
                <symbol id="6" name="SymbolK" type="BaseSymbol"/>
                <symbol id="7" name="SymbolQ" type="BaseSymbol"/>
                <symbol id="8" name="SymbolJ" type="BaseSymbol"/>
                <symbol id="9" name="Symbol10" type="BaseSymbol"/>
                <symbol id="17" name="Wild" type="WildSymbol"/>
                <symbol id="7" name="SymbolQ" type="BaseSymbol"/>
                <symbol id="6" name="SymbolK" type="BaseSymbol"/>
                <symbol id="8" name="SymbolJ" type="BaseSymbol"/>
                <symbol id="15" name="Scatter" type="ScatterSymbol"/>
                <symbol id="9" name="Symbol10" type="BaseSymbol"/>
            </symbols>
        </reelStrip>
        <reelStrip number="4" type="FreeGame">
            <symbols>
                <symbol id="15" name="Scatter" type="ScatterSymbol"/>
                <symbol id="2" name="Pink" type="BaseSymbol"/>
                <symbol id="14" name="Pink2" type="BaseSymbol"/>
                <symbol id="2" name="Pink" type="BaseSymbol"/>
                <symbol id="5" name="SymbolA" type="BaseSymbol"/>
                <symbol id="9" name="Symbol10" type="BaseSymbol"/>
                <symbol id="7" name="SymbolQ" type="BaseSymbol"/>
                <symbol id="15" name="Scatter" type="ScatterSymbol"/>
                <symbol id="6" name="SymbolK" type="BaseSymbol"/>
                <symbol id="8" name="SymbolJ" type="BaseSymbol"/>
                <symbol id="5" name="SymbolA" type="BaseSymbol"/>
                <symbol id="17" name="Wild" type="WildSymbol"/>
                <symbol id="9" name="Symbol10" type="BaseSymbol"/>
                <symbol id="7" name="SymbolQ" type="BaseSymbol"/>
                <symbol id="4" name="Violet" type="BaseSymbol"/>
                <symbol id="11" name="Violet2" type="BaseSymbol"/>
                <symbol id="4" name="Violet" type="BaseSymbol"/>
                <symbol id="5" name="SymbolA" type="BaseSymbol"/>
                <symbol id="6" name="SymbolK" type="BaseSymbol"/>
                <symbol id="0" name="Green" type="BaseSymbol"/>
                <symbol id="12" name="Green2" type="BaseSymbol"/>
                <symbol id="0" name="Green" type="BaseSymbol"/>
                <symbol id="8" name="SymbolJ" type="BaseSymbol"/>
                <symbol id="9" name="Symbol10" type="BaseSymbol"/>
                <symbol id="15" name="Scatter" type="ScatterSymbol"/>
                <symbol id="5" name="SymbolA" type="BaseSymbol"/>
                <symbol id="1" name="Yellow" type="BaseSymbol"/>
                <symbol id="13" name="Yellow2" type="BaseSymbol"/>
                <symbol id="1" name="Yellow" type="BaseSymbol"/>
                <symbol id="9" name="Symbol10" type="BaseSymbol"/>
                <symbol id="8" name="SymbolJ" type="BaseSymbol"/>
                <symbol id="17" name="Wild" type="WildSymbol"/>
                <symbol id="7" name="SymbolQ" type="BaseSymbol"/>
                <symbol id="1" name="Yellow" type="BaseSymbol"/>
                <symbol id="13" name="Yellow2" type="BaseSymbol"/>
                <symbol id="1" name="Yellow" type="BaseSymbol"/>
                <symbol id="8" name="SymbolJ" type="BaseSymbol"/>
                <symbol id="0" name="Green" type="BaseSymbol"/>
                <symbol id="12" name="Green2" type="BaseSymbol"/>
                <symbol id="0" name="Green" type="BaseSymbol"/>
                <symbol id="7" name="SymbolQ" type="BaseSymbol"/>
                <symbol id="17" name="Wild" type="WildSymbol"/>
                <symbol id="9" name="Symbol10" type="BaseSymbol"/>
                <symbol id="3" name="Blue" type="BaseSymbol"/>
                <symbol id="10" name="Blue2" type="BaseSymbol"/>
                <symbol id="3" name="Blue" type="BaseSymbol"/>
                <symbol id="7" name="SymbolQ" type="BaseSymbol"/>
                <symbol id="4" name="Violet" type="BaseSymbol"/>
                <symbol id="11" name="Violet2" type="BaseSymbol"/>
                <symbol id="4" name="Violet" type="BaseSymbol"/>
                <symbol id="6" name="SymbolK" type="BaseSymbol"/>
                <symbol id="15" name="Scatter" type="ScatterSymbol"/>
                <symbol id="8" name="SymbolJ" type="BaseSymbol"/>
                <symbol id="5" name="SymbolA" type="BaseSymbol"/>
                <symbol id="2" name="Pink" type="BaseSymbol"/>
                <symbol id="14" name="Pink2" type="BaseSymbol"/>
                <symbol id="2" name="Pink" type="BaseSymbol"/>
                <symbol id="7" name="SymbolQ" type="BaseSymbol"/>
                <symbol id="16" name="Track" type="BaseSymbol"/>
                <symbol id="19" name="TrackR" type="BaseSymbol"/>
                <symbol id="16" name="Track" type="BaseSymbol"/>
                <symbol id="19" name="TrackR" type="BaseSymbol"/>
                <symbol id="16" name="Track" type="BaseSymbol"/>
                <symbol id="19" name="TrackR" type="BaseSymbol"/>
                <symbol id="16" name="Track" type="BaseSymbol"/>
                <symbol id="19" name="TrackR" type="BaseSymbol"/>
                <symbol id="16" name="Track" type="BaseSymbol"/>
                <symbol id="19" name="TrackR" type="BaseSymbol"/>
                <symbol id="16" name="Track" type="BaseSymbol"/>
                <symbol id="19" name="TrackR" type="BaseSymbol"/>
                <symbol id="16" name="Track" type="BaseSymbol"/>
                <symbol id="19" name="TrackR" type="BaseSymbol"/>
                <symbol id="16" name="Track" type="BaseSymbol"/>
                <symbol id="19" name="TrackR" type="BaseSymbol"/>
                <symbol id="16" name="Track" type="BaseSymbol"/>
                <symbol id="19" name="TrackR" type="BaseSymbol"/>
                <symbol id="16" name="Track" type="BaseSymbol"/>
                <symbol id="19" name="TrackR" type="BaseSymbol"/>
                <symbol id="16" name="Track" type="BaseSymbol"/>
                <symbol id="19" name="TrackR" type="BaseSymbol"/>
                <symbol id="16" name="Track" type="BaseSymbol"/>
                <symbol id="19" name="TrackR" type="BaseSymbol"/>
                <symbol id="16" name="Track" type="BaseSymbol"/>
                <symbol id="19" name="TrackR" type="BaseSymbol"/>
                <symbol id="16" name="Track" type="BaseSymbol"/>
                <symbol id="19" name="TrackR" type="BaseSymbol"/>
                <symbol id="16" name="Track" type="BaseSymbol"/>
                <symbol id="19" name="TrackR" type="BaseSymbol"/>
                <symbol id="16" name="Track" type="BaseSymbol"/>
                <symbol id="19" name="TrackR" type="BaseSymbol"/>
                <symbol id="16" name="Track" type="BaseSymbol"/>
                <symbol id="19" name="TrackR" type="BaseSymbol"/>
                <symbol id="16" name="Track" type="BaseSymbol"/>
                <symbol id="19" name="TrackR" type="BaseSymbol"/>
                <symbol id="16" name="Track" type="BaseSymbol"/>
                <symbol id="19" name="TrackR" type="BaseSymbol"/>
                <symbol id="16" name="Track" type="BaseSymbol"/>
                <symbol id="19" name="TrackR" type="BaseSymbol"/>
                <symbol id="16" name="Track" type="BaseSymbol"/>
                <symbol id="19" name="TrackR" type="BaseSymbol"/>
                <symbol id="16" name="Track" type="BaseSymbol"/>
                <symbol id="19" name="TrackR" type="BaseSymbol"/>
                <symbol id="16" name="Track" type="BaseSymbol"/>
                <symbol id="19" name="TrackR" type="BaseSymbol"/>
                <symbol id="16" name="Track" type="BaseSymbol"/>
                <symbol id="19" name="TrackR" type="BaseSymbol"/>
                <symbol id="16" name="Track" type="BaseSymbol"/>
                <symbol id="19" name="TrackR" type="BaseSymbol"/>
                <symbol id="16" name="Track" type="BaseSymbol"/>
                <symbol id="19" name="TrackR" type="BaseSymbol"/>
                <symbol id="16" name="Track" type="BaseSymbol"/>
                <symbol id="19" name="TrackR" type="BaseSymbol"/>
                <symbol id="16" name="Track" type="BaseSymbol"/>
                <symbol id="19" name="TrackR" type="BaseSymbol"/>
                <symbol id="16" name="Track" type="BaseSymbol"/>
                <symbol id="19" name="TrackR" type="BaseSymbol"/>
                <symbol id="16" name="Track" type="BaseSymbol"/>
                <symbol id="19" name="TrackR" type="BaseSymbol"/>
                <symbol id="16" name="Track" type="BaseSymbol"/>
                <symbol id="19" name="TrackR" type="BaseSymbol"/>
                <symbol id="16" name="Track" type="BaseSymbol"/>
                <symbol id="8" name="SymbolJ" type="BaseSymbol"/>
                <symbol id="5" name="SymbolA" type="BaseSymbol"/>
                <symbol id="9" name="Symbol10" type="BaseSymbol"/>
                <symbol id="7" name="SymbolQ" type="BaseSymbol"/>
                <symbol id="6" name="SymbolK" type="BaseSymbol"/>
                <symbol id="8" name="SymbolJ" type="BaseSymbol"/>
                <symbol id="9" name="Symbol10" type="BaseSymbol"/>
                <symbol id="7" name="SymbolQ" type="BaseSymbol"/>
                <symbol id="6" name="SymbolK" type="BaseSymbol"/>
                <symbol id="8" name="SymbolJ" type="BaseSymbol"/>
                <symbol id="9" name="Symbol10" type="BaseSymbol"/>
                <symbol id="15" name="Scatter" type="ScatterSymbol"/>
                <symbol id="3" name="Blue" type="BaseSymbol"/>
                <symbol id="10" name="Blue2" type="BaseSymbol"/>
                <symbol id="3" name="Blue" type="BaseSymbol"/>
                <symbol id="5" name="SymbolA" type="BaseSymbol"/>
                <symbol id="6" name="SymbolK" type="BaseSymbol"/>
                <symbol id="9" name="Symbol10" type="BaseSymbol"/>
                <symbol id="7" name="SymbolQ" type="BaseSymbol"/>
                <symbol id="8" name="SymbolJ" type="BaseSymbol"/>
                <symbol id="6" name="SymbolK" type="BaseSymbol"/>
                <symbol id="5" name="SymbolA" type="BaseSymbol"/>
                <symbol id="17" name="Wild" type="WildSymbol"/>
                <symbol id="8" name="SymbolJ" type="BaseSymbol"/>
                <symbol id="6" name="SymbolK" type="BaseSymbol"/>
                <symbol id="9" name="Symbol10" type="BaseSymbol"/>
                <symbol id="7" name="SymbolQ" type="BaseSymbol"/>
            </symbols>
        </reelStrip>
    </reelStrips>
</reelsDescriptor>