<sounds
        xmlns="http://www.atsisa.com/gox/gamelogic/reelStripStopSounds"
        xmlns:xsi="http://www.w3.org/2001/XMLSchema-instance"
        xsi:schemaLocation="http://www.atsisa.com/gox/gamelogic/reelStripStopSounds">

    <reelStripStopSounds>
        <reelStripStopSound reelStripId="0" symbolsType="BaseSymbol" soundName="ReelStop0"/>
        <reelStripStopSound reelStripId="1" symbolsType="BaseSymbol" soundName="ReelStop1"/>
        <reelStripStopSound reelStripId="2" symbolsType="BaseSymbol" soundName="ReelStop2"/>
        <reelStripStopSound reelStripId="3" symbolsType="BaseSymbol" soundName="ReelStop3"/>
        <reelStripStopSound reelStripId="4" symbolsType="BaseSymbol" soundName="ReelStop4"/>
        <reelStripStopSound reelStripId="0" symbolsType="ScatterSymbol" soundName="ReelStop0"/>
        <reelStripStopSound reelStripId="1" symbolsType="ScatterSymbol" soundName="ReelStop1"/>
        <reelStripStopSound reelStripId="2" symbolsType="ScatterSymbol" soundName="ReelStop2"/>
        <reelStripStopSound reelStripId="3" symbolsType="ScatterSymbol" soundName="ReelStop3"/>
        <reelStripStopSound reelStripId="4" symbolsType="ScatterSymbol" soundName="ReelStop4"/>
    </reelStripStopSounds>
</sounds>