<sounds
        xmlns="http://www.atsisa.com/gox/gamelogic/sounds"
        xmlns:xsi="http://www.w3.org/2001/XMLSchema-instance"
        xsi:schemaLocation="http://www.atsisa.com/gox/gamelogic/sounds">
    <winSounds>
        <winSound winDescriptorId="0" soundName="WinCount8"/>
        <winSound winDescriptorId="1" soundName="WinCount8"/>
        <winSound winDescriptorId="2" soundName="WinCount8"/>
        <winSound winDescriptorId="3" soundName="WinCount8"/>
        <winSound winDescriptorId="4" soundName="WinCount8"/>
        <winSound winDescriptorId="5" soundName="WinCount8"/>
        <winSound winDescriptorId="6" soundName="WinCount8"/>
        <winSound winDescriptorId="7" soundName="WinCount8"/>
        <winSound winDescriptorId="8" soundName="WinCount8"/>
        <winSound winDescriptorId="9" soundName="WinCount8"/>
        <winSound winDescriptorId="10" soundName="WinCount8"/>
        <winSound winDescriptorId="11" soundName="WinCount8"/>
        <winSound winDescriptorId="12" soundName="WinCount8"/>
        <winSound winDescriptorId="13" soundName="WinCount8"/>
        <winSound winDescriptorId="14" soundName="WinCount8"/>
        <winSound winDescriptorId="15" soundName="WinCount8"/>
        <winSound winDescriptorId="16" soundName="WinCount8"/>
        <winSound winDescriptorId="17" soundName="WinCount8"/>
        <winSound winDescriptorId="18" soundName="WinCount8"/>
        <winSound winDescriptorId="19" soundName="WinCount8"/>
        <winSound winDescriptorId="20" soundName="WinCount8"/>
        <winSound winDescriptorId="21" soundName="WinCount8"/>
        <winSound winDescriptorId="22" soundName="WinCount8"/>
        <winSound winDescriptorId="23" soundName="WinCount8"/>
        <winSound winDescriptorId="24" soundName="WinCount8"/>
        <winSound winDescriptorId="25" soundName="WinCount8"/>
        <winSound winDescriptorId="26" soundName="WinCount8"/>
        <winSound winDescriptorId="27" soundName="WinCount8"/>
        <winSound winDescriptorId="28" soundName="WinCount8"/>
        <winSound winDescriptorId="29" soundName="WinCount8"/>
        <winSound winDescriptorId="30" soundName="WinCount8"/>
        <winSound winDescriptorId="31" soundName="WinCount8"/>
        <winSound winDescriptorId="32" soundName="WinCount8"/>
        <winSound winDescriptorId="33" soundName="WinCount8"/>
        <winSound winDescriptorId="34" soundName="WinCount8"/>
        <winSound winDescriptorId="35" soundName="WinCount8"/>
        <winSound winDescriptorId="36" soundName="WinCount8"/>
        <winSound winDescriptorId="37" soundName="WinCount8"/>
        <winSound winDescriptorId="38" soundName="WinCount8"/>
        <winSound winDescriptorId="39" soundName="WinCount8"/>
        <winSound winDescriptorId="40" soundName="WinCount8"/>
        <winSound winDescriptorId="41" soundName="WinCount8"/>
        <winSound winDescriptorId="42" soundName="WinCount8"/>
        <winSound winDescriptorId="43" soundName="WinCount8"/>
        <winSound winDescriptorId="44" soundName="WinCount8"/>
        <winSound winDescriptorId="45" soundName="WinCount8"/>
        <winSound winDescriptorId="46" soundName="WinCount8"/>
        <winSound winDescriptorId="47" soundName="WinCount8"/>
        <winSound winDescriptorId="48" soundName="WinCount8"/>
        <winSound winDescriptorId="49" soundName="WinCount8"/>
        <winSound winDescriptorId="50" soundName="WinCount8"/>
        <winSound winDescriptorId="51" soundName="WinCount8"/>
        <winSound winDescriptorId="52" soundName="WinCount8"/>
        <winSound winDescriptorId="53" soundName="WinCount8"/>
        <winSound winDescriptorId="54" soundName="WinCount8"/>
        <winSound winDescriptorId="55" soundName="WinCount8"/>
        <winSound winDescriptorId="56" soundName="WinCount8"/>
        <winSound winDescriptorId="57" soundName="WinCount8"/>
        <winSound winDescriptorId="58" soundName="WinCount8"/>
        <winSound winDescriptorId="59" soundName="WinCount8"/>
        <winSound winDescriptorId="60" soundName="WinCount8"/>
        <winSound winDescriptorId="61" soundName="WinCount8"/>
        <winSound winDescriptorId="62" soundName="WinCount8"/>
        <winSound winDescriptorId="63" soundName="WinCount8"/>
        <winSound winDescriptorId="64" soundName="WinCount8"/>
        <winSound winDescriptorId="65" soundName="WinCount8"/>
        <winSound winDescriptorId="66" soundName="WinCount8"/>
        <winSound winDescriptorId="67" soundName="WinCount8"/>
        <winSound winDescriptorId="68" soundName="WinCount8"/>
        <winSound winDescriptorId="69" soundName="WinCount8"/>
        <winSound winDescriptorId="70" soundName="WinCount8"/>
        <winSound winDescriptorId="71" soundName="WinCount8"/>
        <winSound winDescriptorId="72" soundName="WinCount8"/>
        <winSound winDescriptorId="73" soundName="WinCount8"/>
        <winSound winDescriptorId="74" soundName="WinCount8"/>
        <winSound winDescriptorId="75" soundName="WinCount8"/>
        <winSound winDescriptorId="76" soundName="WinCount8"/>
        <winSound winDescriptorId="77" soundName="WinCount8"/>
        <winSound winDescriptorId="78" soundName="WinCount8"/>
        <winSound winDescriptorId="79" soundName="WinCount8"/>
        <winSound winDescriptorId="80" soundName="WinCount8"/>
        <winSound winDescriptorId="81" soundName="WinCount8"/>
        <winSound winDescriptorId="82" soundName="WinCount8"/>
    </winSounds>
</sounds>