
                <resources xmlns="http://www.atsisa.com/gox/framework/resources">
    <resource format="FHD_TWO_MONITORS" id="defaultConfig" type="Config" url="config.xml"/>
    <resource format="FHD_TWO_MONITORS" id="debugConfig" type="Config" url="debugConfig.xml"/>
    <resource format="FHD_TWO_MONITORS" type="Text" url="config/presentation/reelstrips.xml" id="reelStrips"/>
    <resource format="FHD_TWO_MONITORS" type="Text" url="config/presentation/reelGameConfiguration.xml" id="reelGameConfiguration"/>
    <resource format="FHD_TWO_MONITORS" type="BitmapFont" id="arial-bold-35" url="arial-bold-35.fnt"/>
    <resource format="FHD_TWO_MONITORS" type="BitmapFont" id="arial-bold-45" url="arial-bold-45.fnt"/>
        <resource format="FHD_TWO_MONITORS" type="BitmapFont" id="arial-bold-60" url="arial-bold-60.fnt"/>
    <resource format="FHD_TWO_MONITORS" type="BitmapFont" id="arial-bold-120" url="arial-bold-120.fnt"/>

    <resource format="FHD_TWO_MONITORS" id="gamblerScreen" type="Layout" url="gamblerScreen.xml"/>
    <resource format="FHD_TWO_MONITORS" id="baseGameScreen" type="Layout" url="baseGameScreen.xml"/>
    <resource format="FHD_TWO_MONITORS" id="winLinesScreen" type="Layout" url="winLinesScreen.xml"/>
    <resource format="FHD_TWO_MONITORS" id="infoScreen" type="Layout" url="infoScreen.xml"/>
    <resource format="FHD_TWO_MONITORS" id="debugScreen" type="Layout" url="debugBaseGameScreen.xml"/>
    <resource format="FHD_TWO_MONITORS" id="payTableScreen" type="Layout" url="payTableScreen.xml"/>
    <resource format="FHD_TWO_MONITORS" id="screenSaver" type="Layout" url="screenSaver.xml"/>

    <resource format="FHD_TWO_MONITORS" id="WinCount0" type="Sound" url="LineSound0.mp3"/>
    <resource format="FHD_TWO_MONITORS" id="WinCount1" type="Sound" url="LineSound1.mp3"/>
    <resource format="FHD_TWO_MONITORS" id="WinCount2" type="Sound" url="LineSound2.mp3"/>
    <resource format="FHD_TWO_MONITORS" id="WinCount3" type="Sound" url="LineSound3.mp3"/>
    <resource format="FHD_TWO_MONITORS" id="WinCount4" type="Sound" url="LineSound4.mp3"/>
    <resource format="FHD_TWO_MONITORS" id="WinCount5" type="Sound" url="LineSound5.mp3"/>
    <resource format="FHD_TWO_MONITORS" id="WinCount6" type="Sound" url="LineSound6.mp3"/>
    <resource format="FHD_TWO_MONITORS" id="WinCount7" type="Sound" url="LineSound7.mp3"/>
    <resource format="FHD_TWO_MONITORS" id="WinCount8" type="Sound" url="LineSound8.mp3"/>
    <resource format="FHD_TWO_MONITORS" id="WinCount9" type="Sound" url="LineSound8.mp3"/>
    <resource format="FHD_TWO_MONITORS" id="BalanceToWin" type="Sound" url="BalanceToWin.mp3"/>
    <resource format="FHD_TWO_MONITORS" id="BalanceToWinSkip" type="Sound" url="BalanceToWinSkip.mp3"/>
    <resource format="FHD_TWO_MONITORS" id="DeckSound" type="Sound" url="DeckSound.mp3"/>
    <resource format="FHD_TWO_MONITORS" id="Shift" type="Sound" url="Shift.mp3"/>
    <resource format="FHD_TWO_MONITORS" id="WinCountStop" type="Sound" url="WinCountStop.mp3"/>
    <resource format="FHD_TWO_MONITORS" id="BetChanging" type="Sound" url="BetChanging.mp3"/>
    <resource format="FHD_TWO_MONITORS" id="AutoPlayOn" type="Sound" url="AutoPlayOn.mp3"/>
    <resource format="FHD_TWO_MONITORS" id="AutoPlayOff" type="Sound" url="AutoPlayOff.mp3"/>
    <resource format="FHD_TWO_MONITORS" id="DoubleWin" type="Sound" url="DoubleWin.mp3"/>

    <resource format="FHD_TWO_MONITORS" id="presentations" type="Queues" url="config/presentation/presentations.xml"/>
    <resource format="FHD_TWO_MONITORS" id="debugPresentations" type="Queues" url="config/presentation/debugPresentations.xml"/>
    <resource format="FHD_TWO_MONITORS" id="buttonStates" type="Text" url="config/presentation/buttonStates.xml"/>

    <resource format="FHD_TWO_MONITORS" type="Image" id="InfoScreenBackground" url="info_screen_background.png"/>
    <resource format="FHD_TWO_MONITORS" type="Image" id="PayTableBackground" url="pay_table_background.png"/>
    <resource format="FHD_TWO_MONITORS" type="Image" id="debugButton" url="debugButton.png"/>
    <resource format="FHD_TWO_MONITORS" type="Image" id="50Lines" url="t-rex_track_50_lines.png"/>

    <resource format="FHD_TWO_MONITORS" type="SpriteSheet" id="BaseElementsSpriteSheet" url="BaseElementsSpriteSheet.xml"/>
    <!--<resource format="FHD_TWO_MONITORS" type="SpriteSheet" id="baseGameBgr" url="BaseGame/bgr/baseGameBgr.xml"/>-->
    <!--<resource format="FHD_TWO_MONITORS" type="SpriteSheet" id="reels" url="BaseGame/reels/reels.xml"/>-->

    <resource format="FHD_TWO_MONITORS" type="SpriteSheet" id="backGround" url="baseGame/backGround/backGround.xml"/>
    <resource format="FHD_TWO_MONITORS" type="SpriteSheet" id="liveGlass" url="liveGlass/liveGlass.xml"/>

    <!--SYMBOLS-->
    <resource format="FHD_TWO_MONITORS" type="SpriteSheet" id="GreenDinosaur" url="baseGame/symbols/GreenDinosaur/GreenDinosaur.xml"/>
    <resource format="FHD_TWO_MONITORS" type="SpriteSheet" id="GreenDinosaur2" url="baseGame/symbols/GreenDinosaur2/GreenDinosaur2.xml"/>

    <resource format="FHD_TWO_MONITORS" type="SpriteSheet" id="YellowDinosaur" url="baseGame/symbols/YellowDinosaur/YellowDinosaur.xml"/>
    <resource format="FHD_TWO_MONITORS" type="SpriteSheet" id="YellowDinosaur2" url="baseGame/symbols/YellowDinosaur2/YellowDinosaur2.xml"/>

    <resource format="FHD_TWO_MONITORS" type="SpriteSheet" id="PinkDinosaur" url="baseGame/symbols/PinkDinosaur/PinkDinosaur.xml"/>
    <resource format="FHD_TWO_MONITORS" type="SpriteSheet" id="PinkDinosaur2" url="baseGame/symbols/PinkDinosaur2/PinkDinosaur2.xml"/>

    <resource format="FHD_TWO_MONITORS" type="SpriteSheet" id="BlueDinosaur" url="baseGame/symbols/BlueDinosaur/BlueDinosaur.xml"/>
    <resource format="FHD_TWO_MONITORS" type="SpriteSheet" id="BlueDinosaur2" url="baseGame/symbols/BlueDinosaur2/BlueDinosaur2.xml"/>

    <resource format="FHD_TWO_MONITORS" type="SpriteSheet" id="VioletDinosaur" url="baseGame/symbols/VioletDinosaur/VioletDinosaur.xml"/>
    <resource format="FHD_TWO_MONITORS" type="SpriteSheet" id="VioletDinosaur2" url="baseGame/symbols/VioletDinosaur2/VioletDinosaur2.xml"/>

    <resource format="FHD_TWO_MONITORS" type="SpriteSheet" id="Wild" url="baseGame/symbols/Wild/Wild.xml"/>
    <resource format="FHD_TWO_MONITORS" type="SpriteSheet" id="Wild2" url="baseGame/symbols/Wild2/Wild2.xml"/>

    <resource format="FHD_TWO_MONITORS" type="SpriteSheet" id="Scatter" url="baseGame/symbols/Scatter/Scatter.xml"/>

    <resource format="FHD_TWO_MONITORS" type="SpriteSheet" id="Track" url="baseGame/symbols/Track/Track.xml"/>

    <resource format="FHD_TWO_MONITORS" type="SpriteSheet" id="A" url="baseGame/symbols/A/A.xml"/>
    <resource format="FHD_TWO_MONITORS" type="SpriteSheet" id="K" url="baseGame/symbols/K/K.xml"/>
    <resource format="FHD_TWO_MONITORS" type="SpriteSheet" id="Q" url="baseGame/symbols/Q/Q.xml"/>
    <resource format="FHD_TWO_MONITORS" type="SpriteSheet" id="J" url="baseGame/symbols/J/J.xml"/>
    <resource format="FHD_TWO_MONITORS" type="SpriteSheet" id="T" url="baseGame/symbols/T/T.xml"/>

<!--track animation-->
    <resource format="FHD_TWO_MONITORS" type="SpriteSheet" id="TrackAnimation1" url="baseGame/TrackAnimation/1/TrackAnimation1.xml"/>
    <resource format="FHD_TWO_MONITORS" type="SpriteSheet" id="TrackAnimation2" url="baseGame/TrackAnimation/2/TrackAnimation2.xml"/>
    <resource format="FHD_TWO_MONITORS" type="SpriteSheet" id="TrackAnimation3" url="baseGame/TrackAnimation/3/TrackAnimation3.xml"/>
    <resource format="FHD_TWO_MONITORS" type="SpriteSheet" id="TrackAnimation4" url="baseGame/TrackAnimation/4/TrackAnimation4.xml"/>

    <resource format="FHD_TWO_MONITORS" type="SpriteSheet" id="trackSpinlong" url="baseGame/spin/trackSpin.xml"/>

    <resource format="FHD_TWO_MONITORS" type="SpriteSheet" id="ScatterSpinlong" url="baseGame/spin/ScatterSpin.xml"/>

<!--Live Glass-->
    <resource format="FHD_TWO_MONITORS" type="SpriteSheet" id="logoFrame" url="liveGlass/logoFrame/logoFrame.xml"/>
    <resource format="FHD_TWO_MONITORS" type="SpriteSheet" id="Ace" url="liveGlass/Ace/Ace.xml"/>
    <resource format="FHD_TWO_MONITORS" type="SpriteSheet" id="Jack" url="liveGlass/Jack/Jack.xml"/>
    <resource format="FHD_TWO_MONITORS" type="SpriteSheet" id="King" url="liveGlass/King/King.xml"/>
    <resource format="FHD_TWO_MONITORS" type="SpriteSheet" id="Queen" url="liveGlass/Queen/Queen.xml"/>
    <resource format="FHD_TWO_MONITORS" type="SpriteSheet" id="Ten" url="liveGlass/Ten/Ten.xml"/>

    <resource format="FHD_TWO_MONITORS" type="SpriteSheet" id="frame1" url="liveGlass/frames/frame1.xml"/>
    <resource format="FHD_TWO_MONITORS" type="SpriteSheet" id="frame2" url="liveGlass/frames/frame2.xml"/>
    <resource format="FHD_TWO_MONITORS" type="SpriteSheet" id="frame4" url="liveGlass/frames/frame4.xml"/>
    <resource format="FHD_TWO_MONITORS" type="SpriteSheet" id="frameAll" url="liveGlass/frames/frameAll.xml"/>
    <resource format="FHD_TWO_MONITORS" type="SpriteSheet" id="frameBottom" url="liveGlass/frames/FrameBottom.xml"/>
    <resource format="FHD_TWO_MONITORS" type="SpriteSheet" id="frameTop" url="liveGlass/frames/FrameTop.xml"/>

    <resource format="FHD_TWO_MONITORS" type="BitmapFont" id="seepays_wins1" url="LiveGlass/seepays_wins1.xml"/>
    <resource format="FHD_TWO_MONITORS" type="BitmapFont" id="seepays_wins2" url="LiveGlass/seepays_wins2.xml"/>
    <resource format="FHD_TWO_MONITORS" type="BitmapFont" id="seepays_wins3" url="LiveGlass/seepays_wins3.xml"/>

    <resource format="FHD_TWO_MONITORS" type="BitmapFont" id="seepays_wins_big1" url="LiveGlass/seepays_wins_big1.xml"/>
    <resource format="FHD_TWO_MONITORS" type="BitmapFont" id="seepays_wins_big2" url="LiveGlass/seepays_wins_big2.xml"/>
    <resource format="FHD_TWO_MONITORS" type="BitmapFont" id="seepays_wins_big3" url="LiveGlass/seepays_wins_big3.xml"/>

    <resource format="FHD_TWO_MONITORS" type="BitmapFont" id="button_text" url="LiveGlass/button_text.xml"/>
    <resource format="FHD_TWO_MONITORS" type="BitmapFont" id="big_text" url="LiveGlass/big_text.xml"/>




    <resource format="FHD_TWO_MONITORS" type="SpriteSheet" id="lineFrames" url="lines/frames/frames.xml"/>

                    <!--frames for symbols-->
    <resource format="FHD_TWO_MONITORS" type="SpriteSheet" id="winLineFrames" url="lines/frames/WinFrames.xml"/>
    <resource format="FHD_TWO_MONITORS" type="SpriteSheet" id="winLineFrames2" url="lines/frames/WinFrames2.xml"/>
    <resource format="FHD_TWO_MONITORS" type="SpriteSheet" id="winLineFrames3" url="lines/frames/WinFrames3.xml"/>
                    <!--separators for double frames-->
    <resource format="FHD_TWO_MONITORS" type="SpriteSheet" id="separators" url="lines/frames/separators/separator.xml"/>

    <resource format="FHD_TWO_MONITORS" type="SpriteSheet" id="diamond" url="baseGame/bigWin/diamond/diamond.xml"/>


    <resource format="FHD_TWO_MONITORS" type="SpriteSheet" id="GamblerSpriteSheet" url="GamblerSpriteSheet.xml"/>
    <resource format="FHD_TWO_MONITORS" type="Text" id="LanguagesList" url="config/presentation/languages.xml" />
    <resource format="FHD_TWO_MONITORS" type="Text" id="sounds" url="config/gamelogic/sounds.xml" />
    <resource format="FHD_TWO_MONITORS" type="Text" id="lines" url="config/gamelogic/lines.xml" />
    <resource format="FHD_TWO_MONITORS" type="Text" id="animations" url="config/gamelogic/animations.xml" />
    <resource format="FHD_TWO_MONITORS" type="Text" id="payTable" url="config/gamelogic/payTable.xml" />
    <resource format="FHD_TWO_MONITORS" type="Text" id="scatterPayTable" url="config/gamelogic/scatterPayTable.xml" />
    <resource format="FHD_TWO_MONITORS" type="Text" id="reelstrips" url="config/gamelogic/reelstrips.xml" />
    <resource format="FHD_TWO_MONITORS" type="Text" id="reelsGameConfiguration" url="config/gamelogic/reelsGameConfiguration.xml" />
    <resource format="FHD_TWO_MONITORS" type="Image" id="empty" url="empty.png"/>

                    <!-- spin reels sounds-->
    <resource format="FHD_TWO_MONITORS" id="spin_1" type="Sound" url="reels/spin_1.mp3"/>
    <resource format="FHD_TWO_MONITORS" id="spin_2" type="Sound" url="reels/spin_2.mp3"/>
    <resource format="FHD_TWO_MONITORS" id="spin_3" type="Sound" url="reels/spin_3.mp3"/>
    <resource format="FHD_TWO_MONITORS" id="spin_4" type="Sound" url="reels/spin_4.mp3"/>
    <resource format="FHD_TWO_MONITORS" id="spin_5" type="Sound" url="reels/spin_5.mp3"/>
    <resource format="FHD_TWO_MONITORS" id="spin_6" type="Sound" url="reels/spin_6.mp3"/>
    <resource format="FHD_TWO_MONITORS" id="spin_7" type="Sound" url="reels/spin_7.mp3"/>
    <resource format="FHD_TWO_MONITORS" id="spin_8" type="Sound" url="reels/spin_8.mp3"/>

                    <!-- spin track long animation sound-->
    <resource format="FHD_TWO_MONITORS" id="tracksLongSound3" type="Sound" url="reels/trackLongSpin/spin_long_for_tracks_1.mp3"/>
    <resource format="FHD_TWO_MONITORS" id="tracksLongSound4" type="Sound" url="reels/trackLongSpin/spin_long_for_tracks_2.mp3"/>
    <resource format="FHD_TWO_MONITORS" id="tracksLongSound5" type="Sound" url="reels/trackLongSpin/spin_long_for_tracks_3.mp3"/>

                    <!-- spin sactter long animation sound-->
    <resource format="FHD_TWO_MONITORS" id="scattersLongSound3" type="Sound" url="reels/scatterLongSpin/spin_long_1.mp3"/>
    <resource format="FHD_TWO_MONITORS" id="scattersLongSound4" type="Sound" url="reels/scatterLongSpin/spin_long_2.mp3"/>
    <resource format="FHD_TWO_MONITORS" id="scattersLongSound5" type="Sound" url="reels/scatterLongSpin/spin_long_3.mp3"/>

    <resource format="FHD_TWO_MONITORS" id="stones" type="Sound" url="reels/trackLongSpin/stones.mp3"/>
    <resource format="FHD_TWO_MONITORS" id="stones_2" type="Sound" url="reels/trackLongSpin/stones_2.mp3"/>

                    <!-- stop reels sounds-->
    <resource format="FHD_TWO_MONITORS" id="ReelStop0" type="Sound" url="reels/reelstop.mp3"/>
    <resource format="FHD_TWO_MONITORS" id="ReelStop1" type="Sound" url="reels/reelstop.mp3"/>
    <resource format="FHD_TWO_MONITORS" id="ReelStop2" type="Sound" url="reels/reelstop.mp3"/>
    <resource format="FHD_TWO_MONITORS" id="ReelStop3" type="Sound" url="reels/reelstop.mp3"/>
    <resource format="FHD_TWO_MONITORS" id="ReelStop4" type="Sound" url="reels/reelstop.mp3"/>
    <resource format="FHD_TWO_MONITORS" id="ReelStop" type="Sound" url="reels/reelstop.mp3"/>


                    <!-- stop track long spin sounds-->
                    <resource format="FHD_TWO_MONITORS" id="spin_end_for_tracks_0" type="Sound" url="reels/trackLongSpin/spin_end_for_tracks_0.mp3"/>
                    <resource format="FHD_TWO_MONITORS" id="spin_end_for_tracks_1" type="Sound" url="reels/trackLongSpin/spin_end_for_tracks_1.mp3"/>
                    <resource format="FHD_TWO_MONITORS" id="spin_end_for_tracks_2" type="Sound" url="reels/trackLongSpin/spin_end_for_tracks_2.mp3"/>
                    <resource format="FHD_TWO_MONITORS" id="spin_end_for_tracks_3" type="Sound" url="reels/trackLongSpin/spin_end_for_tracks_3.mp3"/>

                    <!-- stop scatter long spin sounds-->
                    <resource format="FHD_TWO_MONITORS" id="scatter_stop_1" type="Sound" url="reels/scatterLongSpin/scatter_stop_1.mp3"/>
                    <resource format="FHD_TWO_MONITORS" id="scatter_stop_2" type="Sound" url="reels/scatterLongSpin/scatter_stop_2.mp3"/>
                    <resource format="FHD_TWO_MONITORS" id="scatter_stop_3" type="Sound" url="reels/scatterLongSpin/scatter_stop_3.mp3"/>
                    <resource format="FHD_TWO_MONITORS" id="scatter_stop_4" type="Sound" url="reels/scatterLongSpin/scatter_stop_4.mp3"/>

                    <!-- wins/collect sounds-->
    <resource format="FHD_TWO_MONITORS" id="collect" type="Sound" url="wins/collect.mp3"/>
    <resource format="FHD_TWO_MONITORS" id="collect_end" type="Sound" url="wins/collect_end.mp3"/>
    <resource format="FHD_TWO_MONITORS" id="collect_short" type="Sound" url="wins/collect_short.mp3"/>
    <resource format="FHD_TWO_MONITORS" id="GambleLoop" type="Sound" url="wins/loop.mp3"/>

    <!--dino win sounds                -->
    <resource format="FHD_TWO_MONITORS" id="win_Blue" type="Sound" url="wins/win_Blue.mp3"/>
    <resource format="FHD_TWO_MONITORS" id="win_Green" type="Sound" url="wins/win_Green.mp3"/>
    <resource format="FHD_TWO_MONITORS" id="win_Pink" type="Sound" url="wins/win_Pink.mp3"/>
    <resource format="FHD_TWO_MONITORS" id="win_Violet" type="Sound" url="wins/win_Violet.mp3"/>
    <resource format="FHD_TWO_MONITORS" id="win_Yellow" type="Sound" url="wins/win_Yellow.mp3"/>


                    <!--free games-->
    <resource format="FHD_TWO_MONITORS" type="Text" id="freeGamePayTable" url="config/gamelogic/freeGamePayTable.xml"/>
    <resource format="FHD_TWO_MONITORS" type="Text" id="freeGameConfiguration" url="config/gamelogic/freeGameConfiguration.xml"/>
    <resource format="FHD_TWO_MONITORS" type="Text" id="freeGameReelstrips" url="config/gamelogic/freeGamesReelstrips.xml"/>

    <resource format="FHD_TWO_MONITORS" type="SpriteSheet" id="backGround2" url="freeGame/backGround/backGround.xml"/>

    <resource format="FHD_TWO_MONITORS" type="Movie" id="freeStart" url="freeGame/f_bunner_start.mov"/>
    <resource format="FHD_TWO_MONITORS" type="Movie" id="freeCycle" url="freeGame/f_bunner_cycle.mov"/>
    <resource format="FHD_TWO_MONITORS" type="Movie" id="freeEnd" url="freeGame/f_bunner_end.mov"/>

    <resource format="FHD_TWO_MONITORS" type="SpriteSheet" id="effect" url="freeGame/effect/effect.xml"/>

    <resource format="FHD_TWO_MONITORS" type="BitmapFont" id="you_won" url="freeGames/you_won.xml"/>
    <resource format="FHD_TWO_MONITORS" type="BitmapFont" id="you_won_numbers" url="freeGames/you_won_numbers.xml"/>

    <resource format="FHD_TWO_MONITORS" id="free_intro" type="Sound" url="freeGames/free_intro.mp3"/>
    <resource format="FHD_TWO_MONITORS" id="free_loop" type="Sound" url="freeGames/free_loop.mp3"/>
    <resource format="FHD_TWO_MONITORS" id="free_outro" type="Sound" url="freeGames/free_outro.mp3"/>
    <resource format="FHD_TWO_MONITORS" id="free_collect" type="Sound" url="freeGames/free_collect.mp3"/>
    <resource format="FHD_TWO_MONITORS" id="free_collect_end" type="Sound" url="freeGames/free_collect_end.mp3"/>
    <resource format="FHD_TWO_MONITORS" id="free_collect_short" type="Sound" url="freeGames/free_collect_short.mp3"/>


    <!--screen saver video-->
                    <!--standby video-->
   <resource format="FHD_TWO_MONITORS" type="Movie" id="logo_start" url="ScreenSaver/logo_start.mov"/>
   <resource format="FHD_TWO_MONITORS" type="Movie" id="text_1" url="ScreenSaver/text_1.mov"/>
   <resource format="FHD_TWO_MONITORS" type="Movie" id="text_2" url="ScreenSaver/text_2.mov"/>
   <resource format="FHD_TWO_MONITORS" type="Movie" id="logo_end" url="ScreenSaver/logo_end.mov" />
   <resource format="FHD_TWO_MONITORS" type="Movie" id="movie" url="ScreenSaver/movie.mov" />
   <!--<resource format="FHD_TWO_MONITORS" type="Movie" id="paytable_effect" url="ScreenSaver/paytable_effect.mov" />-->

   <!--for second monitor-->
   <resource format="FHD_TWO_MONITORS" type="Movie" id="standby" url="ScreenSaver/standby.mov" />

</resources>
