<queues xmlns="http://www.atsisa.com/gox/framework/action"
        xmlns:r="http://www.atsisa.com/gox/reels/action">

    <queue name="InitializeGame">
        <actions>
            <r:SendInitRequest/>
            <FadeInScreen screenId="fadeScreen" timeSpan="250"/>
        </actions>
    </queue>

    <queue name="OnError">
        <actions>
            <StopAllSounds/>
            <UpdateScreen screenId="baseGameScreen" method="pause"/>
            <UpdateScreen screenId="gamblerScreen" method="pause"/>
            <UpdateScreen screenId="infoScreen" method="pause"/>
            <ShowScreen screenId="errorScreen"/>
        </actions>
    </queue>

    <queue name="ResetGame">
        <actions>
            <r:SendInitRequest/>
        </actions>
    </queue>

    <queue name="Clear">
        <actions>
            <r:StopAutoPlay/>
            <FadeInScreen screenId="fadeScreen" timeSpan="250"/>
            <UpdateScreen screenId="baseGameScreen" method="reset"/>
            <r:UpdatePresentation state="Idle"/>
            <UpdateScreen screenId="winLinesScreen" method="reset"/>
            <UpdateScreen screenId="gamblerScreen" method="reset"/>
            <UpdateScreen screenId="infoScreen" method="reset"/>
            <r:HideWinningLines/>
            <r:StopAnimationWinningSymbols/>
            <HideScreen screenId="gamblerScreen">
                <animation>
                    <destinationX>1600</destinationX>
                    <timeSpan>0</timeSpan>
                </animation>
            </HideScreen>
            <HideScreen screenId="infoScreen"/>
            <HideScreen screenId="errorScreen"/>
        </actions>
    </queue>

    <queue name="GameStart">
        <actions>
            <r:UpdatePresentation state="GameStart"/>
            <ExecuteNow queueName="Clear"/>
            <r:DisplayStoppedSymbols/>
            <ShowScreen screenId="baseGameScreen"/>
            #if ($twoMonitors == "true" ||  $twoMonitors == "y" ||  $twoMonitors == "yes")
            <ShowScreen screenId="payTableScreen"/>
            #end
            <ShowScreen screenId="bottomPanelScreen"/>
            <ShowScreen screenId="winLinesScreen"/>
            <r:UpdateMessageArea message="{#LangPlaceYourBet}" messageType="BOTTOM_PANEL"/>
            <r:UpdatePresentation state="Idle"/>
            <FadeOutScreen screenId="fadeScreen" timeSpan="250"/>
        </actions>
    </queue>

    <queue name="SpinReels">
        <actions>
            <r:UpdatePresentation state="RunningReels"/>
            <UpdateScreen screenId="infoScreen" method="reset"/>
            <r:SpinReels/>
            <r:AutoPlayBundle expectAutoPlayOn="true">
                <Pause pauseTime="200"/>
            </r:AutoPlayBundle>
            <r:UpdateMessageArea message="{#LangGoodLuck}" messageType="BOTTOM_PANEL"/>
            <PlaySound soundId="ReelSpinMelody" loop="true"/>
            <StartTimer timerName="spin" duration="3000"/>
            <r:SendBetRequest/>
        </actions>
    </queue>

    <queue name="BaseGameLose">
        <actions>
            <r:UpdatePresentation state="StoppingReels"/>
            <Bundle>
                <WaitForTimer timerName="spin"/>
                <r:StopReels/>
            </Bundle>
            <r:UpdatePresentation state="GameLose"/>
            <r:StopReels forceStop="true"/>
            <PauseSound soundId="ReelSpinMelody"/>
            <r:AutoPlayBundle expectAutoPlayOn="false">
                <r:UpdateMessageArea message="{#LangGameOver} - {#LangPlaceYourBet}" messageType="BOTTOM_PANEL"/>
            </r:AutoPlayBundle>
            <r:AutoPlayBundle expectAutoPlayOn="true">
                <r:UpdateMessageArea message="{#LangGameOver}" messageType="BOTTOM_PANEL"/>
            </r:AutoPlayBundle>
            <r:UpdatePresentation state="Idle"/>
            <InsertQueue name="ExecuteNextDependingOnAutoPlaySpin"/>
        </actions>
    </queue>

    <queue name="BaseGameWin">
        <actions>
            <r:UpdatePresentation state="StoppingReels"/>
            <Bundle>
                <WaitForTimer timerName="spin"/>
                <r:StopReels/>
            </Bundle>
            <r:StopReels forceStop="true"/>
            <PauseSound soundId="ReelSpinMelody"/>
            <r:StartAnimationWinningSymbols/>
            <r:UpdatePresentation state="ReelsWinAnimation"/>
            <r:WinningLinesBundle>
                <r:ShowNextWinningLine/>
                <r:UpdateMessageArea message="{#LangLineXPays}" messageType="BOTTOM_PANEL"/>
                <r:PlayCurrentWinningLineSound/>
            </r:WinningLinesBundle>
            <r:ShowNextWinningLine/>
            <PlaySound soundId="WinCountStop"/>
            <r:UpdatePresentation state="OfferGambler"/>
            <r:ExecuteNextDependingOnAutoPlay queueName="TakeWin"/>
            <r:UpdateMessageArea message="{#LangGambleOrTakeWin}" messageType="BOTTOM_PANEL"/>
            <PlaySound soundId="GambleLoop" loop="true"/>
            <LoopBundle>
                <Pause pauseTime="1000"/>
                <r:ShowNextWinningLine/>
            </LoopBundle>
            <StopSound soundId="GambleLoop"/>
        </actions>
    </queue>

    <queue name="TakeWin">
        <actions>
            <r:UpdatePresentation state="GameWin"/>
            <r:SendTakeWinRequest/>
        </actions>
    </queue>

    <queue name="OfferGamblerTakeWin">
        <actions>
            <r:UpdatePresentation state="WinCounting"/>
            <r:UpdateMessageArea message="" messageType="BOTTOM_PANEL"/>
            <ParallelBundle finishCondition="ANY">
                <PlaySound soundId="BalanceToWin" loop="true" blocking="true"/>
                <r:StartWinToBalanceAnimation singleStepDuration="100" skipSoundId="BalanceToWinSkip"/>
                <LoopBundle>
                    <Pause pauseTime="1000"/>
                    <r:ShowNextWinningLine/>
                </LoopBundle>
            </ParallelBundle>
            <r:HideWinningLines/>
            <r:StopAnimationWinningSymbols/>
            <r:UpdateMessageArea message="{#LangWinnerPaid}" messageType="BOTTOM_PANEL"/>
            <r:UpdatePresentation state="Idle"/>
            <InsertQueue name="ExecuteNextDependingOnAutoPlaySpin"/>
        </actions>
    </queue>

    <queue name="EnteringGambler" force="true">
        <actions>
            <r:UpdatePresentation state="EnteringGambler"/>
            <r:SendGambleRequest/>
        </actions>
    </queue>

    <queue name="EnterGambler">
        <actions>
            <r:UpdateMessageArea message="{#LangChooseBlackOrRedOrTakeWin}" messageType="BOTTOM_PANEL"/>
            <r:UpdateGamblerHistoryCards/>
            <PlaySound soundId="Shift"/>
            <r:UpdateGamblerScreen state="SHOWING"/>
            <ShowScreen screenId="gamblerScreen">
                <animation>
                    <destinationX>0</destinationX>
                    <timeSpan>1000</timeSpan>
                </animation>
            </ShowScreen>
            <r:HideWinningLines/>
            <r:UpdateGamblerScreen state="SELECT_CARD"/>
            <r:UpdatePresentation state="Gambler"/>
            <PlaySound soundId="DeckSound" loop="true"/>
            <LoopBundle>
                <ToggleViewVisibility layoutId="gamblerScreen" viewId="animationCard"/>
                <Pause pauseTime="100"/>
            </LoopBundle>
        </actions>
    </queue>

    <queue name="SelectedGamblerRedCard" force="true">
        <actions>
            <r:UpdateMessageArea message="" messageType="BOTTOM_PANEL"/>
            <r:UpdateGamblerScreen state="SELECTED_RED_CARD"/>
            <ParallelBundle finishCondition="ANY">
                <r:SendBetRedRequest/>
                <LoopBundle>
                    <ToggleViewVisibility layoutId="gamblerScreen" viewId="animationCard"/>
                    <Pause pauseTime="100"/>
                </LoopBundle>
            </ParallelBundle>
        </actions>
    </queue>

    <queue name="SelectedGamblerBlackCard" force="true">
        <actions>
            <r:UpdateMessageArea message="" messageType="BOTTOM_PANEL"/>
            <r:UpdateGamblerScreen state="SELECTED_BLACK_CARD"/>
            <ParallelBundle finishCondition="ANY">
                <r:SendBetBlackRequest/>
                <LoopBundle>
                    <ToggleViewVisibility layoutId="gamblerScreen" viewId="animationCard"/>
                    <Pause pauseTime="100"/>
                </LoopBundle>
            </ParallelBundle>
        </actions>
    </queue>

    <queue name="GamblerWin">
        <actions>
            <r:UpdatePresentation state="GamblerWin"/>
            <StopSound soundId="DeckSound"/>
            <r:UpdateMessageArea message="{#LangAstraWin}" messageType="BOTTOM_PANEL"/>
            <ParallelBundle finishCondition="ALL">
                <r:ShowSelectedGamblerCard/>
                <r:PlayGamblerFlipCardSound soundId="DoubleWin" minSoundPlayTime="400"/>
            </ParallelBundle>
            <Pause pauseTime="1000"/>
            <ParallelBundle finishCondition="ALL">
                <r:UpdateGamblerHistoryCards/>
                <r:HideSelectedGamblerCard/>
            </ParallelBundle>
            <PlaySound soundId="DeckSound" loop="true"/>
            <r:UpdateGamblerScreen state="SELECT_CARD"/>
            <r:UpdateMessageArea message="{#LangChooseBlackOrRedOrTakeWin}" messageType="BOTTOM_PANEL"/>
            <r:UpdatePresentation state="Gambler"/>
            <LoopBundle>
                <ToggleViewVisibility layoutId="gamblerScreen" viewId="animationCard"/>
                <Pause pauseTime="100"/>
            </LoopBundle>
        </actions>
    </queue>

    <queue name="GamblerLose">
        <actions>
            <r:UpdatePresentation state="GamblerLose"/>
            <StopSound soundId="DeckSound"/>
            <r:ShowSelectedGamblerCard/>
            <Pause pauseTime="1000"/>
            <r:UpdateGamblerHistoryCards/>
            <r:StopAnimationWinningSymbols/>
            <Pause pauseTime="1000"/>
            <HideScreen screenId="gamblerScreen">
                <animation>
                    <destinationX>1600</destinationX>
                    <timeSpan>0</timeSpan>
                </animation>
            </HideScreen>
            <r:UpdatePresentation state="GameLose"/>
            <r:UpdateMessageArea message="{#LangGameOver} - {#LangGambleCompleted} - {#LangPlaceYourBet}"
                                 messageType="BOTTOM_PANEL"/>
            <r:UpdatePresentation state="Idle"/>
        </actions>
    </queue>

    <queue name="GamblerTakeWin">
        <actions>
            <r:StartAnimationWinningSymbols/>
            <StopSound soundId="DeckSound"/>
            <HideScreen screenId="gamblerScreen">
                <animation>
                    <destinationX>1600</destinationX>
                    <timeSpan>0</timeSpan>
                </animation>
            </HideScreen>
            <r:UpdatePresentation state="WinCounting"/>
            <r:UpdateMessageArea message="" messageType="BOTTOM_PANEL"/>
            <ParallelBundle finishCondition="ANY">
                <PlaySound soundId="BalanceToWin" loop="true" blocking="true"/>
                <r:StartWinToBalanceAnimation singleStepDuration="100" skipSoundId="BalanceToWinSkip"/>
                <LoopBundle>
                    <r:ShowNextWinningLine/>
                    <Pause pauseTime="1000"/>
                </LoopBundle>
            </ParallelBundle>
            <r:HideWinningLines/>
            <r:StopAnimationWinningSymbols/>
            <r:UpdateMessageArea message="{#LangWinnerPaid}" messageType="BOTTOM_PANEL"/>
            <r:UpdatePresentation state="Idle"/>
        </actions>
    </queue>

    <queue name="ShowNextInfoScreen">
        <actions>
            <r:ShowInfoScreen screenId="infoScreen" playSound="true">
                <animation>
                    <destinationY>0</destinationY>
                    <timeSpan>1000</timeSpan>
                </animation>
            </r:ShowInfoScreen>
        </actions>
    </queue>

    <queue name="ExecuteNextDependingOnAutoPlaySpin">
        <actions>
            <r:ExecuteNextDependingOnAutoPlay queueName="SpinReels"/>
        </actions>
    </queue>

</queues>
