#set( $symbol_pound = '#' )
#set( $symbol_dollar = '$' )
#set( $symbol_escape = '\' )
<module rename-to='${GameClassName}'>
    <inherits name='rx.Rx'/>
    <inherits name='com.atsisa.gox.reels.Reels'/>
    <inherits name='${GameClassName}Assets'/>
    <source path=''/>
    <public path='resources'/>
    <entry-point class='${package}.${GameClassName}WebEntryPoint'/>
    <set-configuration-property name='gwtent.reflection.exclude' value='rx.*,java.util.concurrent.*'/>

    <define-configuration-property name="gox.modules" is-multi-valued="true" />

    <extend-configuration-property name="gox.modules" value="com.atsisa.gox.framework.FrameworkCoreModule" />
    <extend-configuration-property name="gox.modules" value="com.atsisa.gox.framework.FrameworkWebModule" />
    <extend-configuration-property name="gox.modules" value="com.atsisa.gox.reels.ReelsCoreModule" />
    <extend-configuration-property name="gox.modules" value="${package}.${GameClassName}CoreModule" />
</module>
