<animation xmlns="http://www.atsisa.com/gox/gamelogic/animations"
           xmlns:xsi="http://www.w3.org/2001/XMLSchema-instance"
           xsi:schemaLocation="http://www.atsisa.com/gox/gamelogic/animations">>
    <winAnimations>
        <winAnimation winDescriptorId="0" name="Short"/>
        <winAnimation winDescriptorId="1" name="Short"/>
        <winAnimation winDescriptorId="2" name="Short"/>
        <winAnimation winDescriptorId="3" name="Short"/>
        <winAnimation winDescriptorId="4" name="Short"/>
        <winAnimation winDescriptorId="5" name="Short"/>
        <winAnimation winDescriptorId="6" name="Short"/>
        <winAnimation winDescriptorId="7" name="Short"/>
        <winAnimation winDescriptorId="8" name="Short"/>
        <winAnimation winDescriptorId="9" name="Short"/>
        <winAnimation winDescriptorId="10" name="Short"/>
        <winAnimation winDescriptorId="11" name="Short"/>
        <winAnimation winDescriptorId="12" name="Short"/>
        <winAnimation winDescriptorId="13" name="Short"/>
        <winAnimation winDescriptorId="14" name="Short"/>
        <winAnimation winDescriptorId="15" name="Short"/>
        <winAnimation winDescriptorId="16" name="Short"/>
        <winAnimation winDescriptorId="17" name="Short"/>
        <winAnimation winDescriptorId="18" name="Short"/>
        <winAnimation winDescriptorId="19" name="Short"/>
        <winAnimation winDescriptorId="20" name="Short"/>
        <winAnimation winDescriptorId="21" name="Short"/>
    </winAnimations>
</animation>