<languages>

    <language code="EN">
        <translations>
            <translation>
                <name>SimpleLangGoodLuck</name>
                <value>GOOD LUCK</value>
            </translation>
            <translation>
                <name>LangWinnerPaid</name>
                <value>WINNER PAID</value>
            </translation>
            <translation>
                <name>LangGambleOrTakeWin</name>
                <value>GAMBLE OR TAKE WIN</value>
            </translation>
            <translation>
                <name>LangLineXPays</name>
                <value>LINE PAYS</value>
            </translation>
            <translation>
                <name>LangGameOver</name>
                <value>GAME OVER</value>
            </translation>
            <translation>
                <name>LangAllPrizesAreFor</name>
                <value>All prizes are for combinations left to right</value>
            </translation>
            <translation>
                <name>LangPlaceYourBet</name>
                <value>PLACE YOUR BETS</value>
            </translation>
            <translation>
                <name>LangTouchReel</name>
                <value>TOUCH REELS TO START NEW GAME</value>
            </translation>
            <translation>
                <name>LangYouWon</name>
                <value>YOU WON&#10;&#10;&#10;&#10;FREE GAMES</value>
            </translation>
            <translation>
                <name>LangYouWonExtra</name>
                <value>YOU WON&#10;&#10;&#10;&#10;EXTRA FREE&#10;GAMES</value>
            </translation>
            <translation>
                <name>LangWonPlayed</name>
                <value>YOU WON&#10;&#10;&#10;&#10;    GAMES&#10;PLAYED</value>
            </translation>
            <translation>
                <name>LangFreeGames</name>
                <value>FREE GAMES</value>
            </translation>
            <!--<translation>

                <name>LangLine</name>

                <value>Line</value>

            </translation>-->

            <!--<translation>

                <name>LangWrapperInfo</name>

                <value>INFO</value>

            </translation>-->

            <translation>

                <name>LangRules</name>

                <value>Game rules header</value>

            </translation>

            <translation>

                <name>LangRulesDescription</name>

                <value>Game rules description</value>

            </translation>

            <translation>

                <name>LangYieldValue</name>

                <value>Yield</value>

            </translation>

            <!--<translation>

                <name>LangNotEnoughFunds</name>

                <value>Not enough funds.</value>

            </translation>-->

            <translation>

                <name>LangScatterPays</name>

                <value>COMBINATION PAYS</value>

            </translation>

            <translation>

                <name>LangGambleCompleted</name>

                <value>GAMBLE COMPLETED</value>

            </translation>

            <translation>

                <name>LangChooseBlackOrRedOrTakeWin</name>

                <value>CHOOSE BLACK OR RED OR TAKE WIN</value>

            </translation>

            <translation>

                <name>LangRed</name>

                <value>RED</value>

            </translation>

            <translation>

                <name>LangBlack</name>

                <value>BLACK</value>

            </translation>

            <translation>

                <name>LangGambleAmount</name>

                <value>GAMBLE AMOUNT</value>

            </translation>

            <translation>

                <name>LangPreviousCards</name>

                <value>PREVIOUS CARDS</value>

            </translation>

            <translation>

                <name>LangGambleToWin</name>

                <value>GAMBLE TO WIN</value>

            </translation>

            <translation>

                <name>LangAstraWin</name>

                <value>WIN</value>

            </translation>

            <translation>

                <name>LangAstraLose</name>

                <value>LOSE</value>

            </translation>

            <translation>
                <name>LangFreeGame</name>
                <value>FREE GAME</value>
            </translation>

            <translation>
                <name>LangFreeSpin</name>
                <value>FREE SPIN</value>
            </translation>

            <translation>
                <name>LangOf</name>
                <value>OF</value>
            </translation>

        </translations>

    </language>


    <language code="DE">

        <translations>

            <translation>

                <name>SimpleLangGoodLuck</name>

                <value>VIEL GLÜCK</value><!-- пропадает символ Ü, нет в шрифте? -->

            </translation>

            <translation>

                <name>LangWinnerPaid</name>

                <value>GEWINN ZAHLT</value>

            </translation>

            <translation>

                <name>LangGambleOrTakeWin</name>

                <value>RISIKO ODER GEWINN NEHMEN</value>

            </translation>

            <translation>

                <name>LangLineXPays</name>

                <value>LINIE ZAHLT</value>

            </translation>

            <translation>

                <name>LangGameOver</name>

                <value>SPIEL BEENDET</value>

            </translation>

            <translation>

                <name>LangPlaceYourBet</name>

                <value>MACHEN SIE IHR SPIEL</value>

            </translation>

            <translation>

                <name>LangTouchReel</name>

                <value>WALZEN BERÜHREN, UM SPIEL ZU STARTEN</value>

            </translation>


            <!--BEGIN: возможно требуется перевод-->

            <translation>

                <name>LangAllPrizesAreFor</name>

                <value>All prizes are for combinations left to right</value>

            </translation>

            <translation>

                <name>LangRules</name>

                <value>Game rules header</value>

            </translation>

            <translation>

                <name>LangRulesDescription</name>

                <value>Game rules description</value>

            </translation>

            <translation>

                <name>LangYieldValue</name>

                <value>Yield</value>

            </translation>

            <translation>

                <name>LangScatterPays</name>

                <value>COMBINATION PAYS</value>

            </translation>

            <translation>

                <name>LangGambleCompleted</name>

                <value>GAMBLE COMPLETED</value>

            </translation>

            <translation>

                <name>LangChooseBlackOrRedOrTakeWin</name>

                <value>CHOOSE BLACK OR RED OR TAKE WIN</value>

            </translation>

            <translation>

                <name>LangRed</name>

                <value>RED</value>

            </translation>

            <translation>

                <name>LangBlack</name>

                <value>BLACK</value>

            </translation>

            <translation>

                <name>LangGambleAmount</name>

                <value>GAMBLE AMOUNT</value>

            </translation>

            <translation>

                <name>LangPreviousCards</name>

                <value>PREVIOUS CARDS</value>

            </translation>

            <translation>

                <name>LangGambleToWin</name>

                <value>GAMBLE TO WIN</value>

            </translation>

            <translation>

                <name>LangAstraWin</name>

                <value>GEWINN</value>

            </translation>

            <translation>

                <name>LangAstraLose</name>

                <value>LOSE</value>

            </translation>

            <translation>
                <name>LangYouWon</name>
                <value>Sie haben&#10;&#10;&#10;&#10;Freispiele&#10;Gewonnen</value>
            </translation>
            <translation>
                <name>LangYouWonExtra</name>
                <value>Sie haben&#10;&#10;&#10;&#10;Zusätzliche&#10;Freispiele&#10;Gewonnen</value>
            </translation>
            <translation>
                <name>LangWonPlayed</name>
                <value>Sie haben&#10;&#10;&#10;&#10;gewonnen&#10;     Spiele&#10;gespielt</value>
            </translation>
            <!--END: возможно требуется перевод-->
            <translation>
                <name>LangFreeGame</name>
                <value>FREISPIEL</value>
            </translation>

            <translation>
                <name>LangFreeSpin</name>
                <value>FREISPIEL</value>
            </translation>

            <translation>
                <name>LangOf</name>
                <value>VON</value>
            </translation>
        </translations>

        <translation>
            <name>LangFreeGames</name>
            <value>FREISPIEL</value>
        </translation>

    </language>


    <language code="CS">

        <translations>

            <translation>

                <name>SimpleLangGoodLuck</name>

                <value>HODNĚ ŠTĚSTÍ</value>

            </translation>

            <translation>

                <name>LangWinnerPaid</name>

                <value>VÝHRA VYPLACENA</value>

            </translation>

            <translation>

                <name>LangGambleOrTakeWin</name>

                <value>RISKUJTE NEBO VEZMĚTE VÝHRU</value>

            </translation>

            <translation>

                <name>LangLineXPays</name>

                <value>LINIE VYHRÁVÁ</value>

            </translation>

            <translation>

                <name>LangGameOver</name>

                <value>HRA UKONČENA</value>

            </translation>

            <translation>

                <name>LangPlaceYourBet</name>

                <value>ZVOLTE SÁZKU</value>

            </translation>

            <translation>

                <name>LangTouchReel</name>

                <value>PRO ZAHÁJENÍ NOVÉ HRY SE DOTKNĚTE VÁLCŮ</value>

            </translation>


            <!--BEGIN: возможно требуется перевод-->

            <translation>

                <name>LangAllPrizesAreFor</name>

                <value>All prizes are for combinations left to right</value>

            </translation>

            <translation>

                <name>LangRules</name>

                <value>Game rules header</value>

            </translation>

            <translation>

                <name>LangRulesDescription</name>

                <value>Game rules description</value>

            </translation>

            <translation>

                <name>LangYieldValue</name>

                <value>Yield</value>

            </translation>

            <translation>

                <name>LangScatterPays</name>

                <value>COMBINATION PAYS</value>

            </translation>

            <translation>

                <name>LangGambleCompleted</name>

                <value>GAMBLE COMPLETED</value>

            </translation>

            <translation>

                <name>LangChooseBlackOrRedOrTakeWin</name>

                <value>CHOOSE BLACK OR RED OR TAKE WIN</value>

            </translation>

            <translation>

                <name>LangRed</name>

                <value>RED</value>

            </translation>

            <translation>

                <name>LangBlack</name>

                <value>BLACK</value>

            </translation>

            <translation>

                <name>LangGambleAmount</name>

                <value>GAMBLE AMOUNT</value>

            </translation>

            <translation>

                <name>LangPreviousCards</name>

                <value>PREVIOUS CARDS</value>

            </translation>

            <translation>

                <name>LangGambleToWin</name>

                <value>GAMBLE TO WIN</value>

            </translation>

            <translation>

                <name>LangAstraWin</name>

                <value>VÝHRA</value>

            </translation>

            <translation>

                <name>LangAstraLose</name>

                <value>LOSE</value>

            </translation>

            <!--END: возможно требуется перевод-->

            <translation>
                <name>LangYouWon</name>
                <value>Vyhráli jste&#10;&#10;&#10;&#10;Volných her</value>
            </translation>

            <translation>
                <name>LangYouWonExtra</name>
                <value>Vyhráli jste&#10;&#10;&#10;&#10;Dodatečných&#10;Volných her</value>
            </translation>

            <translation>
                <name>LangWonPlayed</name>
                <value>Vyhráli jste&#10;&#10;&#10;&#10;Odehráli jste &#10;Volných her</value>
            </translation>

            <translation>
                <name>LangFreeGame</name>
                <value>VOLNÁ HRA</value>
            </translation>

            <translation>
                <name>LangFreeSpin</name>
                <value>VOLNÁ HRA</value>
            </translation>

            <translation>
                <name>LangOf</name>
                <value>Z</value>
            </translation>
        </translations>

        <translation>
            <name>LangFreeGames</name>
            <value>VOLNÁ HRA</value>
        </translation>

    </language>

</languages>
