<?xml version="1.0" encoding="UTF-8"?>
<TextureAtlas imagePath="BaseElementsSpriteSheet.png" width="2048" height="2048">
    <sprites>
        <sprite n="Symbol1.png" x="791" y="1308" w="261" h="261"/>
        <sprite n="Symbol1On.png" x="528" y="1641" w="261" h="261"/>
        <sprite n="Symbol2.png" x="265" y="1308" w="261" h="261"/>
        <sprite n="Symbol2On.png" x="265" y="1641" w="261" h="261"/>
        <sprite n="Symbol3.png" x="1613" y="1378" w="261" h="261"/>
        <sprite n="Symbol3On.png" x="1350" y="1317" w="261" h="261"/>
        <sprite n="Symbol4.png" x="1087" y="1209" w="261" h="261"/>
        <sprite n="Symbol4On.png" x="2" y="1641" w="261" h="261"/>
        <sprite n="Symbol5.png" x="2" y="1378" w="261" h="261"/>
        <sprite n="Symbol5On.png" x="1604" y="1054" w="261" h="261"/>
        <sprite n="Symbol6.png" x="1604" y="791" w="261" h="261"/>
        <sprite n="Symbol6On.png" x="1604" y="528" w="261" h="261"/>
        <sprite n="Symbol7.png" x="1604" y="265" w="261" h="261"/>
        <sprite n="Symbol7On.png" x="1604" y="2" w="261" h="261"/>
        <sprite n="auto_start_stop_button_active.png" x="1867" y="1292" w="96" h="84"/>
        <sprite n="auto_start_stop_button_disabled.png" x="1867" y="1206" w="96" h="84"/>
        <sprite n="auto_start_stop_button_down.png" x="1867" y="1120" w="96" h="84"/>
        <sprite n="auto_start_stop_button_over.png" x="1867" y="1034" w="96" h="84"/>
        <sprite n="baseGameBottomLayer.png" x="2" y="788" w="1600" h="240"/>
        <sprite n="baseGameMiddleLayer.png" x="2" y="2" w="1600" h="783"/>
        <sprite n="baseGameTopLayer.png" x="2" y="1030" w="1600" h="176"/>
        <sprite n="bottom_panel_background.png" x="2" y="1209" w="1083" h="97"/>
        <sprite n="decrease_active.png" x="1965" y="1241" w="33" h="19" oX="2" oY="2" oW="39" oH="25"/>
        <sprite n="decrease_disabled.png" x="2000" y="1220" w="33" h="19" oX="2" oY="2" oW="39" oH="25"/>
        <sprite n="gamble_button_active.png" x="1867" y="260" w="169" h="84"/>
        <sprite n="gamble_button_disabled.png" x="1867" y="174" w="169" h="84"/>
        <sprite n="gamble_button_down.png" x="1867" y="88" w="169" h="84"/>
        <sprite n="gamble_button_over.png" x="1867" y="2" w="169" h="84"/>
        <sprite n="increase_active.png" x="1965" y="1220" w="33" h="19" oX="3" oY="2" oW="39" oH="25"/>
        <sprite n="increase_disabled.png" x="2000" y="1241" w="33" h="17" oX="3" oY="4" oW="39" oH="25"/>
        <sprite n="indicator_eight.png" x="1965" y="1103" w="57" h="57"/>
        <sprite n="indicator_five.png" x="1965" y="1044" w="57" h="57"/>
        <sprite n="indicator_four.png" x="1969" y="985" w="57" h="57"/>
        <sprite n="indicator_nine.png" x="1969" y="926" w="57" h="57"/>
        <sprite n="indicator_one.png" x="1969" y="867" w="57" h="57"/>
        <sprite n="indicator_seven.png" x="1965" y="1162" w="57" h="56"/>
        <sprite n="indicator_six.png" x="1969" y="808" w="57" h="57"/>
        <sprite n="indicator_three.png" x="1969" y="749" w="57" h="57"/>
        <sprite n="indicator_two.png" x="1969" y="690" w="57" h="57"/>
        <sprite n="info_button_active.png" x="1867" y="948" w="100" h="84"/>
        <sprite n="info_button_disabled.png" x="1867" y="862" w="100" h="84"/>
        <sprite n="info_button_down.png" x="1867" y="776" w="100" h="84"/>
        <sprite n="info_button_over.png" x="1867" y="690" w="100" h="84"/>
        <sprite n="start_skip_take_button_active.png" x="1867" y="604" w="152" h="84"/>
        <sprite n="start_skip_take_button_disabled.png" x="1867" y="518" w="152" h="84"/>
        <sprite n="start_skip_take_button_down.png" x="1867" y="432" w="152" h="84"/>
        <sprite n="start_skip_take_button_over.png" x="1867" y="346" w="152" h="84"/>
    </sprites>
</TextureAtlas>
