<?xml version="1.0" encoding="UTF-8"?>
<TextureAtlas imagePath="GamblerSpriteSheet.png" width="2048" height="2048">
    <sprites>
        <sprite n="blue_card_reverse.png" x="530" y="1407" w="262" h="373"/>
        <sprite n="clubs_card.png" x="530" y="1032" w="262" h="373"/>
        <sprite n="diamond_card.png" x="266" y="1407" w="262" h="373"/>
        <sprite n="gambler_background.png" x="2" y="2" w="1599" h="797"/>
        <sprite n="gambler_button_black_active.png" x="1603" y="775" w="370" h="255"/>
        <sprite n="gambler_button_black_disabled.png" x="1603" y="518" w="370" h="255"/>
        <sprite n="gambler_button_red_active.png" x="1603" y="260" w="370" h="256"/>
        <sprite n="gambler_button_red_disabled.png" x="1603" y="2" w="370" h="256"/>
        <sprite n="heart_card.png" x="266" y="1032" w="262" h="373"/>
        <sprite n="red_card_reverse.png" x="2" y="1407" w="262" h="373"/>
        <sprite n="small_blue_card_reverse.png" x="196" y="1782" w="95" h="134"/>
        <sprite n="small_clubs_card.png" x="99" y="1782" w="95" h="134"/>
        <sprite n="small_diamond_card.png" x="2" y="1782" w="95" h="134"/>
        <sprite n="small_heart_card.png" x="196" y="801" w="95" h="134"/>
        <sprite n="small_red_card_reverse.png" x="99" y="801" w="95" h="134"/>
        <sprite n="small_spade_card.png" x="2" y="801" w="95" h="134"/>
        <sprite n="spade_card.png" x="2" y="1032" w="262" h="373"/>
    </sprites>
</TextureAtlas>
