<animation xmlns="http://www.atsisa.com/gox/gamelogic/animations"
           xmlns:xsi="http://www.w3.org/2001/XMLSchema-instance"
           xsi:schemaLocation="http://www.atsisa.com/gox/gamelogic/animations">>
    <winAnimations>
        <winAnimation winDescriptorId="0" name="Short"/>
        <winAnimation winDescriptorId="1" name="Short"/>
        <winAnimation winDescriptorId="2" name="Short"/>
        <winAnimation winDescriptorId="3" name="Short"/>
        <winAnimation winDescriptorId="4" name="Short"/>
        <winAnimation winDescriptorId="5" name="Short"/>
        <winAnimation winDescriptorId="6" name="Short"/>
        <winAnimation winDescriptorId="7" name="Short"/>
        <winAnimation winDescriptorId="8" name="Short"/>
        <winAnimation winDescriptorId="9" name="Short"/>
        <winAnimation winDescriptorId="10" name="Short"/>
        <winAnimation winDescriptorId="11" name="Short"/>
        <winAnimation winDescriptorId="12" name="Short"/>
        <winAnimation winDescriptorId="13" name="Short"/>
        <winAnimation winDescriptorId="14" name="Short"/>
        <winAnimation winDescriptorId="15" name="Short"/>
        <winAnimation winDescriptorId="16" name="Short"/>
        <winAnimation winDescriptorId="17" name="Short"/>
        <winAnimation winDescriptorId="18" name="Short"/>
        <winAnimation winDescriptorId="19" name="Short"/>
        <winAnimation winDescriptorId="20" name="Short"/>
        <winAnimation winDescriptorId="21" name="Short"/>
        <winAnimation winDescriptorId="22" name="Short"/>
        <winAnimation winDescriptorId="23" name="Short"/>
        <winAnimation winDescriptorId="24" name="Short"/>
        <winAnimation winDescriptorId="25" name="Short"/>
        <winAnimation winDescriptorId="26" name="Short"/>
        <winAnimation winDescriptorId="27" name="Short"/>
        <winAnimation winDescriptorId="28" name="Short"/>
        <winAnimation winDescriptorId="29" name="Short"/>
        <winAnimation winDescriptorId="30" name="Short"/>
        <winAnimation winDescriptorId="31" name="Short"/>
        <winAnimation winDescriptorId="32" name="Short"/>
        <winAnimation winDescriptorId="33" name="Short"/>
        <winAnimation winDescriptorId="34" name="Short"/>
        <winAnimation winDescriptorId="35" name="Short"/>
        <winAnimation winDescriptorId="36" name="Short"/>
        <winAnimation winDescriptorId="37" name="Short"/>
        <winAnimation winDescriptorId="38" name="Short"/>
        <winAnimation winDescriptorId="39" name="Short"/>
        <winAnimation winDescriptorId="40" name="Short"/>
        <winAnimation winDescriptorId="41" name="Short"/>
        <winAnimation winDescriptorId="42" name="Short"/>
        <winAnimation winDescriptorId="43" name="Short"/>
        <winAnimation winDescriptorId="44" name="Short"/>
        <winAnimation winDescriptorId="45" name="Short"/>
        <winAnimation winDescriptorId="46" name="Short"/>
        <winAnimation winDescriptorId="47" name="Short"/>
        <winAnimation winDescriptorId="48" name="Short"/>
        <winAnimation winDescriptorId="49" name="Short"/>
        <winAnimation winDescriptorId="50" name="Short"/>
        <winAnimation winDescriptorId="51" name="Short"/>
        <winAnimation winDescriptorId="52" name="Short"/>
        <winAnimation winDescriptorId="53" name="Short"/>
        <winAnimation winDescriptorId="54" name="Short"/>
        <winAnimation winDescriptorId="55" name="Short"/>
        <winAnimation winDescriptorId="56" name="Short"/>
        <winAnimation winDescriptorId="57" name="Short"/>
        <winAnimation winDescriptorId="58" name="Short"/>
        <winAnimation winDescriptorId="59" name="Short"/>
        <winAnimation winDescriptorId="60" name="Short"/>
        <winAnimation winDescriptorId="61" name="Short"/>
        <winAnimation winDescriptorId="62" name="Short"/>
        <winAnimation winDescriptorId="63" name="Short"/>
        <winAnimation winDescriptorId="64" name="Short"/>
        <winAnimation winDescriptorId="65" name="Short"/>
        <winAnimation winDescriptorId="66" name="Short"/>
        <winAnimation winDescriptorId="67" name="Short"/>
        <winAnimation winDescriptorId="68" name="Short"/>
        <winAnimation winDescriptorId="69" name="Short"/>
        <winAnimation winDescriptorId="70" name="Short"/>
        <winAnimation winDescriptorId="71" name="Short"/>
        <winAnimation winDescriptorId="72" name="Short"/>
        <winAnimation winDescriptorId="73" name="Short"/>
        <winAnimation winDescriptorId="74" name="Short"/>
        <winAnimation winDescriptorId="75" name="Short"/>
        <winAnimation winDescriptorId="76" name="Short"/>
        <winAnimation winDescriptorId="77" name="Short"/>
        <winAnimation winDescriptorId="78" name="Short"/>
        <winAnimation winDescriptorId="79" name="Short"/>
        <winAnimation winDescriptorId="80" name="Short"/>
        <winAnimation winDescriptorId="81" name="Short"/>
    </winAnimations>
</animation>