<payTable xmlns="http://www.atsisa.com/gox/gamelogic/payTable">
    <lineWinDescriptors>
        <lineWinDescriptor>
            <winDescriptor winId="0">
                <symbol id ="6" name="SymbolK" type="BaseSymbol"/>
                <symbolsAmount>5</symbolsAmount>
                <score>10</score>
            </winDescriptor>
            <winLineCombinationStyles>
                <winLineCombinationStyle>LeftToRight</winLineCombinationStyle>
            </winLineCombinationStyles>
        </lineWinDescriptor>
        <lineWinDescriptor>
            <winDescriptor winId="1">
                <symbol id ="6" name="SymbolK" type="BaseSymbol"/>
                <symbolsAmount>4</symbolsAmount>
                <score>6</score>
            </winDescriptor>
            <winLineCombinationStyles>
                <winLineCombinationStyle>LeftToRight</winLineCombinationStyle>
            </winLineCombinationStyles>
        </lineWinDescriptor>
        <lineWinDescriptor>
            <winDescriptor winId="2">
                <symbol id ="6" name="SymbolK" type="BaseSymbol"/>
                <symbolsAmount>3</symbolsAmount>
                <score>4</score>
            </winDescriptor>
            <winLineCombinationStyles>
                <winLineCombinationStyle>LeftToRight</winLineCombinationStyle>
            </winLineCombinationStyles>
        </lineWinDescriptor>
        <lineWinDescriptor>
            <winDescriptor winId="3">
                <symbol id="5" name="SymbolA" type="BaseSymbol"/>
                <symbolsAmount>5</symbolsAmount>
                <score>10</score>
            </winDescriptor>
            <winLineCombinationStyles>
                <winLineCombinationStyle>LeftToRight</winLineCombinationStyle>
            </winLineCombinationStyles>
        </lineWinDescriptor>
        <lineWinDescriptor>
            <winDescriptor winId="4">
                <symbol id="5" name="SymbolA" type="BaseSymbol"/>
                <symbolsAmount>4</symbolsAmount>
                <score>6</score>
            </winDescriptor>
            <winLineCombinationStyles>
                <winLineCombinationStyle>LeftToRight</winLineCombinationStyle>
            </winLineCombinationStyles>
        </lineWinDescriptor>
        <lineWinDescriptor>
            <winDescriptor winId="5">
                <symbol id="5" name="SymbolA" type="BaseSymbol"/>
                <symbolsAmount>3</symbolsAmount>
                <score>4</score>
            </winDescriptor>
            <winLineCombinationStyles>
                <winLineCombinationStyle>LeftToRight</winLineCombinationStyle>
            </winLineCombinationStyles>
        </lineWinDescriptor>
        <lineWinDescriptor>
            <winDescriptor winId="57">
                <symbol id="4" name="Violet" type="BaseSymbol"/>
                <symbolsAmount>10</symbolsAmount>
                <score>250</score>
            </winDescriptor>
            <winLineCombinationStyles>
                <winLineCombinationStyle>LeftToRight</winLineCombinationStyle>
            </winLineCombinationStyles>
        </lineWinDescriptor>
        <lineWinDescriptor>
            <winDescriptor winId="56">
                <symbol id="4" name="Violet" type="BaseSymbol"/>
                <symbolsAmount>9</symbolsAmount>
                <score>100</score>
            </winDescriptor>
            <winLineCombinationStyles>
                <winLineCombinationStyle>LeftToRight</winLineCombinationStyle>
            </winLineCombinationStyles>
        </lineWinDescriptor>
        <lineWinDescriptor>
            <winDescriptor winId="55">
                <symbol id="4" name="Violet" type="BaseSymbol"/>
                <symbolsAmount>8</symbolsAmount>
                <score>30</score>
            </winDescriptor>
            <winLineCombinationStyles>
                <winLineCombinationStyle>LeftToRight</winLineCombinationStyle>
            </winLineCombinationStyles>
        </lineWinDescriptor>
        <lineWinDescriptor>
            <winDescriptor winId="54">
                <symbol id="4" name="Violet" type="BaseSymbol"/>
                <symbolsAmount>7</symbolsAmount>
                <score>15</score>
            </winDescriptor>
            <winLineCombinationStyles>
                <winLineCombinationStyle>LeftToRight</winLineCombinationStyle>
            </winLineCombinationStyles>
        </lineWinDescriptor>
        <lineWinDescriptor>
            <winDescriptor winId="53">
                <symbol id="4" name="Violet" type="BaseSymbol"/>
                <symbolsAmount>6</symbolsAmount>
                <score>12</score>
            </winDescriptor>
            <winLineCombinationStyles>
                <winLineCombinationStyle>LeftToRight</winLineCombinationStyle>
            </winLineCombinationStyles>
        </lineWinDescriptor>
        <lineWinDescriptor>
            <winDescriptor winId="6">
                <symbol id="4" name="Violet" type="BaseSymbol"/>
                <symbolsAmount>5</symbolsAmount>
                <score>10</score>
            </winDescriptor>
            <winLineCombinationStyles>
                <winLineCombinationStyle>LeftToRight</winLineCombinationStyle>
            </winLineCombinationStyles>
        </lineWinDescriptor>
        <lineWinDescriptor>
            <winDescriptor winId="7">
                <symbol id="4" name="Violet" type="BaseSymbol"/>
                <symbolsAmount>4</symbolsAmount>
                <score>7</score>
            </winDescriptor>
            <winLineCombinationStyles>
                <winLineCombinationStyle>LeftToRight</winLineCombinationStyle>
            </winLineCombinationStyles>
        </lineWinDescriptor>
        <lineWinDescriptor>
            <winDescriptor winId="8">
                <symbol id="4" name="Violet" type="BaseSymbol"/>
                <symbolsAmount>3</symbolsAmount>
                <score>5</score>
            </winDescriptor>
            <winLineCombinationStyles>
                <winLineCombinationStyle>LeftToRight</winLineCombinationStyle>
            </winLineCombinationStyles>
        </lineWinDescriptor>
        <lineWinDescriptor>
            <winDescriptor winId="52">
                <symbol id="3" name="Blue" type="BaseSymbol"/>
                <symbolsAmount>10</symbolsAmount>
                <score>500</score>
            </winDescriptor>
            <winLineCombinationStyles>
                <winLineCombinationStyle>LeftToRight</winLineCombinationStyle>
            </winLineCombinationStyles>
        </lineWinDescriptor>
        <lineWinDescriptor>
            <winDescriptor winId="51">
                <symbol id="3" name="Blue" type="BaseSymbol"/>
                <symbolsAmount>9</symbolsAmount>
                <score>150</score>
            </winDescriptor>
            <winLineCombinationStyles>
                <winLineCombinationStyle>LeftToRight</winLineCombinationStyle>
            </winLineCombinationStyles>
        </lineWinDescriptor>
        <lineWinDescriptor>
            <winDescriptor winId="50">
                <symbol id="3" name="Blue" type="BaseSymbol"/>
                <symbolsAmount>8</symbolsAmount>
                <score>50</score>
            </winDescriptor>
            <winLineCombinationStyles>
                <winLineCombinationStyle>LeftToRight</winLineCombinationStyle>
            </winLineCombinationStyles>
        </lineWinDescriptor>
        <lineWinDescriptor>
            <winDescriptor winId="49">
                <symbol id="3" name="Blue" type="BaseSymbol"/>
                <symbolsAmount>7</symbolsAmount>
                <score>20</score>
            </winDescriptor>
            <winLineCombinationStyles>
                <winLineCombinationStyle>LeftToRight</winLineCombinationStyle>
            </winLineCombinationStyles>
        </lineWinDescriptor>
        <lineWinDescriptor>
            <winDescriptor winId="48">
                <symbol id="3" name="Blue" type="BaseSymbol"/>
                <symbolsAmount>6</symbolsAmount>
                <score>15</score>
            </winDescriptor>
            <winLineCombinationStyles>
                <winLineCombinationStyle>LeftToRight</winLineCombinationStyle>
            </winLineCombinationStyles>
        </lineWinDescriptor>
        <lineWinDescriptor>
            <winDescriptor winId="9">
                <symbol id="3" name="Blue" type="BaseSymbol"/>
                <symbolsAmount>5</symbolsAmount>
                <score>12</score>
            </winDescriptor>
            <winLineCombinationStyles>
                <winLineCombinationStyle>LeftToRight</winLineCombinationStyle>
            </winLineCombinationStyles>
        </lineWinDescriptor>
        <lineWinDescriptor>
            <winDescriptor winId="10">
                <symbol id="3" name="Blue" type="BaseSymbol"/>
                <symbolsAmount>4</symbolsAmount>
                <score>8</score>
            </winDescriptor>
            <winLineCombinationStyles>
                <winLineCombinationStyle>LeftToRight</winLineCombinationStyle>
            </winLineCombinationStyles>
        </lineWinDescriptor>
        <lineWinDescriptor>
            <winDescriptor winId="11">
                <symbol id="3" name="Blue" type="BaseSymbol"/>
                <symbolsAmount>3</symbolsAmount>
                <score>5</score>
            </winDescriptor>
            <winLineCombinationStyles>
                <winLineCombinationStyle>LeftToRight</winLineCombinationStyle>
            </winLineCombinationStyles>
        </lineWinDescriptor>
        <lineWinDescriptor>
            <winDescriptor winId="21">
                <symbol id="10" name="Blue2" type="BaseSymbol"/>
                <symbolsAmount>3</symbolsAmount>
                <score>15</score>
            </winDescriptor>
            <winLineCombinationStyles>
                <winLineCombinationStyle>LeftToRight</winLineCombinationStyle>
            </winLineCombinationStyles>
        </lineWinDescriptor>
        <lineWinDescriptor>
            <winDescriptor winId="66">
                <symbol id="10" name="Blue2" type="BaseSymbol"/>
                <symbolsAmount>4</symbolsAmount>
                <score>50</score>
            </winDescriptor>
            <winLineCombinationStyles>
                <winLineCombinationStyle>LeftToRight</winLineCombinationStyle>
            </winLineCombinationStyles>
        </lineWinDescriptor>
        <lineWinDescriptor>
            <winDescriptor winId="67">
                <symbol id="10" name="Blue2" type="BaseSymbol"/>
                <symbolsAmount>5</symbolsAmount>
                <score>500</score>
            </winDescriptor>
            <winLineCombinationStyles>
                <winLineCombinationStyle>LeftToRight</winLineCombinationStyle>
            </winLineCombinationStyles>
        </lineWinDescriptor>
        <lineWinDescriptor>
            <winDescriptor winId="22">
                <symbol id="11" name="Violet2" type="BaseSymbol"/>
                <symbolsAmount>3</symbolsAmount>
                <score>12</score>
            </winDescriptor>
            <winLineCombinationStyles>
                <winLineCombinationStyle>LeftToRight</winLineCombinationStyle>
            </winLineCombinationStyles>
        </lineWinDescriptor>
        <lineWinDescriptor>
            <winDescriptor winId="72">
                <symbol id="11" name="Violet2" type="BaseSymbol"/>
                <symbolsAmount>4</symbolsAmount>
                <score>30</score>
            </winDescriptor>
            <winLineCombinationStyles>
                <winLineCombinationStyle>LeftToRight</winLineCombinationStyle>
            </winLineCombinationStyles>
        </lineWinDescriptor>
        <lineWinDescriptor>
            <winDescriptor winId="73">
                <symbol id="11" name="Violet2" type="BaseSymbol"/>
                <symbolsAmount>5</symbolsAmount>
                <score>250</score>
            </winDescriptor>
            <winLineCombinationStyles>
                <winLineCombinationStyle>LeftToRight</winLineCombinationStyle>
            </winLineCombinationStyles>
        </lineWinDescriptor>
        <lineWinDescriptor>
            <winDescriptor winId="62">
                <symbol id="2" name="Pink" type="BaseSymbol"/>
                <symbolsAmount>10</symbolsAmount>
                <score>250</score>
            </winDescriptor>
            <winLineCombinationStyles>
                <winLineCombinationStyle>LeftToRight</winLineCombinationStyle>
            </winLineCombinationStyles>
        </lineWinDescriptor>
        <lineWinDescriptor>
            <winDescriptor winId="61">
                <symbol id="2" name="Pink" type="BaseSymbol"/>
                <symbolsAmount>9</symbolsAmount>
                <score>100</score>
            </winDescriptor>
            <winLineCombinationStyles>
                <winLineCombinationStyle>LeftToRight</winLineCombinationStyle>
            </winLineCombinationStyles>
        </lineWinDescriptor>
        <lineWinDescriptor>
            <winDescriptor winId="60">
                <symbol id="2" name="Pink" type="BaseSymbol"/>
                <symbolsAmount>8</symbolsAmount>
                <score>30</score>
            </winDescriptor>
            <winLineCombinationStyles>
                <winLineCombinationStyle>LeftToRight</winLineCombinationStyle>
            </winLineCombinationStyles>
        </lineWinDescriptor>
        <lineWinDescriptor>
            <winDescriptor winId="59">
                <symbol id="2" name="Pink" type="BaseSymbol"/>
                <symbolsAmount>7</symbolsAmount>
                <score>15</score>
            </winDescriptor>
            <winLineCombinationStyles>
                <winLineCombinationStyle>LeftToRight</winLineCombinationStyle>
            </winLineCombinationStyles>
        </lineWinDescriptor>
        <lineWinDescriptor>
            <winDescriptor winId="58">
                <symbol id="2" name="Pink" type="BaseSymbol"/>
                <symbolsAmount>6</symbolsAmount>
                <score>12</score>
            </winDescriptor>
            <winLineCombinationStyles>
                <winLineCombinationStyle>LeftToRight</winLineCombinationStyle>
            </winLineCombinationStyles>
        </lineWinDescriptor>
        <lineWinDescriptor>
            <winDescriptor winId="12">
                <symbol id="2" name="Pink" type="BaseSymbol"/>
                <symbolsAmount>5</symbolsAmount>
                <score>10</score>
            </winDescriptor>
            <winLineCombinationStyles>
                <winLineCombinationStyle>LeftToRight</winLineCombinationStyle>
            </winLineCombinationStyles>
        </lineWinDescriptor>
        <lineWinDescriptor>
            <winDescriptor winId="13">
                <symbol id="2" name="Pink" type="BaseSymbol"/>
                <symbolsAmount>4</symbolsAmount>
                <score>7</score>
            </winDescriptor>
            <winLineCombinationStyles>
                <winLineCombinationStyle>LeftToRight</winLineCombinationStyle>
            </winLineCombinationStyles>
        </lineWinDescriptor>
        <lineWinDescriptor>
            <winDescriptor winId="14">
                <symbol id="2" name="Pink" type="BaseSymbol"/>
                <symbolsAmount>3</symbolsAmount>
                <score>5</score>
            </winDescriptor>
            <winLineCombinationStyles>
                <winLineCombinationStyle>LeftToRight</winLineCombinationStyle>
            </winLineCombinationStyles>
        </lineWinDescriptor>
        <lineWinDescriptor>
            <winDescriptor winId="47">
                <symbol id="1" name="Yellow" type="BaseSymbol"/>
                <symbolsAmount>10</symbolsAmount>
                <score>500</score>
            </winDescriptor>
            <winLineCombinationStyles>
                <winLineCombinationStyle>LeftToRight</winLineCombinationStyle>
            </winLineCombinationStyles>
        </lineWinDescriptor>
        <lineWinDescriptor>
            <winDescriptor winId="46">
                <symbol id="1" name="Yellow" type="BaseSymbol"/>
                <symbolsAmount>9</symbolsAmount>
                <score>150</score>
            </winDescriptor>
            <winLineCombinationStyles>
                <winLineCombinationStyle>LeftToRight</winLineCombinationStyle>
            </winLineCombinationStyles>
        </lineWinDescriptor>
        <lineWinDescriptor>
            <winDescriptor winId="45">
                <symbol id="1" name="Yellow" type="BaseSymbol"/>
                <symbolsAmount>8</symbolsAmount>
                <score>50</score>
            </winDescriptor>
            <winLineCombinationStyles>
                <winLineCombinationStyle>LeftToRight</winLineCombinationStyle>
            </winLineCombinationStyles>
        </lineWinDescriptor>
        <lineWinDescriptor>
            <winDescriptor winId="44">
                <symbol id="1" name="Yellow" type="BaseSymbol"/>
                <symbolsAmount>7</symbolsAmount>
                <score>20</score>
            </winDescriptor>
            <winLineCombinationStyles>
                <winLineCombinationStyle>LeftToRight</winLineCombinationStyle>
            </winLineCombinationStyles>
        </lineWinDescriptor>
        <lineWinDescriptor>
            <winDescriptor winId="43">
                <symbol id="1" name="Yellow" type="BaseSymbol"/>
                <symbolsAmount>6</symbolsAmount>
                <score>15</score>
            </winDescriptor>
            <winLineCombinationStyles>
                <winLineCombinationStyle>LeftToRight</winLineCombinationStyle>
            </winLineCombinationStyles>
        </lineWinDescriptor>
        <lineWinDescriptor>
            <winDescriptor winId="15">
                <symbol id="1" name="Yellow" type="BaseSymbol"/>
                <symbolsAmount>5</symbolsAmount>
                <score>12</score>
            </winDescriptor>
            <winLineCombinationStyles>
                <winLineCombinationStyle>LeftToRight</winLineCombinationStyle>
            </winLineCombinationStyles>
        </lineWinDescriptor>
        <lineWinDescriptor>
            <winDescriptor winId="16">
                <symbol id="1" name="Yellow" type="BaseSymbol"/>
                <symbolsAmount>4</symbolsAmount>
                <score>8</score>
            </winDescriptor>
            <winLineCombinationStyles>
                <winLineCombinationStyle>LeftToRight</winLineCombinationStyle>
            </winLineCombinationStyles>
        </lineWinDescriptor>
        <lineWinDescriptor>
            <winDescriptor winId="17">
                <symbol id="1" name="Yellow" type="BaseSymbol"/>
                <symbolsAmount>3</symbolsAmount>
                <score>5</score>
            </winDescriptor>
            <winLineCombinationStyles>
                <winLineCombinationStyle>LeftToRight</winLineCombinationStyle>
            </winLineCombinationStyles>
        </lineWinDescriptor>
        <lineWinDescriptor>
            <winDescriptor winId="42">
                <symbol id="0" name="Green" type="BaseSymbol"/>
                <symbolsAmount>10</symbolsAmount>
                <score>1000</score>
            </winDescriptor>
            <winLineCombinationStyles>
                <winLineCombinationStyle>LeftToRight</winLineCombinationStyle>
            </winLineCombinationStyles>
        </lineWinDescriptor>
        <lineWinDescriptor>
            <winDescriptor winId="41">
                <symbol id="0" name="Green" type="BaseSymbol"/>
                <symbolsAmount>9</symbolsAmount>
                <score>250</score>
            </winDescriptor>
            <winLineCombinationStyles>
                <winLineCombinationStyle>LeftToRight</winLineCombinationStyle>
            </winLineCombinationStyles>
        </lineWinDescriptor>
        <lineWinDescriptor>
            <winDescriptor winId="40">
                <symbol id="0" name="Green" type="BaseSymbol"/>
                <symbolsAmount>8</symbolsAmount>
                <score>100</score>
            </winDescriptor>
            <winLineCombinationStyles>
                <winLineCombinationStyle>LeftToRight</winLineCombinationStyle>
            </winLineCombinationStyles>
        </lineWinDescriptor>
        <lineWinDescriptor>
            <winDescriptor winId="39">
                <symbol id="0" name="Green" type="BaseSymbol"/>
                <symbolsAmount>7</symbolsAmount>
                <score>50</score>
            </winDescriptor>
            <winLineCombinationStyles>
                <winLineCombinationStyle>LeftToRight</winLineCombinationStyle>
            </winLineCombinationStyles>
        </lineWinDescriptor>
        <lineWinDescriptor>
            <winDescriptor winId="38">
                <symbol id="0" name="Green" type="BaseSymbol"/>
                <symbolsAmount>6</symbolsAmount>
                <score>30</score>
            </winDescriptor>
            <winLineCombinationStyles>
                <winLineCombinationStyle>LeftToRight</winLineCombinationStyle>
            </winLineCombinationStyles>
        </lineWinDescriptor>
        <lineWinDescriptor>
            <winDescriptor winId="18">
                <symbol id="0" name="Green" type="BaseSymbol"/>
                <symbolsAmount>5</symbolsAmount>
                <score>15</score>
            </winDescriptor>
            <winLineCombinationStyles>
                <winLineCombinationStyle>LeftToRight</winLineCombinationStyle>
            </winLineCombinationStyles>
        </lineWinDescriptor>
        <lineWinDescriptor>
            <winDescriptor winId="19">
                <symbol id="0" name="Green" type="BaseSymbol"/>
                <symbolsAmount>4</symbolsAmount>
                <score>10</score>
            </winDescriptor>
            <winLineCombinationStyles>
                <winLineCombinationStyle>LeftToRight</winLineCombinationStyle>
            </winLineCombinationStyles>
        </lineWinDescriptor>
        <lineWinDescriptor>
            <winDescriptor winId="20">
                <symbol id="0" name="Green" type="BaseSymbol"/>
                <symbolsAmount>3</symbolsAmount>
                <score>8</score>
            </winDescriptor>
            <winLineCombinationStyles>
                <winLineCombinationStyle>LeftToRight</winLineCombinationStyle>
            </winLineCombinationStyles>
        </lineWinDescriptor>
        <lineWinDescriptor>
            <winDescriptor winId="22">
                <symbol id="12" name="Green2" type="BaseSymbol"/>
                <symbolsAmount>3</symbolsAmount>
                <score>30</score>
            </winDescriptor>
            <winLineCombinationStyles>
                <winLineCombinationStyle>LeftToRight</winLineCombinationStyle>
            </winLineCombinationStyles>
        </lineWinDescriptor>
        <lineWinDescriptor>
            <winDescriptor winId="70">
                <symbol id="12" name="Green2" type="BaseSymbol"/>
                <symbolsAmount>4</symbolsAmount>
                <score>100</score>
            </winDescriptor>
            <winLineCombinationStyles>
                <winLineCombinationStyle>LeftToRight</winLineCombinationStyle>
            </winLineCombinationStyles>
        </lineWinDescriptor>
        <lineWinDescriptor>
            <winDescriptor winId="71">
                <symbol id="12" name="Green2" type="BaseSymbol"/>
                <symbolsAmount>5</symbolsAmount>
                <score>1000</score>
            </winDescriptor>
            <winLineCombinationStyles>
                <winLineCombinationStyle>LeftToRight</winLineCombinationStyle>
            </winLineCombinationStyles>
        </lineWinDescriptor>
        <lineWinDescriptor>
            <winDescriptor winId="23">
                <symbol id="13" name="Yellow2" type="BaseSymbol"/>
                <symbolsAmount>3</symbolsAmount>
                <score>15</score>
            </winDescriptor>
            <winLineCombinationStyles>
                <winLineCombinationStyle>LeftToRight</winLineCombinationStyle>
            </winLineCombinationStyles>
        </lineWinDescriptor>
        <lineWinDescriptor>
            <winDescriptor winId="68">
                <symbol id="13" name="Yellow2" type="BaseSymbol"/>
                <symbolsAmount>4</symbolsAmount>
                <score>50</score>
            </winDescriptor>
            <winLineCombinationStyles>
                <winLineCombinationStyle>LeftToRight</winLineCombinationStyle>
            </winLineCombinationStyles>
        </lineWinDescriptor>
        <lineWinDescriptor>
            <winDescriptor winId="69">
                <symbol id="13" name="Yellow2" type="BaseSymbol"/>
                <symbolsAmount>5</symbolsAmount>
                <score>500</score>
            </winDescriptor>
            <winLineCombinationStyles>
                <winLineCombinationStyle>LeftToRight</winLineCombinationStyle>
            </winLineCombinationStyles>
        </lineWinDescriptor>
        <lineWinDescriptor>
            <winDescriptor winId="24">
                <symbol id="14" name="Pink2" type="BaseSymbol"/>
                <symbolsAmount>3</symbolsAmount>
                <score>50</score>
            </winDescriptor>
            <winLineCombinationStyles>
                <winLineCombinationStyle>LeftToRight</winLineCombinationStyle>
            </winLineCombinationStyles>
        </lineWinDescriptor>
        <lineWinDescriptor>
            <winDescriptor winId="74">
                <symbol id="14" name="Pink2" type="BaseSymbol"/>
                <symbolsAmount>4</symbolsAmount>
                <score>12</score>
            </winDescriptor>
            <winLineCombinationStyles>
                <winLineCombinationStyle>LeftToRight</winLineCombinationStyle>
            </winLineCombinationStyles>
        </lineWinDescriptor>
        <lineWinDescriptor>
            <winDescriptor winId="75">
                <symbol id="14" name="Pink2" type="BaseSymbol"/>
                <symbolsAmount>5</symbolsAmount>
                <score>250</score>
            </winDescriptor>
            <winLineCombinationStyles>
                <winLineCombinationStyle>LeftToRight</winLineCombinationStyle>
            </winLineCombinationStyles>
        </lineWinDescriptor>
        <lineWinDescriptor>
            <winDescriptor winId="25">
                <symbol id ="7" name="SymbolQ" type="BaseSymbol"/>
                <symbolsAmount>5</symbolsAmount>
                <score>8</score>
            </winDescriptor>
            <winLineCombinationStyles>
                <winLineCombinationStyle>LeftToRight</winLineCombinationStyle>
            </winLineCombinationStyles>
        </lineWinDescriptor>
        <lineWinDescriptor>
            <winDescriptor winId="26">
                <symbol id ="7" name="SymbolQ" type="BaseSymbol"/>
                <symbolsAmount>4</symbolsAmount>
                <score>5</score>
            </winDescriptor>
            <winLineCombinationStyles>
                <winLineCombinationStyle>LeftToRight</winLineCombinationStyle>
            </winLineCombinationStyles>
        </lineWinDescriptor>
        <lineWinDescriptor>
            <winDescriptor winId="27">
                <symbol id ="7" name="SymbolQ" type="BaseSymbol"/>
                <symbolsAmount>3</symbolsAmount>
                <score>3</score>
            </winDescriptor>
            <winLineCombinationStyles>
                <winLineCombinationStyle>LeftToRight</winLineCombinationStyle>
            </winLineCombinationStyles>
        </lineWinDescriptor>
        <lineWinDescriptor>
            <winDescriptor winId="28">
                <symbol id ="8" name="SymbolJ" type="BaseSymbol"/>
                <symbolsAmount>5</symbolsAmount>
                <score>8</score>
            </winDescriptor>
            <winLineCombinationStyles>
                <winLineCombinationStyle>LeftToRight</winLineCombinationStyle>
            </winLineCombinationStyles>
        </lineWinDescriptor>
        <lineWinDescriptor>
            <winDescriptor winId="29">
                <symbol id ="8" name="SymbolJ" type="BaseSymbol"/>
                <symbolsAmount>4</symbolsAmount>
                <score>8</score>
            </winDescriptor>
            <winLineCombinationStyles>
                <winLineCombinationStyle>LeftToRight</winLineCombinationStyle>
            </winLineCombinationStyles>
        </lineWinDescriptor>
        <lineWinDescriptor>
            <winDescriptor winId="30">
                <symbol id ="8" name="SymbolJ" type="BaseSymbol"/>
                <symbolsAmount>3</symbolsAmount>
                <score>3</score>
            </winDescriptor>
            <winLineCombinationStyles>
                <winLineCombinationStyle>LeftToRight</winLineCombinationStyle>
            </winLineCombinationStyles>
        </lineWinDescriptor>
        <lineWinDescriptor>
            <winDescriptor winId="31">
                <symbol id ="9" name="Symbol10" type="BaseSymbol"/>
                <symbolsAmount>5</symbolsAmount>
                <score>8</score>
            </winDescriptor>
            <winLineCombinationStyles>
                <winLineCombinationStyle>LeftToRight</winLineCombinationStyle>
            </winLineCombinationStyles>
        </lineWinDescriptor>
        <lineWinDescriptor>
            <winDescriptor winId="32">
                <symbol id ="9" name="Symbol10" type="BaseSymbol"/>
                <symbolsAmount>4</symbolsAmount>
                <score>5</score>
            </winDescriptor>
            <winLineCombinationStyles>
                <winLineCombinationStyle>LeftToRight</winLineCombinationStyle>
            </winLineCombinationStyles>
        </lineWinDescriptor>
        <lineWinDescriptor>
            <winDescriptor winId="33">
                <symbol id ="9" name="Symbol10" type="BaseSymbol"/>
                <symbolsAmount>3</symbolsAmount>
                <score>3</score>
            </winDescriptor>
            <winLineCombinationStyles>
                <winLineCombinationStyle>LeftToRight</winLineCombinationStyle>
            </winLineCombinationStyles>
        </lineWinDescriptor>

<!--
        <lineWinDescriptor>
            <winDescriptor winId="64">
                <symbol id ="15" name="Scatter" type="ScatterSymbol"/>
                <symbolsAmount>5</symbolsAmount>
                <score>50</score>
            </winDescriptor>
            <winLineCombinationStyles>
                <winLineCombinationStyle>Scattered</winLineCombinationStyle>
            </winLineCombinationStyles>
        </lineWinDescriptor>
        <lineWinDescriptor>
            <winDescriptor winId="63">
                <symbol id ="15" name="Scatter" type="ScatterSymbol"/>
                <symbolsAmount>4</symbolsAmount>
                <score>25</score>
            </winDescriptor>
            <winLineCombinationStyles>
                <winLineCombinationStyle>Scattered</winLineCombinationStyle>
            </winLineCombinationStyles>
        </lineWinDescriptor>
        <lineWinDescriptor>
            <winDescriptor winId="34">
                <symbol id ="15" name="Scatter" type="ScatterSymbol"/>
                <symbolsAmount>3</symbolsAmount>
                <score>10</score>
            </winDescriptor>
            <winLineCombinationStyles>
                <winLineCombinationStyle>Scattered</winLineCombinationStyle>
            </winLineCombinationStyles>
        </lineWinDescriptor>
-->


        <lineWinDescriptor>
            <winDescriptor winId="36">
                <symbol id ="17" name="Wild" type="BaseSymbol"/>
                <symbolsAmount>3</symbolsAmount>
                <score>250</score>
            </winDescriptor>
            <winLineCombinationStyles>
                <winLineCombinationStyle>LeftToRight</winLineCombinationStyle>
            </winLineCombinationStyles>
        </lineWinDescriptor>
        <lineWinDescriptor>
            <winDescriptor winId="37">
                <symbol id ="18" name="Wild2" type="BaseSymbol"/>
                <symbolsAmount>3</symbolsAmount>
                <score>250</score>
            </winDescriptor>
            <winLineCombinationStyles>
                <winLineCombinationStyle>LeftToRight</winLineCombinationStyle>
            </winLineCombinationStyles>
        </lineWinDescriptor>


        <lineWinDescriptor>
            <winDescriptor winId="78">
                <symbol id ="16" name="Track" type="BaseSymbol"/>
                <symbolsAmount>5</symbolsAmount>
                <score>500</score>
            </winDescriptor>
            <winLineCombinationStyles>
                <winLineCombinationStyle>LeftToRight</winLineCombinationStyle>
            </winLineCombinationStyles>
        </lineWinDescriptor>
        <lineWinDescriptor>
            <winDescriptor winId="77">
                <symbol id ="16" name="Track" type="BaseSymbol"/>
                <symbolsAmount>4</symbolsAmount>
                <score>50</score>
            </winDescriptor>
            <winLineCombinationStyles>
                <winLineCombinationStyle>LeftToRight</winLineCombinationStyle>
            </winLineCombinationStyles>
        </lineWinDescriptor>
        <lineWinDescriptor>
            <winDescriptor winId="76">
                <symbol id ="16" name="Track" type="BaseSymbol"/>
                <symbolsAmount>3</symbolsAmount>
                <score>15</score>
            </winDescriptor>
            <winLineCombinationStyles>
                <winLineCombinationStyle>LeftToRight</winLineCombinationStyle>
            </winLineCombinationStyles>
        </lineWinDescriptor>

        <lineWinDescriptor>
            <winDescriptor winId="79">
                <symbol id ="19" name="TrackR" type="BaseSymbol"/>
                <symbolsAmount>5</symbolsAmount>
                <score>500</score>
            </winDescriptor>
            <winLineCombinationStyles>
                <winLineCombinationStyle>LeftToRight</winLineCombinationStyle>
            </winLineCombinationStyles>
        </lineWinDescriptor>
        <lineWinDescriptor>
            <winDescriptor winId="80">
                <symbol id ="19" name="TrackR" type="BaseSymbol"/>
                <symbolsAmount>4</symbolsAmount>
                <score>50</score>
            </winDescriptor>
            <winLineCombinationStyles>
                <winLineCombinationStyle>LeftToRight</winLineCombinationStyle>
            </winLineCombinationStyles>
        </lineWinDescriptor>
        <lineWinDescriptor>
            <winDescriptor winId="81">
                <symbol id ="19" name="TrackR" type="BaseSymbol"/>
                <symbolsAmount>3</symbolsAmount>
                <score>15</score>
            </winDescriptor>
            <winLineCombinationStyles>
                <winLineCombinationStyle>LeftToRight</winLineCombinationStyle>
            </winLineCombinationStyles>
        </lineWinDescriptor>

    </lineWinDescriptors>
</payTable>