<reelStrips xmlns="http://www.atsisa.com/gox/reels/reelstrips">
    <reelStrip number="0" type="BaseGame">
        <symbols>
            <symbol>Symbol1</symbol>
            <symbol>Symbol3</symbol>
            <symbol>Symbol5</symbol>
            <symbol>Symbol4</symbol>
            <symbol>Symbol4</symbol>
            <symbol>Symbol1</symbol>
            <symbol>Symbol2</symbol>
            <symbol>Symbol6</symbol>
            <symbol>Symbol7</symbol>
        </symbols>
    </reelStrip>
    <reelStrip number="1" type="BaseGame">
        <symbols>
            <symbol>Symbol4</symbol>
            <symbol>Symbol5</symbol>
            <symbol>Symbol6</symbol>
            <symbol>Symbol1</symbol>
            <symbol>Symbol1</symbol>
            <symbol>Symbol2</symbol>
            <symbol>Symbol2</symbol>
        </symbols>
    </reelStrip>
    <reelStrip number="2" type="BaseGame">
        <symbols>
            <symbol>Symbol3</symbol>
            <symbol>Symbol4</symbol>
            <symbol>Symbol4</symbol>
            <symbol>Symbol5</symbol>
            <symbol>Symbol5</symbol>
            <symbol>Symbol2</symbol>
            <symbol>Symbol3</symbol>
            <symbol>Symbol1</symbol>
        </symbols>
    </reelStrip>
    <reelStrip number="3" type="BaseGame">
        <symbols>
            <symbol>Symbol6</symbol>
            <symbol>Symbol1</symbol>
            <symbol>Symbol1</symbol>
            <symbol>Symbol7</symbol>
            <symbol>Symbol7</symbol>
            <symbol>Symbol3</symbol>
            <symbol>Symbol2</symbol>
            <symbol>Symbol3</symbol>
            <symbol>Symbol4</symbol>
        </symbols>
    </reelStrip>
    <reelStrip number="4" type="BaseGame">
        <symbols>
            <symbol>Symbol6</symbol>
            <symbol>Symbol6</symbol>
            <symbol>Symbol5</symbol>
            <symbol>Symbol4</symbol>
            <symbol>Symbol3</symbol>
            <symbol>Symbol3</symbol>
            <symbol>Symbol2</symbol>
            <symbol>Symbol1</symbol>
            <symbol>Symbol3</symbol>
        </symbols>
    </reelStrip>
</reelStrips>