<linesModel xmlns:xsi="http://www.w3.org/2001/XMLSchema-instance"
       xmlns="http://www.atsisa.com/gox/gamelogic/linesModel"
       xsi:schemaLocation="http://www.atsisa.com/gox/gamelogic/linesModel">
    <lineDescriptors>
<!--        <lineDescriptor id="0">
            <positions>
                <position reel="0" row="1" />
                <position reel="1" row="1" />
                <position reel="2" row="1" />
                <position reel="3" row="1" />
                <position reel="4" row="1" />
                <position reel="0" row="0" />
                <position reel="1" row="0" />
                <position reel="2" row="0" />
                <position reel="3" row="0" />
                <position reel="4" row="0" />
            </positions>
        </lineDescriptor>-->

<!--        <lineDescriptor id="0">
            <positions>
                <position reel="0" row="0" />
                <position reel="0" row="1" />
                <position reel="0" row="2" />
                <position reel="0" row="3" />
                <position reel="1" row="0" />
                <position reel="1" row="1" />
                <position reel="1" row="2" />
                <position reel="1" row="3" />
                <position reel="2" row="0" />
                <position reel="2" row="1" />
                <position reel="2" row="2" />
                <position reel="2" row="3" />
                <position reel="3" row="0" />
                <position reel="3" row="1" />
                <position reel="3" row="2" />
                <position reel="3" row="3" />
                <position reel="4" row="0" />
                <position reel="4" row="1" />
                <position reel="4" row="2" />
                <position reel="4" row="3" />
            </positions>
        </lineDescriptor>-->
        <lineDescriptor id="1">
            <positions>
                <position reel="0" row="1" />
                <position reel="1" row="1" />
                <position reel="2" row="1" />
                <position reel="3" row="1" />
                <position reel="4" row="1" />
            </positions>
        </lineDescriptor>
        <lineDescriptor id="2">
            <positions>
                <position reel="0" row="2" />
                <position reel="1" row="2" />
                <position reel="2" row="2" />
                <position reel="3" row="2" />
                <position reel="4" row="2" />
            </positions>
        </lineDescriptor>
        <lineDescriptor id="3">
            <positions>
                <position reel="0" row="0" />
                <position reel="1" row="0" />
                <position reel="2" row="0" />
                <position reel="3" row="0" />
                <position reel="4" row="0" />
            </positions>
        </lineDescriptor>
        <lineDescriptor id="4">
            <positions>
                <position reel="0" row="3" />
                <position reel="1" row="3" />
                <position reel="2" row="3" />
                <position reel="3" row="3" />
                <position reel="4" row="3" />
            </positions>
        </lineDescriptor>
        <lineDescriptor id="5">
            <positions>
                <position reel="0" row="0" />
                <position reel="1" row="1" />
                <position reel="2" row="2" />
                <position reel="3" row="1" />
                <position reel="4" row="0" />
            </positions>
        </lineDescriptor>
        <lineDescriptor id="6">
            <positions>
                <position reel="0" row="3" />
                <position reel="1" row="2" />
                <position reel="2" row="1" />
                <position reel="3" row="2" />
                <position reel="4" row="3" />
            </positions>
        </lineDescriptor>
        <lineDescriptor id="7">
            <positions>
                <position reel="0" row="1" />
                <position reel="1" row="0" />
                <position reel="2" row="0" />
                <position reel="3" row="0" />
                <position reel="4" row="1" />
            </positions>
        </lineDescriptor>
        <lineDescriptor id="8">
            <positions>
                <position reel="0" row="2" />
                <position reel="1" row="3" />
                <position reel="2" row="3" />
                <position reel="3" row="3" />
                <position reel="4" row="2" />
            </positions>
        </lineDescriptor>
        <lineDescriptor id="9">
            <positions>
                <position reel="0" row="0" />
                <position reel="1" row="1" />
                <position reel="2" row="1" />
                <position reel="3" row="1" />
                <position reel="4" row="0" />
            </positions>
        </lineDescriptor>
        <lineDescriptor id="10">
            <positions>
                <position reel="0" row="3" />
                <position reel="1" row="2" />
                <position reel="2" row="2" />
                <position reel="3" row="2" />
                <position reel="4" row="3" />
            </positions>
        </lineDescriptor>
        <lineDescriptor id="11">
            <positions>
                <position reel="0" row="1" />
                <position reel="1" row="1" />
                <position reel="2" row="0" />
                <position reel="3" row="1" />
                <position reel="4" row="1" />
            </positions>
        </lineDescriptor>
        <lineDescriptor id="12">
            <positions>
                <position reel="0" row="2" />
                <position reel="1" row="2" />
                <position reel="2" row="3" />
                <position reel="3" row="2" />
                <position reel="4" row="2" />
            </positions>
        </lineDescriptor>
        <lineDescriptor id="13">
            <positions>
                <position reel="0" row="0" />
                <position reel="1" row="1" />
                <position reel="2" row="0" />
                <position reel="3" row="1" />
                <position reel="4" row="0" />
            </positions>
        </lineDescriptor>
        <lineDescriptor id="14">
            <positions>
                <position reel="0" row="3" />
                <position reel="1" row="2" />
                <position reel="2" row="3" />
                <position reel="3" row="2" />
                <position reel="4" row="3" />
            </positions>
        </lineDescriptor>
        <lineDescriptor id="15">
            <positions>
                <position reel="0" row="1" />
                <position reel="1" row="2" />
                <position reel="2" row="3" />
                <position reel="3" row="2" />
                <position reel="4" row="1" />
            </positions>
        </lineDescriptor>
        <lineDescriptor id="16">
            <positions>
                <position reel="0" row="2" />
                <position reel="1" row="1" />
                <position reel="2" row="0" />
                <position reel="3" row="1" />
                <position reel="4" row="2" />
            </positions>
        </lineDescriptor>
        <lineDescriptor id="17">
            <positions>
                <position reel="0" row="0" />
                <position reel="1" row="0" />
                <position reel="2" row="1" />
                <position reel="3" row="0" />
                <position reel="4" row="0" />
            </positions>
        </lineDescriptor>
        <lineDescriptor id="18">
            <positions>
                <position reel="0" row="3" />
                <position reel="1" row="3" />
                <position reel="2" row="2" />
                <position reel="3" row="3" />
                <position reel="4" row="3" />
            </positions>
        </lineDescriptor>
        <lineDescriptor id="19">
            <positions>
                <position reel="0" row="1" />
                <position reel="1" row="0" />
                <position reel="2" row="1" />
                <position reel="3" row="0" />
                <position reel="4" row="1" />
            </positions>
        </lineDescriptor>

        <lineDescriptor id="20">
            <positions>
                <position reel="0" row="2" />
                <position reel="1" row="3" />
                <position reel="2" row="2" />
                <position reel="3" row="3" />
                <position reel="4" row="2" />
            </positions>
        </lineDescriptor>
        <lineDescriptor id="21">
            <positions>
                <position reel="0" row="1" />
                <position reel="1" row="1" />
                <position reel="2" row="2" />
                <position reel="3" row="1" />
                <position reel="4" row="1" />
            </positions>
        </lineDescriptor>
        <lineDescriptor id="22">
            <positions>
                <position reel="0" row="2" />
                <position reel="1" row="2" />
                <position reel="2" row="1" />
                <position reel="3" row="2" />
                <position reel="4" row="2" />
            </positions>
        </lineDescriptor>
        <lineDescriptor id="23">
            <positions>
                <position reel="0" row="1" />
                <position reel="1" row="2" />
                <position reel="2" row="1" />
                <position reel="3" row="2" />
                <position reel="4" row="1" />
            </positions>
        </lineDescriptor>
        <lineDescriptor id="24">
            <positions>
                <position reel="0" row="2" />
                <position reel="1" row="1" />
                <position reel="2" row="2" />
                <position reel="3" row="1" />
                <position reel="4" row="2" />
            </positions>
        </lineDescriptor>
        <lineDescriptor id="25">
            <positions>
                <position reel="0" row="1" />
                <position reel="1" row="2" />
                <position reel="2" row="2" />
                <position reel="3" row="2" />
                <position reel="4" row="1" />
            </positions>
        </lineDescriptor>
        <lineDescriptor id="26">
            <positions>
                <position reel="0" row="2" />
                <position reel="1" row="1" />
                <position reel="2" row="1" />
                <position reel="3" row="1" />
                <position reel="4" row="2" />
            </positions>
        </lineDescriptor>
        <lineDescriptor id="27">
            <positions>
                <position reel="0" row="0" />
                <position reel="1" row="0" />
                <position reel="2" row="1" />
                <position reel="3" row="2" />
                <position reel="4" row="3" />
            </positions>
        </lineDescriptor>
        <lineDescriptor id="28">
            <positions>
                <position reel="0" row="3" />
                <position reel="1" row="3" />
                <position reel="2" row="2" />
                <position reel="3" row="1" />
                <position reel="4" row="0" />
            </positions>
        </lineDescriptor>
        <lineDescriptor id="29">
            <positions>
                <position reel="0" row="0" />
                <position reel="1" row="1" />
                <position reel="2" row="2" />
                <position reel="3" row="3" />
                <position reel="4" row="3" />
            </positions>
        </lineDescriptor>
        <lineDescriptor id="30">
            <positions>
                <position reel="0" row="3" />
                <position reel="1" row="2" />
                <position reel="2" row="1" />
                <position reel="3" row="0" />
                <position reel="4" row="0" />
            </positions>
        </lineDescriptor>
        <lineDescriptor id="31">
            <positions>
                <position reel="0" row="2" />
                <position reel="1" row="2" />
                <position reel="2" row="1" />
                <position reel="3" row="0" />
                <position reel="4" row="0" />
            </positions>
        </lineDescriptor>
        <lineDescriptor id="32">
            <positions>
                <position reel="0" row="1" />
                <position reel="1" row="1" />
                <position reel="2" row="2" />
                <position reel="3" row="3" />
                <position reel="4" row="3" />
            </positions>
        </lineDescriptor>
        <lineDescriptor id="33">
            <positions>
                <position reel="0" row="0" />
                <position reel="1" row="1" />
                <position reel="2" row="2" />
                <position reel="3" row="2" />
                <position reel="4" row="2" />
            </positions>
        </lineDescriptor>
        <lineDescriptor id="34">
            <positions>
                <position reel="0" row="3" />
                <position reel="1" row="2" />
                <position reel="2" row="1" />
                <position reel="3" row="1" />
                <position reel="4" row="1" />
            </positions>
        </lineDescriptor>
        <lineDescriptor id="35">
            <positions>
                <position reel="0" row="1" />
                <position reel="1" row="2" />
                <position reel="2" row="3" />
                <position reel="3" row="3" />
                <position reel="4" row="3" />
            </positions>
        </lineDescriptor>
        <lineDescriptor id="36">
            <positions>
                <position reel="0" row="2" />
                <position reel="1" row="1" />
                <position reel="2" row="0" />
                <position reel="3" row="0" />
                <position reel="4" row="0" />
            </positions>
        </lineDescriptor>
        <lineDescriptor id="37">
            <positions>
                <position reel="0" row="1" />
                <position reel="1" row="1" />
                <position reel="2" row="1" />
                <position reel="3" row="2" />
                <position reel="4" row="3" />
            </positions>
        </lineDescriptor>
        <lineDescriptor id="38">
            <positions>
                <position reel="0" row="2" />
                <position reel="1" row="2" />
                <position reel="2" row="2" />
                <position reel="3" row="1" />
                <position reel="4" row="0" />
            </positions>
        </lineDescriptor>
        <lineDescriptor id="39">
            <positions>
                <position reel="0" row="0" />
                <position reel="1" row="0" />
                <position reel="2" row="0" />
                <position reel="3" row="1" />
                <position reel="4" row="2" />
            </positions>
        </lineDescriptor>
        <lineDescriptor id="40">
            <positions>
                <position reel="0" row="3" />
                <position reel="1" row="3" />
                <position reel="2" row="3" />
                <position reel="3" row="2" />
                <position reel="4" row="1" />
            </positions>
        </lineDescriptor>
        <lineDescriptor id="41">
            <positions>
                <position reel="0" row="0" />
                <position reel="1" row="1" />
                <position reel="2" row="1" />
                <position reel="3" row="1" />
                <position reel="4" row="1" />
            </positions>
        </lineDescriptor>
        <lineDescriptor id="42">
            <positions>
                <position reel="0" row="3" />
                <position reel="1" row="2" />
                <position reel="2" row="2" />
                <position reel="3" row="2" />
                <position reel="4" row="2" />
            </positions>
        </lineDescriptor>
        <lineDescriptor id="43">
            <positions>
                <position reel="0" row="1" />
                <position reel="1" row="2" />
                <position reel="2" row="2" />
                <position reel="3" row="2" />
                <position reel="4" row="2" />
            </positions>
        </lineDescriptor>
        <lineDescriptor id="44">
            <positions>
                <position reel="0" row="2" />
                <position reel="1" row="1" />
                <position reel="2" row="1" />
                <position reel="3" row="1" />
                <position reel="4" row="1" />
            </positions>
        </lineDescriptor>
        <lineDescriptor id="45">
            <positions>
                <position reel="0" row="1" />
                <position reel="1" row="0" />
                <position reel="2" row="0" />
                <position reel="3" row="0" />
                <position reel="4" row="0" />
            </positions>
        </lineDescriptor>
        <lineDescriptor id="46">
            <positions>
                <position reel="0" row="2" />
                <position reel="1" row="3" />
                <position reel="2" row="3" />
                <position reel="3" row="3" />
                <position reel="4" row="3" />
            </positions>
        </lineDescriptor>
        <lineDescriptor id="47">
            <positions>
                <position reel="0" row="0" />
                <position reel="1" row="0" />
                <position reel="2" row="2" />
                <position reel="3" row="0" />
                <position reel="4" row="0" />
            </positions>
        </lineDescriptor>
        <lineDescriptor id="48">
            <positions>
                <position reel="0" row="3" />
                <position reel="1" row="3" />
                <position reel="2" row="1" />
                <position reel="3" row="3" />
                <position reel="4" row="3" />
            </positions>
        </lineDescriptor>
        <lineDescriptor id="49">
            <positions>
                <position reel="0" row="1" />
                <position reel="1" row="1" />
                <position reel="2" row="3" />
                <position reel="3" row="1" />
                <position reel="4" row="1" />
            </positions>
        </lineDescriptor>
        <lineDescriptor id="50">
            <positions>
                <position reel="0" row="2" />
                <position reel="1" row="2" />
                <position reel="2" row="0" />
                <position reel="3" row="2" />
                <position reel="4" row="2" />
            </positions>
        </lineDescriptor>
    </lineDescriptors>
</linesModel>