<scatterCalculatorConfiguration
        xmlns="http://www.atsisa.com/gox/gamelogic/scatterPayTable"
        xmlns:xsi="http://www.w3.org/2001/XMLSchema-instance"
        xsi:schemaLocation="http://www.atsisa.com/gox/gamelogic/scatterPayTable">
    <winDescriptors>


        <winDescriptor winId="64">
            <symbol id ="15" name="Scatter" type="ScatterSymbol"/>
            <symbolsAmount>5</symbolsAmount>
            <score>0</score>
        </winDescriptor>

        <winDescriptor winId="63">
            <symbol id ="15" name="Scatter" type="ScatterSymbol"/>
            <symbolsAmount>4</symbolsAmount>
            <score>0</score>
        </winDescriptor>

        <winDescriptor winId="34">
            <symbol id ="15" name="Scatter" type="ScatterSymbol"/>
            <symbolsAmount>3</symbolsAmount>
            <score>0</score>
        </winDescriptor>

<!--        <winDescriptor winId="65">
            <symbol id ="15" name="Scatter" type="ScatterSymbol"/>
            <symbolsAmount>1</symbolsAmount>
            <score>0</score>
        </winDescriptor>-->

    </winDescriptors>

</scatterCalculatorConfiguration>
