<queues xmlns="http://www.atsisa.com/gox/framework/action"
        xmlns:r="http://www.atsisa.com/gox/reels/action"
        xmlns:b="http://www.atsisa.com/game/queencleopatra/action"
        xmlns:e="http://www.atsisa.com/gox/reels/extended/symbol/action"
        xmlns:f="http://www.atsisa.com/gox/reels/free/games/action">

    <queue name="InitializeGame">
        <actions>
            <r:SendInitRequest/>
            <!--<r:SendInitRequest/>-->
            <FadeInScreen screenId="fadeScreen" timeSpan="250"/>
        </actions>
    </queue>

    <queue name="OnError">
        <actions>
            <StopAllSounds/>
            <UpdateScreen screenId="baseGameScreen" method="pause"/>
            <UpdateScreen screenId="gamblerScreen" method="pause"/>
            <UpdateScreen screenId="infoScreen" method="pause"/>
            <UpdateScreen screenId="enterFeatureBannerScreen" method="pause"/>
            <ShowScreen screenId="errorScreen"/>
        </actions>
    </queue>

    <queue name="ResetGame">
        <actions>
            <r:SendInitRequest/>
        </actions>
    </queue>

    <queue name="Clear">
        <actions>
            <b:Startlisteninglanguage/>
            <b:InitHandlingLogoMovies/>
            <b:SetConfigurationWinLineView/>
            <b:SetReelsSpeen/>
            <r:StopAutoPlay/>
            <FadeInScreen screenId="fadeScreen" timeSpan="250"/>
            <UpdateScreen screenId="baseGameScreen" method="reset"/>
            <UpdateScreen screenId="gamblerScreen" method="reset"/>
            <r:UpdatePresentation state="Idle"/>
            <UpdateScreen screenId="winLinesScreen" method="reset"/>
            <UpdateScreen screenId="infoScreen" method="reset"/>
            <r:HideWinningLines/>
            <r:StopAnimationWinningSymbols/>
            <HideScreen screenId="gamblerScreen">
                <animation>
                    <destinationX>1920</destinationX>
                    <timeSpan>0</timeSpan>
                </animation>
            </HideScreen>
            <HideScreen screenId="historyScreen"/>
            <HideScreen screenId="errorScreen"/>
            <HideScreen screenId="infoScreen"/>
        </actions>
    </queue>

    <queue name="GameStart">
        <actions>
            <r:UpdatePresentation state="GameStart"/>
            <ExecuteNow queueName="Clear"/>
            <r:DisplayStoppedSymbols/>
            <ShowScreen screenId="baseGameScreen"/>
            <ShowScreen screenId="payTableScreen"/>
            <ShowScreen screenId="bottomPanelScreen"/>
            <ShowScreen screenId="winLinesScreen"/>
            <ShowScreen screenId="wonPanelScreen"/>
            <ShowScreen screenId="infoScreen"/>
            <HideScreen screenId="menuScreen"/>
            <b:Startlisteninglanguage/>
            <!--<b:InitHandlingLogoMovies/>-->
            <!--<b:SetConfigurationWinLineView/>-->
            <r:UpdateMessageArea message="{#LangPlaceYourBet}" messageType="BOTTOM_PANEL"/>
            <r:UpdatePresentation state="Idle"/>
            <ExecuteNow queueName="HideFeatureBackground"/>
            <FadeOutScreen screenId="fadeScreen" timeSpan="250"/>
        </actions>
    </queue>

    <queue name="SpinReels">
        <actions>
            <b:StopSplashScreenVideo/>
            <b:SimpleCollect reset="true"/>
            <r:UpdatePresentation state="RunningReels"/>
            <UpdateScreen screenId="infoScreen" method="reset"/>
            <r:SpinReels/>
            <b:TurboMode/>
            <r:AutoPlayBundle expectAutoPlayOn="true">
                <Pause pauseTime="200"/>
            </r:AutoPlayBundle>
            <r:UpdateMessageArea message="{#LangGoodLuck}" messageType="BOTTOM_PANEL"/>
            <r:AutoPlayBundle expectAutoPlayOn="false">
                <PlaySound soundId="reelstartIllinois"/>
                <b:StartSoundSpeenReelBaseGame/>
            </r:AutoPlayBundle>
            <StartTimer timerName="spin" duration="0"/>
            <InsertQueue name="SendBetRequest"/>

        </actions>
    </queue>

    <queue name="BaseGameLimit">
        <actions>
            <r:UpdatePresentation state="StoppingReels"/>
            <Bundle>
                <WaitForTimer timerName="spin"/>
                <r:StopReels/>
            </Bundle>
            <r:StopReels forceStop="true"/>
            <b:StopSoundSpeenReelBaseGame/>
            <!--<PauseSound soundId="ReelSpinMelody"/>-->
            <r:StartAnimationWinningSymbols/>
            <r:UpdatePresentation state="ReelsWinAnimation"/>
            <r:WinningLinesBundle>
                <r:ShowNextWinningLine/>
                <r:UpdateMessageArea message="{#LangLineXPays}" messageType="BOTTOM_PANEL"/>
                <r:PlayCurrentWinningLineSound/>
            </r:WinningLinesBundle>
            <r:ShowNextWinningLine/>
            <PlaySound soundId="WinCountStop"/>
            <ExecuteNext queueName="TakeWin"/>
        </actions>
    </queue>

    <queue name="RBaseGameLimit">
        <actions>
            <ExecuteNow queueName="Clear"/>
            <r:DisplayStoppedSymbols/>
            <ShowScreen screenId="baseGameScreen"/>
            <ShowScreen screenId="bottomPanelScreen"/>
            <ShowScreen screenId="winLinesScreen"/>
            <ShowScreen screenId="payTableScreen"/>
            <r:StartAnimationWinningSymbols/>
            <r:ShowNextWinningLine/>
            <r:UpdateMessageArea message="" messageType="BOTTOM_PANEL"/>
            <r:UpdatePresentation state="ReelsWinAnimation"/>
            <FadeOutScreen screenId="fadeScreen" timeSpan="250"/>
            <ExecuteNext queueName="TakeWin"/>
        </actions>
    </queue>

    <queue name="BaseGameLose">
        <actions>
            <r:UpdatePresentation state="StoppingReels"/>
            <Bundle>
                <WaitForTimer timerName="spin"/>
                <r:StopReels/>
            </Bundle>
            <r:UpdatePresentation state="GameLose"/>
            <r:StopReels forceStop="true"/>
            <!--<PauseSound soundId="ReelSpinMelody"/>-->
            <b:StopSoundSpeenReelBaseGame/>
            <r:AutoPlayBundle expectAutoPlayOn="false">
                <r:UpdateMessageArea message="{#LangGameOver} - {#LangPlaceYourBet}" messageType="BOTTOM_PANEL"/>
            </r:AutoPlayBundle>
            <r:AutoPlayBundle expectAutoPlayOn="true">
                <r:UpdateMessageArea message="{#LangGameOver}" messageType="BOTTOM_PANEL"/>
            </r:AutoPlayBundle>
            <r:UpdatePresentation state="Idle"/>
            <InsertQueue name="ExecuteNextDependingOnAutoPlaySpin"/>
        </actions>
    </queue>

    <queue name="RBaseGameLose">
        <actions>
            <InsertQueue name="InitResume"/>
            <r:UpdatePresentation state="GameLose"/>
            <r:UpdateMessageArea message="{#LangGameOver} - {#LangPlaceYourBet}" messageType="BOTTOM_PANEL"/>
            <r:UpdatePresentation state="Idle"/>
            <FadeOutScreen screenId="fadeScreen" timeSpan="250"/>
        </actions>
    </queue>

    <queue name="BaseGameWin">
        <actions>
            <r:UpdatePresentation state="StoppingReels"/>
            <Bundle>
                <WaitForTimer timerName="spin"/>
                <r:StopReels/>
            </Bundle>
            <b:StopSoundSpeenReelBaseGame/>
            <r:UpdatePresentation state="None"/>
            <r:StopReels forceStop="true"/>
            <!--<StopSound soundId="ReelSpinMelody"/>-->
            <b:StopSoundSpeenReelBaseGame/>
            <b:SimpleCollect/>
            <b:WinAreaTakeWinAnimation step="1"/>
            <b:ShowBigWin/>
            <!--<b:SimpleCollect skip="true"/>-->
            <b:PauseAfterSkip/>
            <r:StartAnimationWinningSymbols/>
            <r:UpdatePresentation state="ReelsWinAnimation"/>
            <r:WinningLinesBundle>
                <r:ShowNextWinningLine/>
                <r:UpdateMessageArea message="{#LangLineXPays}" messageType="BOTTOM_PANEL"/>
                <r:PlayCurrentWinningLineSound/>
            </r:WinningLinesBundle>
            <r:ShowNextWinningLine/>

            <b:CanPlayCollectSound queueName="BaseGameWinPart2"/>
            <ParallelBundle finishCondition="ANY">
                <LoopBundle>
                    <Pause pauseTime="1000"/>
                    <r:ShowNextWinningLine/>
                </LoopBundle>
                <b:PlayCollectSound/>
            </ParallelBundle>
            <b:SimpleCollect skip="true"/>
            <r:UpdatePresentation state="OfferGambler"/>
            <r:ExecuteNextDependingOnAutoPlay queueName="TakeWin"/>
            <b:ExecuteNextDependingOnGambleOffAction queueName="TakeWin"/>
            <r:UpdateMessageArea message="{#LangGambleOrTakeWin}" messageType="BOTTOM_PANEL"/>
            <PlaySound soundId="GambleLoop" loop="true"/>
            <LoopBundle>
                <Pause pauseTime="1000"/>
                <r:ShowNextWinningLine/>
            </LoopBundle>
            <StopSound soundId="GambleLoop"/>
        </actions>
    </queue>

    <queue name="BaseGameWinPart2">
        <actions>
            <b:SimpleCollect skip="true"/>
            <r:UpdatePresentation state="OfferGambler"/>
            <r:ExecuteNextDependingOnAutoPlay queueName="TakeWin"/>
            <b:ExecuteNextDependingOnGambleOffAction queueName="TakeWin"/>
            <r:UpdateMessageArea message="{#LangGambleOrTakeWin}" messageType="BOTTOM_PANEL"/>
            <PlaySound soundId="GambleLoop" loop="true"/>
            <LoopBundle>
                <Pause pauseTime="1000"/>
                <r:ShowNextWinningLine/>
            </LoopBundle>
            <StopSound soundId="GambleLoop"/>
        </actions>
    </queue>


    <queue name="InitResume">
        <actions>
            <ExecuteNow queueName="Clear"/>
            <r:DisplayStoppedSymbols/>
            <ShowScreen screenId="baseGameScreen"/>
            <ShowScreen screenId="bottomPanelScreen"/>
            <ShowScreen screenId="winLinesScreen"/>
            <ShowScreen screenId="payTableScreen"/>
        </actions>
    </queue>

    <queue name="RBaseGameWin">
        <actions>
            <InsertQueue name="InitResume"/>
            <r:WinningLinesBundle>
                <r:ShowNextWinningLine/>
            </r:WinningLinesBundle>
            <r:StartAnimationWinningSymbols/>
            <r:UpdateMessageArea message="{#LangGambleOrTakeWin}" messageType="BOTTOM_PANEL"/>
            <r:UpdatePresentation state="OfferGambler"/>
            <PlaySound soundId="GambleLoop" loop="true"/>
            <FadeOutScreen screenId="fadeScreen" timeSpan="250"/>
            <LoopBundle>
                <r:ShowNextWinningLine/>
                <Pause pauseTime="1000"/>
            </LoopBundle>
            <StopSound soundId="GambleLoop"/>
        </actions>
    </queue>

    <queue name="TakeWin">
        <actions>
            <b:SetSkipEnable skip="false"/>
            <b:SimpleCollect skip="true"/>
            <!--<Pause pauseTime="3000"/>-->
            <InsertQueue name="ClearFreeGamesState"/>
            <r:UpdatePresentation state="GameWin"/>
            <!--<Pause pauseTime="3000"/>-->
            <r:SendTakeWinRequest/>
            <b:ReturnOriginalSymbolDepth/>
            <!--<Pause pauseTime="2000"/>-->
        </actions>
    </queue>

    <queue name="OfferGamblerTakeWin">
        <actions>
            <r:StopAnimationWinningSymbols/>
            <r:HideWinningLines/>
            <r:UpdatePresentation state="WinCounting"/>
            <r:UpdateMessageArea message="" messageType="BOTTOM_PANEL"/>
            <ParallelBundle finishCondition="ANY">
                <PlaySound soundId="BalanceToWin" loop="true" blocking="true"/>
                <r:StartWinToBalanceAnimation singleStepDuration="100" skipSoundId="BalanceToWinSkip"/>
                <LoopBundle>
                    <Pause pauseTime="1000"/>
                    <!--<r:ShowNextWinningLine/>-->
                </LoopBundle>
            </ParallelBundle>
            <b:WinAreaTakeWinAnimation step="2"/>
            <PlaySound soundId="WinCountStop"/>
            <r:HideWinningLines/>

            <r:UpdateMessageArea message="{#LangWinnerPaid}" messageType="BOTTOM_PANEL"/>
            <r:UpdatePresentation state="Idle"/>
            <InsertQueue name="ExecuteNextDependingOnAutoPlaySpin"/>
            <b:ReturnOriginalSymbolDepth/>
        </actions>
    </queue>

    <queue name="ROfferGamblerTakeWin">
        <actions>
            <InsertQueue name="InitResume"/>
            <r:UpdateMessageArea message="{#LangWinnerPaid}" messageType="BOTTOM_PANEL"/>
            <r:UpdatePresentation state="Idle"/>
            <FadeOutScreen screenId="fadeScreen" timeSpan="250"/>
            <b:ReturnOriginalSymbolDepth/>
        </actions>
    </queue>

    <queue name="EnteringGambler" force="true">
        <actions>
            <b:SimpleCollect skip="true"/>
            <!--<PlaySound soundId="cardsLoop" loop="true"/>-->
            <r:UpdatePresentation state="EnteringGambler"/>
            <r:SendGambleRequest/>
        </actions>
    </queue>

    <queue name="EnterGambler">
        <actions>
            <InsertQueue name="ClearFreeGamesState"/>
            <r:UpdateMessageArea message="{#LangChooseBlackOrRedOrTakeWin}" messageType="BOTTOM_PANEL"/>
            <r:UpdateGamblerHistoryCards/>
            <PlaySound soundId="Shift"/>
            <r:UpdateGamblerScreen state="SHOWING"/>
            <ShowScreen screenId="gamblerScreen">
                <animation>
                    <destinationX>0</destinationX>
                    <timeSpan>500</timeSpan>
                </animation>
            </ShowScreen>
            <r:HideWinningLines/>
            <r:UpdateGamblerScreen state="SELECT_CARD"/>
            <r:UpdatePresentation state="Gambler"/>
            <PlaySound soundId="DeckSound" loop="true"/>
            <!--<PlaySound soundId="cardsLoop" loop="true"/>-->
            <LoopBundle>
                <ToggleViewVisibility layoutId="gamblerScreen" viewId="animationCard"/>
                <Pause pauseTime="100"/>
            </LoopBundle>
        </actions>
    </queue>

    <queue name="REnterGambler">
        <actions>
            <InsertQueue name="InitResume"/>
            <r:UpdateMessageArea message="{#LangChooseBlackOrRedOrTakeWin}" messageType="BOTTOM_PANEL"/>
            <r:UpdateGamblerHistoryCards/>
            <ShowScreen screenId="gamblerScreen">
                <animation>
                    <destinationX>0</destinationX>
                    <timeSpan>0</timeSpan>
                </animation>
            </ShowScreen>
            <r:UpdateGamblerScreen state="SELECT_CARD"/>
            <r:UpdatePresentation state="Gambler"/>
            <PlaySound soundId="DeckSound" loop="true"/>
            <PlaySound soundId="cardsLoop" loop="true"/>
            <r:UpdateGamblerScreen state="SELECT_CARD"/>
            <r:UpdatePresentation state="Gambler"/>
            <!--<PlaySound soundId="DeckSound" loop="true"/>-->
            <PlaySound soundId="cardsLoop" loop="true"/>
            <FadeOutScreen screenId="fadeScreen" timeSpan="250"/>
            <LoopBundle>
                <ToggleViewVisibility layoutId="gamblerScreen" viewId="animationCard"/>
                <Pause pauseTime="100"/>
            </LoopBundle>
        </actions>
    </queue>

    <queue name="SelectedGamblerRedCard" force="true">
        <actions>
            <r:UpdateMessageArea message="" messageType="BOTTOM_PANEL"/>
            <r:UpdateGamblerScreen state="SELECTED_RED_CARD"/>
            <ParallelBundle finishCondition="ANY">
                <r:SendBetRedRequest/>
                <LoopBundle>
                    <ToggleViewVisibility layoutId="gamblerScreen" viewId="animationCard"/>
                    <Pause pauseTime="100"/>
                </LoopBundle>
            </ParallelBundle>
        </actions>
    </queue>

    <queue name="SelectedGamblerBlackCard" force="true">
        <actions>
            <r:UpdateMessageArea message="" messageType="BOTTOM_PANEL"/>
            <r:UpdateGamblerScreen state="SELECTED_BLACK_CARD"/>
            <ParallelBundle finishCondition="ANY">
                <r:SendBetBlackRequest/>
                <LoopBundle>
                    <ToggleViewVisibility layoutId="gamblerScreen" viewId="animationCard"/>
                    <Pause pauseTime="100"/>
                </LoopBundle>
            </ParallelBundle>
        </actions>
    </queue>

    <queue name="GamblerWin">
        <actions>
            <r:UpdatePresentation state="GamblerWin"/>
            <StopSound soundId="DeckSound"/>
            <StopSound soundId="cardsLoop"/>
            <r:UpdateMessageArea message="{#LangAstraWin}" messageType="BOTTOM_PANEL"/>
            <PlaySound soundId="doubleChoise"/>
            <ParallelBundle finishCondition="ALL">
                <r:ShowSelectedGamblerCard/>
                <!--<b:SimpleCollect gambler="true"/>-->
                <r:PlayGamblerFlipCardSound soundId="DoubleWin" minSoundPlayTime="900"/>
            </ParallelBundle>
            <Pause pauseTime="700"/>
            <ParallelBundle finishCondition="ALL">
                <b:GambleCollect/>
                <PlaySound soundId="double_collect" loop="true"/>
            </ParallelBundle>
            <StopSound soundId="double_collect"/>
            <PlaySound soundId="double_collect_end"/>

            <Pause pauseTime="1000"/>
            <ParallelBundle finishCondition="ALL">
                <r:UpdateGamblerHistoryCards/>
                <r:HideSelectedGamblerCard/>
            </ParallelBundle>
            <PlaySound soundId="DeckSound" loop="true"/>
            <PlaySound soundId="cardsLoop" loop="true"/>
            <r:UpdateGamblerScreen state="SELECT_CARD"/>
            <r:UpdateMessageArea message="{#LangChooseBlackOrRedOrTakeWin}" messageType="BOTTOM_PANEL"/>
            <r:UpdatePresentation state="Gambler"/>
            <b:SimpleCollect skip="true"/>
            <LoopBundle>
                <ToggleViewVisibility layoutId="gamblerScreen" viewId="animationCard"/>
                <Pause pauseTime="100"/>
            </LoopBundle>
            <b:ReturnOriginalSymbolDepth/>
        </actions>
    </queue>

    <queue name="RGamblerWin">
        <actions>
            <ExecuteNow queueName="Clear"/>
            <ShowScreen screenId="baseGameScreen"/>
            <ShowScreen screenId="bottomPanelScreen"/>
            <ShowScreen screenId="winLinesScreen"/>
            <ShowScreen screenId="payTableScreen"/>
            <r:UpdateGamblerHistoryCards/>
            <r:UpdatePresentation state="GamblerWin"/>
            <r:UpdateMessageArea message="{#LangChooseBlackOrRedOrTakeWin}" messageType="BOTTOM_PANEL"/>
            <ShowScreen screenId="gamblerScreen">
                <animation>
                    <destinationX>0</destinationX>
                    <timeSpan>0</timeSpan>
                </animation>
            </ShowScreen>
            <r:UpdateGamblerScreen state="SELECT_CARD"/>
            <r:UpdatePresentation state="Gambler"/>
            <PlaySound soundId="DeckSound" loop="true"/>
            <PlaySound soundId="cardsLoop" loop="true"/>
            <FadeOutScreen screenId="fadeScreen" timeSpan="250"/>
            <LoopBundle>
                <ToggleViewVisibility layoutId="gamblerScreen" viewId="animationCard"/>
                <Pause pauseTime="100"/>
            </LoopBundle>
            <b:ReturnOriginalSymbolDepth/>
        </actions>
    </queue>

    <queue name="GamblerLose">
        <actions>
            <r:UpdatePresentation state="GamblerLose"/>
            <StopSound soundId="DeckSound"/>
            <StopSound soundId="cardsLoop"/>
            <r:UpdateMessageArea message="{#LangAstraLose}" messageType="BOTTOM_PANEL"/>
            <r:ShowSelectedGamblerCard/>
            <PlaySound soundId="doubleChoise"/>
            <Pause pauseTime="1000"/>
            <r:UpdateGamblerHistoryCards/>
            <r:StopAnimationWinningSymbols/>
            <Pause pauseTime="1000"/>
            <HideScreen screenId="gamblerScreen">
                <animation>
                    <destinationX>1920</destinationX>
                    <timeSpan>0</timeSpan>
                </animation>
            </HideScreen>
            <b:SimpleCollect reset="true"/>
            <b:WinAreaTakeWinAnimation step="3"/>
            <r:ResetGambler/>
            <r:UpdatePresentation state="GameLose"/>
            <r:UpdateMessageArea message="{#LangGameOver} - {#LangGambleCompleted} - {#LangPlaceYourBet}"
                                 messageType="BOTTOM_PANEL"/>
            <r:UpdatePresentation state="Idle"/>
            <b:ReturnOriginalSymbolDepth/>
        </actions>
    </queue>

    <queue name="RGamblerLose">
        <actions>
            <InsertQueue name="InitResume"/>
            <r:UpdateGamblerHistoryCards/>
            <r:ShowSelectedGamblerCard/>
            <PlaySound soundId="doubleChoise"/>
            <r:UpdateMessageArea message="{#LangAstraLose}" messageType="BOTTOM_PANEL"/>
            <r:UpdateGamblerScreen state="LOSE"/>
            <r:UpdatePresentation state="GamblerLose"/>
            <ShowScreen screenId="gamblerScreen">
                <animation>
                    <destinationX>0</destinationX>
                    <timeSpan>0</timeSpan>
                </animation>
            </ShowScreen>
            <r:DisplayStoppedSymbols/>
            <ShowScreen screenId="baseGameScreen"/>
            <ShowScreen screenId="bottomPanelScreen"/>
            <ShowScreen screenId="winLinesScreen"/>
            <FadeOutScreen screenId="fadeScreen" timeSpan="250"/>
            <Pause pauseTime="1500"/>
            <HideScreen screenId="gamblerScreen">
                <animation>
                    <destinationX>1920</destinationX>
                    <timeSpan>0</timeSpan>
                </animation>
            </HideScreen>
            <r:UpdatePresentation state="GameLose"/>
            <r:UpdateMessageArea message="{#LangGameOver} - {#LangGambleCompleted} - {#LangPlaceYourBet}"
                                 messageType="BOTTOM_PANEL"/>
            <r:UpdatePresentation state="Idle"/>
            <b:ReturnOriginalSymbolDepth/>
        </actions>
    </queue>

    <queue name="GamblerLimit">
        <actions>
            <StopSound soundId="DeckSound"/>
            <StopSound soundId="cardsLoop"/>
            <r:UpdateMessageArea message="{#LangAstraWin}" messageType="BOTTOM_PANEL"/>
            <PlaySound soundId="doubleChoise"/>
            <ParallelBundle finishCondition="ALL">
                <r:ShowSelectedGamblerCard/>
                <r:PlayGamblerFlipCardSound soundId="DoubleWin" minSoundPlayTime="900"/>
            </ParallelBundle>
            <Pause pauseTime="1000"/>
            <HideScreen screenId="gamblerScreen">
                <animation>
                    <destinationX>1920</destinationX>
                    <timeSpan>0</timeSpan>
                </animation>
            </HideScreen>
            <r:ResetGambler/>
            <ParallelBundle finishCondition="ANY">
                <r:SendTakeWinRequest/>
                <LoopBundle>
                    <r:ShowNextWinningLine/>
                    <Pause pauseTime="1000"/>
                </LoopBundle>
            </ParallelBundle>
            <b:ReturnOriginalSymbolDepth/>
        </actions>
    </queue>

    <queue name="RGamblerLimit">
        <actions>
            <InsertQueue queueName="RLimitTakeWin"/>
        </actions>
    </queue>

    <queue name="LimitTakeWin">
        <actions>
            <r:UpdatePresentation state="WinCounting"/>
            <r:UpdateMessageArea message="" messageType="BOTTOM_PANEL"/>
            <r:StartAnimationWinningSymbols/>
            <ParallelBundle finishCondition="ANY">
                <PlaySound soundId="BalanceToWin" loop="true" blocking="true"/>
                <r:StartWinToBalanceAnimation singleStepDuration="100" skipSoundId="BalanceToWinSkip"/>
                <LoopBundle>
                    <Pause pauseTime="1000"/>
                    <r:ShowNextWinningLine/>
                </LoopBundle>
            </ParallelBundle>
            <b:WinAreaTakeWinAnimation step="2"/>
            <PlaySound soundId="WinCountStop"/>
            <r:HideWinningLines/>
            <r:StopAnimationWinningSymbols/>
            <r:UpdateMessageArea message="{#LangWinnerPaid}" messageType="BOTTOM_PANEL"/>
            <r:UpdatePresentation state="Idle"/>
            <InsertQueue name="ExecuteNextDependingOnAutoPlaySpin"/>
            <b:ReturnOriginalSymbolDepth/>
        </actions>
    </queue>

    <queue name="RLimitTakeWin">
        <actions>
            <InsertQueue name="InitResume"/>
            <r:UpdateMessageArea message="{#LangWinnerPaid}" messageType="BOTTOM_PANEL"/>
            <r:UpdatePresentation state="Idle"/>
            <FadeOutScreen screenId="fadeScreen" timeSpan="250"/>
            <b:ReturnOriginalSymbolDepth/>
        </actions>
    </queue>

    <queue name="GamblerTakeWin">
        <actions>
            <r:HideWinningLines/>
            <r:StopAnimationWinningSymbols/>
            <!--<r:StartAnimationWinningSymbols/>-->
            <StopSound soundId="DeckSound"/>
            <StopSound soundId="cardsLoop"/>
            <HideScreen screenId="gamblerScreen">
                <animation>
                    <destinationX>1920</destinationX>
                    <timeSpan>0</timeSpan>
                </animation>
            </HideScreen>
            <r:ResetGambler/>
            <r:UpdatePresentation state="WinCounting"/>
            <r:UpdateMessageArea message="" messageType="BOTTOM_PANEL"/>
            <ParallelBundle finishCondition="ANY">
                <PlaySound soundId="BalanceToWin" loop="true" blocking="true"/>
                <r:StartWinToBalanceAnimation singleStepDuration="100" skipSoundId="BalanceToWinSkip"/>
                <LoopBundle>
                    <!--<r:ShowNextWinningLine/>-->
                    <Pause pauseTime="1000"/>
                </LoopBundle>
            </ParallelBundle>
            <b:WinAreaTakeWinAnimation step="2"/>
            <PlaySound soundId="WinCountStop"/>

            <r:UpdateMessageArea message="{#LangWinnerPaid}" messageType="BOTTOM_PANEL"/>
            <r:UpdatePresentation state="Idle"/>
            <b:ReturnOriginalSymbolDepth/>
        </actions>
    </queue>

    <queue name="RGamblerTakeWin">
        <actions>
            <InsertQueue name="InitResume"/>
            <r:UpdateMessageArea message="{#LangWinnerPaid}" messageType="BOTTOM_PANEL"/>
            <r:UpdatePresentation state="Idle"/>
            <FadeOutScreen screenId="fadeScreen" timeSpan="250"/>
            <b:ReturnOriginalSymbolDepth/>
        </actions>
    </queue>

    <queue name="ShowNextInfoScreen">
        <actions>
            <r:ShowInfoScreen screenId="infoScreen" playSound="true">
                <animation>
                    <destinationY>0</destinationY>
                    <timeSpan>300</timeSpan>
                </animation>
            </r:ShowInfoScreen>
        </actions>
    </queue>

    <queue name="ExecuteNextDependingOnAutoPlaySpin">
        <actions>
            <r:ExecuteNextDependingOnAutoPlay queueName="SpinReels"/>
        </actions>
    </queue>

    <queue name="ShowLangScreen">
        <actions>
            <r:UpdatePresentation state="None"/>
            <HideScreen screenId="menuScreen"/>
            <ShowScreen screenId="languageScreen"/>
        </actions>
    </queue>

    <queue name="HideLangScreen">
        <actions>
            <r:UpdatePresentation state="Idle"/>
            <HideScreen screenId="languageScreen"/>
        </actions>
    </queue>

    <queue name="ShowMenuScreen">
        <actions>
            <ShowScreen screenId="menuScreen"/>
        </actions>
    </queue>

    <queue name="HideMenuScreen">
        <actions>
            <HideScreen screenId="menuScreen"/>
        </actions>
    </queue>


    <queue name="SendBetRequest">
        <actions>
            <r:SendBetRequest/>
        </actions>
    </queue>

    <!-- HISTORY -->
    <queue name="InitHistory">
        <actions>
            <FadeInScreen screenId="fadeScreen" timeSpan="250"/>
            <UpdateScreen screenId="baseGameScreen" method="reset"/>
            <UpdateScreen screenId="winLinesScreen" method="reset"/>
            <UpdateScreen screenId="gamblerScreen" method="reset"/>
            <UpdateScreen screenId="infoScreen" method="reset"/>
            <r:HideWinningLines/>
            <r:StopAnimationWinningSymbols/>
            <HideScreen screenId="gamblerScreen">
                <animation>
                    <destinationX>1920</destinationX>
                    <timeSpan>0</timeSpan>
                </animation>
            </HideScreen>
            <HideScreen screenId="infoScreen"/>
            <HideScreen screenId="errorScreen"/>
            <HideScreen screenId="freeGamesBannerScreen"/>
            <!--<b:SetSkipEnable skip="false"/>-->
            <!--<b:CustomShowHideScreen showScreen="false" animationTime="400" screenId="freeGamesBannerScreen"/>-->
            <HideScreen screenId="enterFeatureBannerScreen"/>
            <!--<b:SetSkipEnable skip="false"/>-->
            <!--<b:CustomShowHideScreen showScreen="false" animationTime="400" screenId="enterFeatureBannerScreen"/>-->
            <r:UpdateMessageArea message="" messageType="BOTTOM_PANEL"/>
            <r:DisplayStoppedSymbols/>
            <r:UpdatePresentation state="None"/>
            <ShowScreen screenId="baseGameScreen"/>
            <ShowScreen screenId="bottomPanelScreen"/>
            <ShowScreen screenId="winLinesScreen"/>
            <ShowScreen screenId="historyScreen"/>
        </actions>
    </queue>

    <!-- History navigation -->
    <queue name="EnterHistory">
        <actions>
            <HideScreen screenId="menuScreen"/>
            <FadeInScreen screenId="fadeScreen" timeSpan="200"/>
            <r:UpdatePresentation state="History"/>
            <r:SendEnterHistoryRequest/>
        </actions>
    </queue>

    <queue name="ExitHistory" force="true">
        <actions>
            <FadeInScreen screenId="fadeScreen" timeSpan="200"/>
            <InsertQueue name="ClearFreeGamesState"/>
            <ExecuteNow queueName="HideFeatureBackground"/>
            <e:ResetExtendedSymbol/>
            <r:UpdatePresentation state="None"/>
            <r:SendExitHistoryRequest/>

        </actions>
    </queue>

    <queue name="ShowNextHistoryPage" force="true">
        <actions>
            <FadeInScreen screenId="fadeScreen" timeSpan="200"/>
            <r:UpdatePresentation state="None"/>
            <HideScreen screenId="freeGamesBannerScreen"/>
            <!--<b:SetSkipEnable skip="false"/>-->
            <!--<b:CustomShowHideScreen showScreen="false" animationTime="400" screenId="freeGamesBannerScreen"/>-->
            <HideScreen screenId="enterFeatureBannerScreen"/>
            <!--<b:SetSkipEnable skip="false"/>-->
            <!--<b:CustomShowHideScreen showScreen="false" animationTime="400" screenId="enterFeatureBannerScreen"/>-->
            <InsertQueue name="ClearFreeGamesState"/>
            <e:ResetExtendedSymbol/>
            <r:CleanWinningLines/>
            <r:UpdatePresentation state="History"/>
            <r:ShowNextHistoryPageRequest/>
        </actions>
    </queue>

    <queue name="ShowPreviousHistoryPage" force="true">
        <actions>
            <FadeInScreen screenId="fadeScreen" timeSpan="200"/>
            <r:UpdatePresentation state="None"/>
            <HideScreen screenId="freeGamesBannerScreen"/>
            <!--<b:SetSkipEnable skip="false"/>-->
            <!--<b:CustomShowHideScreen showScreen="false" animationTime="400" screenId="freeGamesBannerScreen"/>-->
            <HideScreen screenId="enterFeatureBannerScreen"/>
            <!--<b:SetSkipEnable skip="false"/>-->
            <!--<b:CustomShowHideScreen showScreen="false" animationTime="400" screenId="enterFeatureBannerScreen"/>-->
            <InsertQueue name="ClearFreeGamesState"/>
            <e:ResetExtendedSymbol/>
            <r:CleanWinningLines/>
            <r:UpdatePresentation state="History"/>
            <r:ShowPreviousHistoryPageRequest/>
        </actions>
    </queue>


    <queue name="ShowMenuScreen">
        <actions>
            <ShowScreen screenId="menuScreen"/>
        </actions>
    </queue>


    <queue name="EnterSettings">
        <actions>
            <HideScreen screenId="menuScreen"/>
            <!--<b:CustomShowHideScreen showScreen="false" animationTime="1000" screenId="menuScreen"/>-->

            <!--<ShowScreen screenId="settingsScreen"/>-->
            <b:SetSkipEnable skip="false"/>
            <b:CustomShowHideScreen showScreen="true" animationTime="500" screenId="settingsScreen"/>
            <PlaySound soundId="open_panel"/>
            <r:UpdatePresentation state="None"/>
            <Pause pauseTime="500"/>
        </actions>
    </queue>


    <queue name="ExitSettings">
        <actions>
            <b:CanExitSettings queueName="emptyQueue"/>
            <b:SetSkipEnable skip="false"/>
            <b:CustomShowHideScreen showScreen="false" animationTime="500" screenId="settingsScreen"/>
            <PlaySound soundId="close_panel"/>
            <r:UpdatePresentation state="Idle"/>
            <Pause pauseTime="500"/>
        </actions>
    </queue>

    <queue name="emptyQueue">
        <b:EmptyAction/>
        <b:EmptyAction/>
    </queue>


    <queue name="EnterDenomination">
        <actions>
            <HideScreen screenId="menuScreen"/>
            <!--<ShowScreen screenId="denominationScreen"/>-->
            <b:SetSkipEnable skip="false"/>
            <b:CustomShowHideScreen showScreen="true" animationTime="500" screenId="denominationScreen"/>
            <PlaySound soundId="open_panel"/>
            <r:UpdatePresentation state="None"/>
        </actions>
    </queue>

    <queue name="ExitDenomination">
        <actions>
            <b:CanExitDenomination queueName="emptyQueue"/>
            <!--<HideScreen screenId="denominationScreen"/>-->
            <b:SetSkipEnable skip="false"/>
            <b:CustomShowHideScreen showScreen="false" animationTime="500" screenId="denominationScreen"/>
            <PlaySound soundId="close_panel"/>
            <r:UpdatePresentation state="Idle"/>
        </actions>
    </queue>

    <!-- History states -->
    <queue name="HRBaseGameLose">
        <actions>
            <InsertQueue name="InitHistory"/>
            <r:ResetGambler/>
            <r:UpdatePresentation state="History"/>
            <r:UpdateMessageArea message="{#LangGameOver} - {#LangPlaceYourBet}" messageType="BOTTOM_PANEL"/>
            <InsertQueue name="ClearFreeGamesState"/>
            <ExecuteNow queueName="HideFeatureBackground"/>
            <e:ResetExtendedSymbol/>
            <FadeOutScreen screenId="fadeScreen" timeSpan="250"/>
        </actions>
    </queue>

    <queue name="HROfferGamblerTakeWin">
        <actions>
            <InsertQueue name="InitHistory"/>
            <r:ResetGambler/>
            <r:UpdatePresentation state="History"/>
            <InsertQueue name="ClearFreeGamesState"/>
            <ExecuteNow queueName="HideFeatureBackground"/>
            <e:ResetExtendedSymbol/>
            <r:UpdateMessageArea message="{#LangWinnerPaid}" messageType="BOTTOM_PANEL"/>
            <FadeOutScreen screenId="fadeScreen" timeSpan="250"/>
        </actions>
    </queue>

    <queue name="HRBaseGameWin">
        <actions>
            <InsertQueue name="InitHistory"/>
            <r:ResetGambler/>
            <r:UpdatePresentation state="History"/>
            <InsertQueue name="ClearFreeGamesState"/>
            <e:ResetExtendedSymbol/>
            <r:StartAnimationWinningSymbols/>
            <r:UpdateMessageArea message="{#LangGambleOrTakeWin}" messageType="BOTTOM_PANEL"/>
            <ExecuteNow queueName="HideFeatureBackground"/>
            <FadeOutScreen screenId="fadeScreen" timeSpan="250"/>
            <r:WinningLinesBundle>
                <r:ShowNextWinningLine/>
                <r:UpdateMessageArea message="{#LangLineXPays}" messageType="BOTTOM_PANEL"/>
                <r:UpdatePresentation state="HistoryWin"/>
                <Pause pauseTime="1000"/>
            </r:WinningLinesBundle>
            <r:StopAnimationWinningSymbols/>
            <Pause pauseTime="500"/>
            <ExecuteNext queueName="HRBaseGameWin"/>
        </actions>
    </queue>

    <queue name="HRGamblerLose">
        <actions>
            <InsertQueue name="InitHistory"/>
            <r:UpdatePresentation state="History"/>
            <r:UpdateGamblerHistoryCards/>
            <r:ShowSelectedGamblerCard/>
            <PlaySound soundId="doubleChoise"/>
            <r:UpdateMessageArea message="{#LangAstraLose}" messageType="BOTTOM_PANEL"/>
            <ShowScreen screenId="gamblerScreen">
                <animation>
                    <destinationX>0</destinationX>
                    <timeSpan>0</timeSpan>
                </animation>
            </ShowScreen>
            <r:UpdateGamblerScreen state="HISTORY_LOSE"/>
            <FadeOutScreen screenId="fadeScreen" timeSpan="250"/>
            <Pause pauseTime="1500"/>
            <HideScreen screenId="gamblerScreen">
                <animation>
                    <destinationX>1280</destinationX>
                    <timeSpan>0</timeSpan>
                </animation>
            </HideScreen>
            <r:UpdateMessageArea message="{#LangGameOver} - {#LangGambleCompleted} - {#LangPlaceYourBet}"
                                 messageType="BOTTOM_PANEL"/>
            <Pause pauseTime="1000"/>
            <ExecuteNext queueName="HRGamblerLose"/>
        </actions>
    </queue>

    <queue name="HREnterGambler">
        <actions>
            <InsertQueue name="InitHistory"/>
            <r:UpdatePresentation state="History"/>
            <InsertQueue name="ClearFreeGamesState"/>
            <e:ResetExtendedSymbol/>
            <r:UpdateMessageArea message="{#LangChooseBlackOrRedOrTakeWin}" messageType="BOTTOM_PANEL"/>
            <r:UpdateGamblerScreen state="HISTORY_SELECTED_CARD"/>
            <r:UpdateGamblerHistoryCards/>
            <ShowScreen screenId="gamblerScreen">
                <animation>
                    <destinationX>0</destinationX>
                    <timeSpan>0</timeSpan>
                </animation>
            </ShowScreen>
            <r:DisplayStoppedSymbols/>
            <r:UpdatePresentation state="HistoryWin"/>
            <FadeOutScreen screenId="fadeScreen" timeSpan="250"/>
        </actions>
    </queue>

    <queue name="HRGamblerWin">
        <actions>
            <InsertQueue name="InitHistory"/>
            <r:UpdatePresentation state="History"/>
            <r:UpdateGamblerHistoryCards/>
            <r:ShowSelectedGamblerCard/>
            <PlaySound soundId="doubleChoise"/>
            <r:UpdateMessageArea message="{#LangAstraWin}" messageType="BOTTOM_PANEL"/>
            <ShowScreen screenId="gamblerScreen">
                <animation>
                    <destinationX>0</destinationX>
                    <timeSpan>0</timeSpan>
                </animation>
            </ShowScreen>
            <r:UpdatePresentation state="HistoryWin"/>
            <r:UpdateGamblerScreen state="HISTORY_WIN"/>
            <FadeOutScreen screenId="fadeScreen" timeSpan="250"/>
        </actions>
    </queue>

    <queue name="HRGamblerTakeWin">
        <actions>
            <InsertQueue name="InitHistory"/>
            <r:ResetGambler/>
            <r:UpdatePresentation state="History"/>
            <r:UpdateMessageArea message="{#LangWinnerPaid}" messageType="BOTTOM_PANEL"/>
            <FadeOutScreen screenId="fadeScreen" timeSpan="250"/>
        </actions>
    </queue>

    <queue name="HRLimitTakeWin">
        <actions>
            <InsertQueue name="InitHistory"/>
            <r:ResetGambler/>
            <r:UpdatePresentation state="History"/>
            <r:UpdateMessageArea message="{#LangWinnerPaid}" messageType="BOTTOM_PANEL"/>
            <ExecuteNow queueName="HideFeatureBackground"/>
            <FadeOutScreen screenId="fadeScreen" timeSpan="250"/>
        </actions>
    </queue>

    <queue name="HRGamblerLimit">
        <actions>
            <InsertQueue name="InitHistory"/>
            <r:UpdatePresentation state="History"/>
            <r:ShowSelectedGamblerCard/>
            <PlaySound soundId="doubleChoise"/>
            <r:UpdateGamblerHistoryCards/>
            <r:UpdateMessageArea message="{#LangAstraWin}" messageType="BOTTOM_PANEL"/>
            <r:UpdatePresentation state="HistoryWin"/>
            <ShowScreen screenId="gamblerScreen">
                <animation>
                    <destinationX>0</destinationX>
                    <timeSpan>0</timeSpan>
                </animation>
            </ShowScreen>
            <FadeOutScreen screenId="fadeScreen" timeSpan="250"/>
        </actions>
    </queue>

    <queue name="HRBaseGameLimit">
        <actions>
            <InsertQueue name="InitHistory"/>
            <r:ResetGambler/>
            <r:UpdatePresentation state="History"/>
            <r:StartAnimationWinningSymbols/>
            <FadeOutScreen screenId="fadeScreen" timeSpan="250"/>
            <r:WinningLinesBundle>
                <r:ShowNextWinningLine/>
                <r:UpdatePresentation state="HistoryWin"/>
                <r:UpdateMessageArea message="{#LangLineXPays}" messageType="BOTTOM_PANEL"/>
                <Pause pauseTime="1000"/>
            </r:WinningLinesBundle>
            <r:StopAnimationWinningSymbols/>
            <Pause pauseTime="500"/>
            <ExecuteNext queueName="HRBaseGameLimit"/>
        </actions>
    </queue>

    <!-- END HISTORY -->

    <!-- FEATURE -->

    <queue name="FreeGamesLimit">
        <actions>
            <InsertQueue name="FreeGamesPresentation"/>
            <Pause pauseTime="500"/>
            <r:UpdateMessageArea message="{#LangFreeGamesCompleted}" messageType="BOTTOM_PANEL"/>
            <ShowScreen screenId="freeGamesBannerScreen"/>
            <b:ReturnBackgroundForBaseGameMode/>
            <PlaySound soundId="FeatureEndBanner" blocking="true"/>
            <!--            <b:MoveUpBackground/>
                        <b:SetYForTombTextWin/>-->
            <e:ResetExtendedSymbol/>
            <r:DisplayStoppedSymbols/>
            <InsertQueue name="ClearFreeGamesState"/>
            <ExecuteNow queueName="HideFeatureBackground"/>
            <!--<PlaySound soundId="collectEndFreegames"/>-->
            <ExecuteNext queueName="TakeWin"/>
        </actions>
    </queue>

    <queue name="RFreeGamesLimit">
        <actions>
            <InsertQueue name="InitResume"/>
            <r:UpdateMessageArea message="{#LangFreeGame} - {#LangOf}" messageType="BOTTOM_PANEL"/>
            <FadeOutScreen screenId="fadeScreen" timeSpan="250"/>
            <InsertQueue name="FreeGamesPresentation"/>
            <Pause pauseTime="500"/>
            <r:UpdateMessageArea message="{#LangFreeGamesCompleted}" messageType="BOTTOM_PANEL"/>
            <ShowScreen screenId="freeGamesBannerScreen"/>
            <PlaySound soundId="FeatureEndBanner" blocking="true"/>
            <!--            <b:MoveUpBackground/>
                        <b:SetYForTombTextWin/>-->
            <e:ResetExtendedSymbol/>
            <r:DisplayStoppedSymbols/>
            <InsertQueue name="ClearFreeGamesState"/>
            <ExecuteNow queueName="HideFeatureBackground"/>
            <ExecuteNext queueName="TakeWin"/>
        </actions>
    </queue>

    <queue name="HRFreeGamesLimit">
        <actions>
            <InsertQueue name="InitHistory"/>
            <r:UpdatePresentation state="History"/>
            <r:ResetGambler/>
            <r:UpdateMessageArea message="{#LangFreeGame} - {#LangOf}" messageType="BOTTOM_PANEL"/>
            <!--<ExecuteNow queueName="ShowFeatureBackground"/>-->
            <FadeOutScreen screenId="fadeScreen" timeSpan="250"/>
            <InsertQueue name="HRFreeGamesPresentation"/>
            <Pause pauseTime="500"/>
            <r:UpdateMessageArea message="{#LangFreeGamesCompleted}" messageType="BOTTOM_PANEL"/>
            <ShowScreen screenId="freeGamesBannerScreen"/>
            <PlaySound soundId="FeatureEndBanner" blocking="true"/>
            <ExecuteNext queueName="HRFreeGamesLimit"/>
        </actions>
    </queue>

    <queue name="HREnterFreeGames">
        <actions>
            <InsertQueue name="InitHistory"/>
            <r:UpdatePresentation state="History"/>
            <r:DisplayStoppedSymbols/>
            <r:StartAnimationWinningSymbols/>
            <ExecuteNow queueName="HideFeatureBackground"/>
            <FadeOutScreen screenId="fadeScreen" timeSpan="250"/>
            <r:WinningLinesBundle>
                <r:ShowNextWinningLine/>
                <r:UpdateMessageArea message="{#LangLineXPays}" messageType="BOTTOM_PANEL"/>
                <r:UpdatePresentation state="HistoryWin"/>
                <Pause pauseTime="1000"/>
            </r:WinningLinesBundle>
            <r:StopAnimationWinningSymbols/>
            <InsertQueue name="HRFreeGamesPresentation"/>
            <ChangeViewVisibility layoutId="enterFeatureBannerScreen" viewId="featureButton" visible="false"/>
            <!--<ExecuteNow queueName="ShowFeatureBackground"/>-->
            <ShowScreen screenId="enterFeatureBannerScreen"/>
            <r:UpdateMessageArea message="{#LangBonusWon} - {#LangPressStartToBegin}" messageType="BOTTOM_PANEL"/>
            <Pause pauseTime="3000"/>
            <ExecuteNext queueName="HREnterFreeGames"/>
        </actions>
    </queue>

    <queue name="HRSpecialScatter">
        <actions>
            <InsertQueue name="InitHistory"/>
            <r:ResetGambler/>
            <r:WinningLinesBundle>
                <r:ShowNextWinningLine/>
            </r:WinningLinesBundle>
            <r:UpdatePresentation state="FreeGamesHistory"/>
            <!--<ExecuteNow queueName="ShowFeatureBackground"/>-->
            <ShowScreen screenId="enterFeatureBannerScreen"/>
            <UpdateScreen screenId="enterFeatureBannerScreen" method="forceShowExtendedSymbol"/>
            <FadeOutScreen screenId="fadeScreen" timeSpan="250"/>
            <Pause pauseTime="3000"/>
            <e:SwitchWinLines/>
            <ExecuteNext queueName="HRSpecialScatter"/>
        </actions>
    </queue>

    <queue name="HRFreeGameNext">
        <actions>
            <InsertQueue name="InitHistory"/>
            <r:ResetGambler/>
            <r:UpdatePresentation state="FreeGamesHistory"/>
            <HideScreen screenId="freeGamesBannerScreen"/>
            <!--<b:SetSkipEnable skip="false"/>-->
            <!--<b:CustomShowHideScreen showScreen="false" animationTime="400" screenId="freeGamesBannerScreen"/>-->
            <HideScreen screenId="enterFeatureBannerScreen"/>
            <!--<b:SetSkipEnable skip="false"/>-->
            <!--<b:CustomShowHideScreen showScreen="false" animationTime="500" screenId="enterFeatureBannerScreen"/>-->
            <!--<ExecuteNow queueName="ShowFeatureBackground"/>-->
            <FadeOutScreen screenId="fadeScreen" timeSpan="250"/>
            <r:UpdateMessageArea message="{#LangFreeGame} - {#LangOf}" messageType="BOTTOM_PANEL"/>
            <InsertQueue name="HRFreeGamesPresentation"/>
            <Pause pauseTime="4000"/>
            <e:SwitchWinLines/>
            <ExecuteNext queueName="HRFreeGameNext"/>
        </actions>
    </queue>

    <queue name="HRFreeGamesPresentation">
        <actions>
            <r:StartAnimationWinningSymbols/>
            <r:WinningLinesBundle>
                <r:ShowNextWinningLine/>
                <r:UpdateMessageArea message="{#LangLineXPays}" messageType="BOTTOM_PANEL"/>
                <Pause pauseTime="1000"/>
            </r:WinningLinesBundle>
            <r:HideWinningLines/>
            <r:StopAnimationWinningSymbols/>
            <e:SwitchWinLines/>
            <r:StartAnimationWinningSymbols/>
            <r:WinningLinesBundle>
                <r:ShowNextWinningLine/>
                <r:UpdateMessageArea message="{#LangLineXPays}" messageType="BOTTOM_PANEL"/>
                <Pause pauseTime="1000"/>
            </r:WinningLinesBundle>
            <r:HideWinningLines/>
            <r:StopAnimationWinningSymbols/>
            <Pause pauseTime="200"/>
        </actions>
    </queue>

    <queue name="HRFreeGamesRetrigger">
        <actions>
            <InsertQueue name="InitHistory"/>
            <r:ResetGambler/>
            <r:UpdatePresentation state="FreeGamesHistory"/>
            <FadeOutScreen screenId="fadeScreen" timeSpan="250"/>
            <r:UpdateMessageArea message="{#LangFreeGame} - {#LangOf}" messageType="BOTTOM_PANEL"/>
            <InsertQueue name="HRFreeGamesPresentation"/>
            <ShowScreen screenId="freeGamesBannerScreen"/>
            <Pause pauseTime="3000"/>
            <ExecuteNext queueName="HRFreeGamesRetrigger"/>
        </actions>
    </queue>

    <queue name="HRFreeGamesWin">
        <actions>
            <InsertQueue name="InitHistory"/>
            <r:ResetGambler/>
            <r:UpdatePresentation state="FreeGamesHistory"/>
            <!--<ExecuteNow queueName="ShowFeatureBackground"/>-->
            <FadeOutScreen screenId="fadeScreen" timeSpan="250"/>
            <r:UpdateMessageArea message="{#LangFreeGame} - {#LangOf}" messageType="BOTTOM_PANEL"/>
            <InsertQueue name="HRFreeGamesPresentation"/>
            <Pause pauseTime="1000"/>
            <ExecuteNow queueName="HideFeatureBackground"/>
            <ShowScreen screenId="freeGamesBannerScreen"/>
            <r:UpdateMessageArea message="{#LangFreeGamesCompleted}" messageType="BOTTOM_PANEL"/>
            <Pause pauseTime="3000"/>
            <HideScreen screenId="freeGamesBannerScreen"/>
            <!--<b:SetSkipEnable skip="false"/>-->
            <!--<b:CustomShowHideScreen showScreen="false" animationTime="400" screenId="freeGamesBannerScreen"/>-->
            <ExecuteNext queueName="HRFreeGamesWin"/>
        </actions>
    </queue>

    <queue name="EnterFreeGames">
        <actions>
            <r:UpdatePresentation state="StoppingReels"/>
            <Bundle>
                <WaitForTimer timerName="spin"/>
                <r:StopReels/>
            </Bundle>
            <r:UpdatePresentation state="RunningReels"/>
            <r:StopReels forceStop="true"/>
            <b:SimpleCollect/>
            <b:WinAreaTakeWinAnimation step="1"/>
            <b:ShowBigWin/>
            <!--<b:SimpleCollect skip="true"/>-->
            <b:PauseAfterSkip/>
            <!--<StopSound soundId="ReelSpinMelody"/>-->
            <b:StopSoundSpeenReelBaseGame/>
            <r:StartAnimationWinningSymbols/>
            <r:UpdatePresentation state="ReelsWinAnimation"/>
            <r:WinningLinesBundle>
                <r:ShowNextWinningLine/>
                <r:UpdateMessageArea message="{#LangLineXPays}" messageType="BOTTOM_PANEL"/>
                <r:PlayCurrentWinningLineSound/><!--Very long waiting for the end of this music-->
            </r:WinningLinesBundle>
            <!--<PlaySound soundId="WinCountStop" />-->
            <r:ShowNextWinningLine/>
            <b:PlayCollectSound/>
            <b:SimpleCollect skip="true"/>
            <!--<ExecuteNow queueName="ShowFeatureBackground"/>-->

            <!--animating the appearance of the panel "enterFeatureBannerScreen" and playing the sound-->
            <b:SetSkipEnable skip="false"/>
            <ParallelBundle finishCondition="ALL">
                <b:ShowFreeGamesWonPanel/>
                <PlaySound soundId="showFreegamesPanel"/>
            </ParallelBundle>
            <ShowScreen screenId="enterFeatureBannerScreen"/>
            <PlaySound soundId="BookFlash"/>
            <Pause pauseTime="200"/>
            <PlaySound soundId="bookLoop" loop="true"/>
            <ChangeViewVisibility layoutId="enterFeatureBannerScreen" viewId="featureButton" visible="true"/>
            <r:HideWinningLines/>
            <r:UpdateMessageArea message="{#LangBonusWon} - {#LangPressStartToBegin}" messageType="BOTTOM_PANEL"/>
            <r:ShowInfoScreen screenId="infoScreen" playSound="false" viewId="featureInfoScreen">
                <animation>
                    <destinationY>0</destinationY>
                    <timeSpan>400</timeSpan>
                </animation>
            </r:ShowInfoScreen>
            <b:ShowBgrFreeGames/>
            <b:FreeGamesMode isFreeGames="true"/>
            <r:StopAnimationWinningSymbols/>
            <r:UpdatePresentation state="EnterFreeGames"/>
            <r:ExecuteNextDependingOnAutoPlay queueName="StartExtendedSymbolAnimation"/>
        </actions>
    </queue>

    <queue name="REnterFreeGames">
        <actions>
            <InsertQueue name="InitResume"/>
            <FadeOutScreen screenId="fadeScreen" timeSpan="250"/>
            <r:StartAnimationWinningSymbols/>
            <b:ShowBigWin/>
            <!--<b:SimpleCollect skip="true"/>-->
            <b:PauseAfterSkip/>
            <r:UpdatePresentation state="ReelsWinAnimation"/>
            <r:WinningLinesBundle>
                <r:ShowNextWinningLine/>
                <r:UpdateMessageArea message="{#LangLineXPays}" messageType="BOTTOM_PANEL"/>
                <r:PlayCurrentWinningLineSound/>
            </r:WinningLinesBundle>
            <!--<PlaySound soundId="WinCountStop"/>-->
            <PlaySound soundId="BookFlash"/>
            <Pause pauseTime="200"/>
            <PlaySound soundId="bookLoop" loop="true"/>
            <!--<ExecuteNow queueName="ShowFeatureBackground"/>-->
            <b:SetSkipEnable skip="false"/>
            <b:SetConfigurationWinLineView/>
            <ParallelBundle finishCondition="ALL">
                <!--<b:SetConfigurationWinLineView/>-->
                <b:ShowFreeGamesWonPanel/>
                <PlaySound soundId="showFreegamesPanel"/>
            </ParallelBundle>
            <ShowScreen screenId="enterFeatureBannerScreen"/>
            <r:HideWinningLines/>
            <r:UpdateMessageArea message="{#LangBonusWon} - {#LangPressStartToBegin}" messageType="BOTTOM_PANEL"/>
            <r:ShowInfoScreen screenId="infoScreen" playSound="true" viewId="featureInfoScreen">
                <animation>
                    <destinationY>0</destinationY>
                    <timeSpan>400</timeSpan>
                </animation>
            </r:ShowInfoScreen>
            <r:UpdatePresentation state="EnterFreeGames"/>
            <r:ExecuteNextDependingOnAutoPlay queueName="StartExtendedSymbolAnimation"/>
        </actions>
    </queue>

    <queue name="StartExtendedSymbolAnimation">
        <actions>
            <StopSound soundId="bookLoop"/>
            <r:UpdatePresentation state="SelectingExtendedSymbol"/>
            <r:UpdateMessageArea message="" messageType="BOTTOM_PANEL"/>
            <PlaySound soundId="BookOpen"/>
            <r:UpdatePresentation state="None"/>
            <b:StartSelectingExtendedSymbolAnimation/>
            <e:SelectExtendedSymbolRequest/>
            <ParallelBundle finishCondition="ANY">
                <b:ShowSelectedExtendedSymbol/>
                <LoopBundle>
                    <PlaySound soundId="BookFlipPage1"/>
                    <Pause pauseTime="400"/>
                    <PlaySound soundId="BookFlipPage2"/>
                    <Pause pauseTime="400"/>
                    <PlaySound soundId="BookFlipPage3"/>
                    <Pause pauseTime="400"/>
                    <PlaySound soundId="BookFlipPage4"/>
                    <Pause pauseTime="400"/>
                </LoopBundle>
            </ParallelBundle>
            <PlaySound soundId="BookFlipPage5"/>
            <b:HighlightSelectedExtendedSymbol/><!-- мигание рамки символа-->
            <r:UpdatePresentation state="SelectedExtendedSymbol"/>
        </actions>
    </queue>

    <queue name="SpecialScatter">
        <actions>
            <r:HideWinningLines/>
            <r:StopAnimationWinningSymbols/>
            <Pause pauseTime="500"/>
            <b:HideSelectedExtendedSymbol/>
            <!--<HideScreen screenId="enterFeatureBannerScreen"/>-->
            <b:SetSkipEnable skip="false"/>
            <b:CustomShowHideScreen showScreen="false" animationTime="500" screenId="enterFeatureBannerScreen"/>
            <PlaySound soundId="FeatureBkg" loop="true"/>
            <b:SpinFlashPlay winLine="true"/>
            <HideScreen screenId="infoScreen">
                <animation>
                    <destinationY>-1200</destinationY>
                    <timeSpan>0</timeSpan>
                </animation>
            </HideScreen>
            <ExecuteNext queueName="FreeGamesSpin"/>
        </actions>
    </queue>

    <queue name="RSpecialScatter">
        <actions>
            <InsertQueue name="InitResume"/>
            <r:UpdateMessageArea message="" messageType="BOTTOM_PANEL"/>
            <r:UpdatePresentation state="None"/>
            <!--<ExecuteNow queueName="ShowFeatureBackground"/>-->
            <ShowScreen screenId="enterFeatureBannerScreen"/>
            <UpdateScreen screenId="enterFeatureBannerScreen" method="forceShowExtendedSymbol"/>
            <r:UpdatePresentation state="SelectedExtendedSymbol"/>
            <FadeOutScreen screenId="fadeScreen" timeSpan="250"/>
            <Pause pauseTime="2500"/>
            <HideScreen screenId="enterFeatureBannerScreen"/>
            <!--<b:SetSkipEnable skip="false"/>-->
            <!--<b:CustomShowHideScreen showScreen="false" animationTime="500" screenId="enterFeatureBannerScreen"/>-->
            <InsertQueue name="FreeGamesSpin"/>
        </actions>
    </queue>

    <queue name="FreeGamesSpin">
        <actions>
            <b:SpinFlashPlay winLine="false"/>
            <r:UpdatePresentation state="FreeGamesRunningReels"/>
            <r:SpinReels/>
            <r:AutoPlayBundle expectAutoPlayOn="true">
                <Pause pauseTime="200"/>
            </r:AutoPlayBundle>
            <r:CleanWinningLines/>
            <StartTimer timerName="spin" duration="0"/>
            <f:SendNextFreeGameRequest/>
        </actions>
    </queue>

    <queue name="FreeGameNext">
        <actions>
            <!--            <PauseSound soundId="FeatureBkg"/>
                        <PlaySound soundId="FeatureBkg" loop="true" volume="1"/>-->
            <r:UpdateMessageArea message="{#LangFreeGame} - {#LangOf}" messageType="BOTTOM_PANEL"/>
            <InsertQueue name="FreeGamesPresentation"/>
            <InsertQueue name="FreeGamesSpin"/>
        </actions>
    </queue>

    <queue name="RFreeGameNext">
        <actions>
            <InsertQueue name="InitResume"/>
            <FadeOutScreen screenId="fadeScreen" timeSpan="250"/>
            <r:UpdatePresentation state="FreeGamesStoppingReels"/>
            <Bundle>
                <WaitForTimer timerName="spin"/>
                <r:StopReels/>
            </Bundle>
            <r:UpdateMessageArea message="{#LangFreeGame} - {#LangOf}" messageType="BOTTOM_PANEL"/>
            <ExecuteNext queueName="FreeGameNext"/>
        </actions>
    </queue>

    <queue name="FreeGamesRetrigger">
        <actions>
            <r:UpdateMessageArea message="{#LangFreeGame} - {#LangOf}" messageType="BOTTOM_PANEL"/>
            <InsertQueue name="FreeGamesPresentation1"/>
            <r:UpdateMessageArea message="" messageType="BOTTOM_PANEL"/>
            <b:SetSkipEnable skip="false"/>
            <!--<b:SetConfigurationWinLineView/>-->
            <ParallelBundle finishCondition="ALL">
                <b:ShowFreeGamesWonPanel/>
                <PlaySound soundId="showFreegamesPanel"/>
            </ParallelBundle>
            <b:SetSkipEnable skip="false"/>
            <ShowScreen screenId="freeGamesBannerScreen"/>
            <b:SetSkipEnable skip="false"/>
            <r:UpdatePresentation state="FreeGamesRetrigger"/>
            <Pause pauseTime="3000"/>
            <!--<HideScreen screenId="freeGamesBannerScreen"/>-->
            <b:SetSkipEnable skip="false"/>
            <b:CustomShowHideScreen showScreen="false" animationTime="400" screenId="freeGamesBannerScreen"/>
            <b:SetSkipEnable skip="true"/>
            <InsertQueue name="FreeGamesPresentation2"/>
            <ExecuteNext queueName="FreeGamesSpin"/>
        </actions>
    </queue>


    <queue name="FreeGamesPresentation1">
        <actions>
            <r:UpdatePresentation state="FreeGamesStoppingReels"/>
            <Bundle>
                <WaitForTimer timerName="spin"/>
                <r:StopReels/>
            </Bundle>
            <r:UpdatePresentation state="None"/>
            <r:StopReels forceStop="true"/>
            <r:UpdatePresentation state="FreeGamesWinAnimation"/>

            <b:SimpleCollect freeGames="true"/>
            <b:WinAreaTakeWinAnimation step="1"/>
            <b:ShowBigWin/>
            <!--<b:SimpleCollect skip="true"/>-->
            <b:PauseAfterSkip/>
            <r:WinningLinesBundle>
                <r:StartAnimationWinningSymbols/>
                <PauseSound soundId="FeatureBkg"/>
                <PlaySound soundId="FeatureBkg" loop="true" volume="0.4"/>
                <b:SpinFlashPlay winLine="true"/>
                <r:ShowNextWinningLine/>
                <r:UpdateMessageArea message="{#LangLineXPays}" messageType="BOTTOM_PANEL"/>
                <r:PlayCurrentWinningLineSound/>
            </r:WinningLinesBundle>
            <PauseSound soundId="FeatureBkg"/>
            <PlaySound soundId="FeatureBkg" loop="true" volume="1"/>
            <r:HideWinningLines/>
            <r:StopAnimationWinningSymbols/>
            <e:SwitchWinLines/>
        </actions>
    </queue>


    <queue name="FreeGamesPresentation2">
        <actions>
            <b:SetSkipEnable skip="true"/>
            <r:StartAnimationWinningSymbols/>
            <b:SimpleCollect freeGames="true" extended="true"/>
            <r:WinningLinesBundle>
                <PauseSound soundId="FeatureBkg"/>
                <PlaySound soundId="FeatureBkg" loop="true" volume="0.4"/>
                <b:SpinFlashPlay winLine="true"/>
                <Pause pauseTime="300"/><!--Pause display of winning lines-->
                <r:ShowNextWinningLine/>
                <r:UpdateMessageArea message="{#LangLineXPays}" messageType="BOTTOM_PANEL"/>
                <r:PlayCurrentWinningLineSound/>
            </r:WinningLinesBundle>

            <PauseSound soundId="FeatureBkg"/>
            <PlaySound soundId="FeatureBkg" loop="true" volume="1"/>
            <r:HideWinningLines/>
            <r:StopAnimationWinningSymbols/>
            <!--<b:SetCustomIndicator customIndicator="false"/>-->
            <!--            <r:WinningBundle>
                            &lt;!&ndash;<PlaySound soundId="WinCountStop"/>&ndash;&gt;
                        </r:WinningBundle>-->
            <b:SimpleCollect resetExtended="true"/>
            <Pause pauseTime="200"/>
        </actions>
    </queue>


    <queue name="RFreeGamesRetrigger">
        <actions>
            <InsertQueue name="InitResume"/>
            <FadeOutScreen screenId="fadeScreen" timeSpan="250"/>
            <r:UpdateMessageArea message="{#LangFreeGame} - {#LangOf}" messageType="BOTTOM_PANEL"/>
            <InsertQueue name="FreeGamesPresentation"/>
            <r:UpdateMessageArea message="" messageType="BOTTOM_PANEL"/>
            <ShowScreen screenId="freeGamesBannerScreen"/>
            <Pause pauseTime="3000"/>
            <HideScreen screenId="freeGamesBannerScreen"/>
            <!--<b:SetSkipEnable skip="false"/>-->
            <!--<b:CustomShowHideScreen showScreen="false" animationTime="400" screenId="freeGamesBannerScreen"/>-->
            <ExecuteNext queueName="FreeGamesSpin"/>
        </actions>
    </queue>

    <queue name="FreeGamesWin">
        <actions>
            <r:UpdateMessageArea message="{#LangFreeGame} - {#LangOf}" messageType="BOTTOM_PANEL"/>
            <InsertQueue name="FreeGamesPresentation"/>
            <r:UpdateMessageArea message="{#LangFreeGamesCompleted}" messageType="BOTTOM_PANEL"/>
            <ExecuteNow queueName="HideFeatureBackground"/>
            <StopSound soundId="FeatureBkg"/>

            <b:SetSkipEnable skip="false"/>
            <ParallelBundle finishCondition="ALL">
                <b:ShowFreeGamesWonPanel/>
                <b:SetSkipEnable skip="false"/>
                <PlaySound soundId="showFreegamesPanel"/>
            </ParallelBundle>

            <ShowScreen screenId="freeGamesBannerScreen"/>
            <Pause pauseTime="200"/>
            <r:DisplayStoppedSymbols/>
            <b:SetSkipEnable skip="false"/>
            <ParallelBundle finishCondition="ALL">
                <PlaySound soundId="FeatureEndBanner" blocking="false"/>
                <b:ReturnBackgroundForBaseGameMode/>
            </ParallelBundle>
            <b:SetSkipEnable skip="false"/>
            <b:MoveUpBackground/>

            <b:FreeGamesMode isFreeGames="false"/>
            <b:SetYForTombTextWin/>
            <e:ResetExtendedSymbol/>

            <r:UpdatePresentation state="OfferGambler"/>
            <r:ExecuteNextDependingOnAutoPlay queueName="TakeWin"/>
            <b:ExecuteNextDependingOnGambleOffAction queueName="TakeWin"/>
            <r:UpdateMessageArea message="{#LangGambleOrTakeWin}" messageType="BOTTOM_PANEL"/>
            <b:SetYForTombTextWin/>
            <PlaySound soundId="GambleLoop" loop="true"/>

            <LoopBundle>
                <Pause pauseTime="1000"/>
                <!--<r:ShowNextWinningLine/>-->
            </LoopBundle>
            <StopSound soundId="GambleLoop"/>
        </actions>
    </queue>

    <queue name="RFreeGamesWin">
        <actions>
            <InsertQueue name="InitResume"/>
            <ExecuteNow queueName="HideFeatureBackground"/>
            <FadeOutScreen screenId="fadeScreen" timeSpan="250"/>
            <r:UpdateMessageArea message="{#LangFreeGame} - {#LangOf}" messageType="BOTTOM_PANEL"/>
            <InsertQueue name="FreeGamesPresentation"/>
            <r:UpdateMessageArea message="{#LangFreeGamesCompleted}" messageType="BOTTOM_PANEL"/>
            <StopSound soundId="FeatureBkg"/>
            <b:SetSkipEnable skip="false"/>
            <ParallelBundle finishCondition="ALL">
                <b:ShowFreeGamesWonPanel/>
                <PlaySound soundId="showFreegamesPanel"/>
            </ParallelBundle>
            <ShowScreen screenId="freeGamesBannerScreen"/>
            <PlaySound soundId="FeatureEndBanner" blocking="true"/>
            <b:MoveUpBackground/>
            <b:FreeGamesMode isFreeGames="false"/>
            <r:StartAnimationWinningSymbols/>
            <r:UpdatePresentation state="OfferGambler"/>
            <r:ExecuteNextDependingOnAutoPlay queueName="TakeWin"/>
            <b:ExecuteNextDependingOnGambleOffAction queueName="TakeWin"/>
            <r:UpdateMessageArea message="{#LangGambleOrTakeWin}" messageType="BOTTOM_PANEL"/>
            <b:SetYForTombTextWin/>
            <PlaySound soundId="GambleLoop" loop="true"/>
            <r:ShowNextWinningLine/>
            <LoopBundle>
                <Pause pauseTime="1000"/>
                <r:ShowNextWinningLine/>
            </LoopBundle>
            <StopSound soundId="GambleLoop"/>
            <InsertQueue name="ClearFreeGamesState"/>
            <e:ResetExtendedSymbol/>
        </actions>
    </queue>

    <queue name="FreeGamesPresentation">
        <actions>
            <r:UpdatePresentation state="FreeGamesStoppingReels"/>
            <Bundle>
                <WaitForTimer timerName="spin"/>
                <r:StopReels/>
            </Bundle>
            <r:UpdatePresentation state="None"/>
            <r:StopReels forceStop="true"/>
            <r:UpdatePresentation state="FreeGamesWinAnimation"/>
            <b:SimpleCollect freeGames="true"/>
            <b:WinAreaTakeWinAnimation step="1"/>
            <b:ShowBigWin/>
            <!--<b:SimpleCollect skip="true"/>-->
            <b:PauseAfterSkip/>
            <r:WinningLinesBundle>
                <r:StartAnimationWinningSymbols/>
                <PauseSound soundId="FeatureBkg"/>
                <PlaySound soundId="FeatureBkg" loop="true" volume="0.4"/>
                <b:SpinFlashPlay winLine="true"/>
                <r:ShowNextWinningLine/>
                <r:UpdateMessageArea message="{#LangLineXPays}" messageType="BOTTOM_PANEL"/>
                <r:PlayCurrentWinningLineSound/>
            </r:WinningLinesBundle>

            <!--<b:CanPlayCollectSound queueName="CollectSkip"/>-->
            <b:SetSkipEnable skip="true"/>
            <!--<ParallelBundle finishCondition="ANY">-->
                <!--<LoopBundle>-->
                    <!--<Pause pauseTime="1000"/>-->
                    <!--<r:ShowNextWinningLine/>-->
                <!--</LoopBundle>-->
                <b:PlayFreeGamesCollectSound extended="false"/>
            <!--</ParallelBundle>-->

            <PauseSound soundId="FeatureBkg"/>
            <PlaySound soundId="FeatureBkg" loop="true" volume="1"/>
            <r:HideWinningLines/>
            <r:StopAnimationWinningSymbols/>
            <e:SwitchWinLines/>
            <!--<r:StartAnimationWinningSymbols/>-->
            <b:SetSkipEnable skip="true"/>
            <r:StartAnimationWinningSymbols/>
            <b:SimpleCollect freeGames="true" extended="true"/>
            <r:WinningLinesBundle>
                <!--<r:StartAnimationWinningSymbols/>-->
                <PauseSound soundId="FeatureBkg"/>
                <PlaySound soundId="FeatureBkg" loop="true" volume="0.4"/>
                <b:SpinFlashPlay winLine="true"/>
                <Pause pauseTime="300"/><!--Pause display of winning lines-->
                <r:ShowNextWinningLine/>
                <r:UpdateMessageArea message="{#LangLineXPays}" messageType="BOTTOM_PANEL"/>
                <r:PlayCurrentWinningLineSound/>
            </r:WinningLinesBundle>
            <b:PlayFreeGamesCollectSound extended="false"/>
            <PauseSound soundId="FeatureBkg"/>
            <PlaySound soundId="FeatureBkg" loop="true" volume="1"/>
            <r:HideWinningLines/>
            <r:StopAnimationWinningSymbols/>
            <b:SimpleCollect resetExtended="true"/>
            <Pause pauseTime="200"/>
        </actions>
    </queue>


<!--    <queue name="FreeGamesPresentation">
        <actions>
            <r:UpdatePresentation state="FreeGamesStoppingReels"/>
            <Bundle>
                <WaitForTimer timerName="spin"/>
                <r:StopReels/>
            </Bundle>
            <r:UpdatePresentation state="None"/>
            <r:StopReels forceStop="true"/>
            <r:UpdatePresentation state="FreeGamesWinAnimation"/>
            <b:SimpleCollect freeGames="true"/>
            <b:WinAreaTakeWinAnimation step="1"/>
            <b:ShowBigWin/>
            &lt;!&ndash;<b:SimpleCollect skip="true"/>&ndash;&gt;
            <b:PauseAfterSkip/>
            <r:WinningLinesBundle>
                <r:StartAnimationWinningSymbols/>
                <PauseSound soundId="FeatureBkg"/>
                <PlaySound soundId="FeatureBkg" loop="true" volume="0.4"/>
                <b:SpinFlashPlay winLine="true"/>
                <r:ShowNextWinningLine/>
                <r:UpdateMessageArea message="{#LangLineXPays}" messageType="BOTTOM_PANEL"/>
                <r:PlayCurrentWinningLineSound/>
            </r:WinningLinesBundle>

            &lt;!&ndash;<b:CanPlayCollectSound queueName="CollectSkip"/>&ndash;&gt;
            <b:SetSkipEnable skip="true"/>
            <ParallelBundle finishCondition="ANY">
                <LoopBundle>
                    <Pause pauseTime="1000"/>
                    <r:ShowNextWinningLine/>
                </LoopBundle>
                <b:PlayFreeGamesCollectSound extended="false"/>
            </ParallelBundle>

            <PauseSound soundId="FeatureBkg"/>
            <PlaySound soundId="FeatureBkg" loop="true" volume="1"/>
            <r:HideWinningLines/>
            <r:StopAnimationWinningSymbols/>
            <e:SwitchWinLines/>
            &lt;!&ndash;<r:StartAnimationWinningSymbols/>&ndash;&gt;
            <b:SetSkipEnable skip="true"/>
            <r:StartAnimationWinningSymbols/>
            &lt;!&ndash;<b:SimpleCollect freeGames="true" extended="true"/>&ndash;&gt;
            <r:WinningLinesBundle>
                &lt;!&ndash;<r:StartAnimationWinningSymbols/>&ndash;&gt;
                <PauseSound soundId="FeatureBkg"/>
                <PlaySound soundId="FeatureBkg" loop="true" volume="0.4"/>
                <b:SpinFlashPlay winLine="true"/>
                <Pause pauseTime="300"/>&lt;!&ndash;Pause display of winning lines&ndash;&gt;
                <r:ShowNextWinningLine/>
                <r:UpdateMessageArea message="{#LangLineXPays}" messageType="BOTTOM_PANEL"/>
                <r:PlayCurrentWinningLineSound/>
            </r:WinningLinesBundle>

            <PauseSound soundId="FeatureBkg"/>
            <PlaySound soundId="FeatureBkg" loop="true" volume="1"/>
            <r:HideWinningLines/>
            <r:StopAnimationWinningSymbols/>
            <b:SimpleCollect resetExtended="true"/>
            <Pause pauseTime="200"/>
        </actions>
    </queue>-->


    <queue name="ClearFreeGamesState">
        <actions>
            <b:SetSkipEnable skip="false"/>
            <ParallelBundle finishCondition="ALL">
                <b:CustomShowHideScreen showScreen="false" animationTime="400" screenId="freeGamesBannerScreen"/>
                <b:CustomShowHideScreen showScreen="false" animationTime="400" screenId="enterFeatureBannerScreen"/>
            </ParallelBundle>
            <!--<HideScreen screenId="freeGamesBannerScreen"/>-->
            <!--<b:SetSkipEnable skip="false"/>-->
            <!--<b:CustomShowHideScreen showScreen="false" animationTime="400" screenId="freeGamesBannerScreen"/>-->
            <!--<HideScreen screenId="enterFeatureBannerScreen"/>-->
            <!--<b:SetSkipEnable skip="false"/>-->
            <!--<b:CustomShowHideScreen showScreen="false" animationTime="400" screenId="enterFeatureBannerScreen"/>-->
            <f:ResetFreeGames/>
        </actions>
    </queue>

    <!--    <queue name="ShowFeatureBackground">
            <actions>
                <ChangeViewVisibility layoutId="baseGameScreen" viewId="featureReelsBg" visible="true"/>
                <ChangeViewVisibility layoutId="baseGameScreen" viewId="featureTopBg" visible="true"/>
                <ChangeViewVisibility layoutId="baseGameScreen" viewId="featureBottomBg" visible="true"/>
                <ChangeViewVisibility layoutId="reel_bg_free_game" viewId="oneColumn" visible="true"/>
                <ChangeViewVisibility layoutId="reel_bg_free_game" viewId="twoColumn" visible="true"/>
                <ChangeViewVisibility layoutId="reel_bg_free_game" viewId="threeColumn" visible="true"/>
                <ChangeViewVisibility layoutId="reel_bg_free_game" viewId="fourColumn" visible="true"/>
                <ChangeViewVisibility layoutId="reel_bg_free_game" viewId="fiveColumn" visible="true"/>
            </actions>
        </queue>-->
    <queue name="HideFeatureBackground">
        <actions>
            <ChangeViewVisibility layoutId="reel_bg_free_game" viewId="oneColumn" visible="false"/>
            <ChangeViewVisibility layoutId="reel_bg_free_game" viewId="twoColumn" visible="false"/>
            <ChangeViewVisibility layoutId="reel_bg_free_game" viewId="threeColumn" visible="false"/>
            <ChangeViewVisibility layoutId="reel_bg_free_game" viewId="fourColumn" visible="false"/>
            <ChangeViewVisibility layoutId="reel_bg_free_game" viewId="fiveColumn" visible="false"/>
        </actions>
    </queue>
</queues>