<DATA xmlns="">
    <BAN>
        <UPDATED_AT>2013-03-09</UPDATED_AT>
        <TROUBLEMAKER>
            <NAME1>JOHN</NAME1>
            <NAME2>EXAMPLE</NAME2>
            <AGE>24</AGE>
            <NUMBER>ASD123123</NUMBER>
        </TROUBLEMAKER>
    </BAN>
    <BAN>
        <UPDATED_AT>2012-03-10</UPDATED_AT>
        <TROUBLEMAKER>
            <NAME1>ANNA</NAME1>
            <NAME2>BAKER</NAME2>
            <AGE>26</AGE>
            <NUMBER>AXN567890</NUMBER>
        </TROUBLEMAKER>
    </BAN>
    <BAN>
        <UPDATED_AT>2010-12-05</UPDATED_AT>
        <TROUBLEMAKER>
            <NAME1>TOM</NAME1>
            <NAME2>MEADOW</NAME2>
            <NUMBER>SGH08945</NUMBER>
            <AGE>48</AGE>
        </TROUBLEMAKER>
    </BAN>
</DATA>