<resources xmlns="http://www.atsisa.com/gox/framework/resources">
    <resource format="FHD_TWO_MONITORS" type="Config" id="defaultConfig" url="config.xml"/>
    <resource format="FHD_TWO_MONITORS" type="Config" id="debugConfig" url="debugConfig.xml"/>
    <resource format="FHD_TWO_MONITORS" type="Text" url="config/presentation/reelGameConfiguration.xml"
              id="reelGameConfiguration"/>

    <!-- Bitmap fonts -->
    <!--<resource format="FHD_TWO_MONITORS" type="BitmapFont" id="arial-bold-35" url="arial-bold-35.fnt"/>-->
    <resource format="FHD_TWO_MONITORS" type="BitmapFont" id="arial-bold-45" url="arial-bold-45.fnt"/>
    <!--<resource format="FHD_TWO_MONITORS" type="BitmapFont" id="arial-bold-60" url="arial-bold-60.fnt"/>-->
    <!--<resource format="FHD_TWO_MONITORS" type="BitmapFont" id="arial-bold-120" url="arial-bold-120.fnt"/>-->

    <!-- Layouts -->
    <resource format="FHD_TWO_MONITORS" type="Layout" id="infoScreen" url="infoScreen.xml"/>
    <resource format="FHD_TWO_MONITORS" type="Layout" id="gamblerScreen" url="gamblerScreen.xml"/>
    <resource format="FHD_TWO_MONITORS" type="Layout" id="baseGameScreen" url="demoBaseGameScreen.xml"/>
    <resource format="FHD_TWO_MONITORS" type="Layout" id="winLinesScreen" url="winLinesScreen.xml"/>
    <resource format="FHD_TWO_MONITORS" type="Layout" id="debugScreen" url="baseDemoScreen.xml"/>
    <resource format="FHD_TWO_MONITORS" type="Layout" id="payTableScreen" url="payTableScreen.xml"/>

    <!-- Sounds -->
    <resource format="FHD_TWO_MONITORS" type="Sound" id="DoubleWin" url="Cards/double_game_win.mp3"/>
    <resource format="FHD_TWO_MONITORS" type="Sound" id="DeckSound" url="Cards/card_flash.mp3"/>
    <resource format="FHD_TWO_MONITORS" type="Sound" id="GambleLoop" url="GambleLoop.mp3"/>
    <resource format="FHD_TWO_MONITORS" id="BalanceToWin" type="Sound" url="win/collect.mp3"/>
    <resource format="FHD_TWO_MONITORS" id="BalanceToWinSkip" type="Sound" url="BalanceToWinSkip.mp3"/>
    <resource format="FHD_TWO_MONITORS" id="doubleChoise" type="Sound" url="Cards/double_choise.mp3"/>
    <resource format="FHD_TWO_MONITORS" type="Sound" id="WinCountStop" url="win/collect_end.mp3"/>
    <resource format="FHD_TWO_MONITORS" type="Sound" id="ReelSpinMelody" url="ReelSpinMelody.mp3"/>
    <resource format="FHD_TWO_MONITORS" id="BookOpen" type="Sound" url="freeGames/BRDel_fx_open_book.mp3"/>


    <!--SOUNDS FROM OLD CLEOPATRA-->
    <resource format="FHD_TWO_MONITORS" id="ShiftDef" type="Sound" url="help.mp3"/>
    <!--<resource format="FHD_TWO_MONITORS" id="AutoPlayOnDef" type="Sound" url="buttons/auto_spin.mp3"/>-->
    <!--<resource format="FHD_TWO_MONITORS" id="AutoPlayOffDef" type="Sound" url="auto_spin.mp3"/>-->
    <resource format="FHD_TWO_MONITORS" id="FeatureTeaser01" type="Sound" url="BRDel_Teaser1.mp3"/>
    <resource format="FHD_TWO_MONITORS" id="FeatureTeaser02" type="Sound" url="BRDel_Teaser2.mp3"/>
    <resource format="FHD_TWO_MONITORS" id="FeatureTeaser03" type="Sound" url="BRDel_Teaser3.mp3"/>
    <resource format="FHD_TWO_MONITORS" id="FeatureTeaser04" type="Sound" url="BRDel_Teaser4.mp3"/>
    <resource format="FHD_TWO_MONITORS" id="FeatureTeaser05" type="Sound" url="BRDel_Teaser5.mp3"/>
    <resource format="FHD_TWO_MONITORS" id="FeatureBkg" type="Sound" url="freeGames/free_loop.mp3"/>
    <!--<resource format="FHD_TWO_MONITORS" id="F1BannerLong" type="Sound" url="freeGames/free_outro_long.mp3"/>-->
    <!--<resource format="FHD_TWO_MONITORS" id="F1BannerShort" type="Sound" url="freeGames/free_outro_short.mp3"/>-->
    <resource format="FHD_TWO_MONITORS" id="Ding" type="Sound" url="freeGames/fich_win.mp3"/>
    <resource format="FHD_TWO_MONITORS" id="ShowExtendedSymbolSound" type="Sound" url="feature_symbol.mp3"/>
    <resource format="FHD_TWO_MONITORS" id="CleopatraLong" type="Sound" url="win/win_cleo_long.mp3"/>
    <resource format="FHD_TWO_MONITORS" id="CleopatraShort" type="Sound" url="win/win_cleo_short.mp3"/>
    <resource format="FHD_TWO_MONITORS" id="GriffinLong" type="Sound" url="win/win_griffin_long.mp3"/>
    <resource format="FHD_TWO_MONITORS" id="GriffinShort" type="Sound" url="win/win_griffin_short.mp3"/>
    <resource format="FHD_TWO_MONITORS" id="BraceletLong" type="Sound" url="win/win_snake_long.mp3"/>
    <resource format="FHD_TWO_MONITORS" id="BraceletShort" type="Sound" url="win/win_snake_short.mp3"/>
    <resource format="FHD_TWO_MONITORS" id="NecklaceLong" type="Sound" url="win/win_necklace_long.mp3"/>
    <resource format="FHD_TWO_MONITORS" id="NecklaceShort" type="Sound" url="win/win_necklace_short.mp3"/>
    <resource format="FHD_TWO_MONITORS" id="Oneadmi" type="Sound" url="win/Oneadmi.mp3"/>
    <resource format="FHD_TWO_MONITORS" id="Twoadmi" type="Sound" url="win/Twoadmi.mp3"/>
    <resource format="FHD_TWO_MONITORS" id="Threeadmi" type="Sound" url="win/Threeadmi.mp3"/>
    <resource format="FHD_TWO_MONITORS" id="Trigger" type="Sound" url="BRDel_F_Trigger.mp3"/>
    <resource format="FHD_TWO_MONITORS" id="Win2" type="Sound" url="win/Win2.mp3"/>
    <resource format="FHD_TWO_MONITORS" id="Win5" type="Sound" url="win/Win5.mp3"/>
    <resource format="FHD_TWO_MONITORS" id="Win10" type="Sound" url="win/Win10.mp3"/>
    <resource format="FHD_TWO_MONITORS" id="Win20" type="Sound" url="win/Win20.mp3"/>
    <resource format="FHD_TWO_MONITORS" id="Win25" type="Sound" url="win/Win25.mp3"/>
    <resource format="FHD_TWO_MONITORS" id="ReelStop" type="Sound" url="ReelStop.mp3"/>
    <resource format="FHD_TWO_MONITORS" id="showFreegamesPanel" type="Sound" url="freeGames/free_games_won.mp3"/>
    <resource format="FHD_TWO_MONITORS" id="BookFlash" type="Sound" url="freeGames/BRDel_fx_flash.mp3"/>
    <resource format="FHD_TWO_MONITORS" id="bookLoop" type="Sound" url="freeGames/book_loop.mp3"/>
    <resource format="FHD_TWO_MONITORS" id="BookFlipPage1" type="Sound" url="freeGames/BRDel_fx_page1.mp3"/>
    <resource format="FHD_TWO_MONITORS" id="BookFlipPage2" type="Sound" url="freeGames/BRDel_fx_page2.mp3"/>
    <resource format="FHD_TWO_MONITORS" id="BookFlipPage3" type="Sound" url="freeGames/BRDel_fx_page3.mp3"/>
    <resource format="FHD_TWO_MONITORS" id="BookFlipPage4" type="Sound" url="freeGames/BRDel_fx_page4.mp3"/>
    <resource format="FHD_TWO_MONITORS" id="BookFlipPage5" type="Sound" url="freeGames/BRDel_fx_page5.mp3"/>
    <resource format="FHD_TWO_MONITORS" id="spinFlash" type="Sound" url="freeGames/spin_flash.mp3"/>
    <resource format="FHD_TWO_MONITORS" id="FeatureEndBanner" type="Sound" url="freeGames/free_outro_long.mp3"/>
    <resource format="FHD_TWO_MONITORS" id="collectEndFreegames" type="Sound" url="freeGames/collect_end.mp3"/>

    <!--sound reels base game normal-->
    <resource format="FHD_TWO_MONITORS" id="ReelSpinMelody1" type="Sound" url="reels/spin_1.mp3"/>
    <resource format="FHD_TWO_MONITORS" id="ReelSpinMelody2" type="Sound" url="reels/spin_2.mp3"/>
    <resource format="FHD_TWO_MONITORS" id="ReelSpinMelody3" type="Sound" url="reels/spin_3.mp3"/>
    <resource format="FHD_TWO_MONITORS" id="ReelSpinMelody4" type="Sound" url="reels/spin_4.mp3"/>
    <resource format="FHD_TWO_MONITORS" id="ReelSpinMelody5" type="Sound" url="reels/spin_5.mp3"/>
    <resource format="FHD_TWO_MONITORS" id="ReelSpinMelody6" type="Sound" url="reels/spin_6.mp3"/>
    <resource format="FHD_TWO_MONITORS" id="ReelSpinMelody7" type="Sound" url="reels/spin_7.mp3"/>
    <resource format="FHD_TWO_MONITORS" id="ReelSpinMelody8" type="Sound" url="reels/spin_8.mp3"/>
    <resource format="FHD_TWO_MONITORS" id="ReelSpinMelody9" type="Sound" url="reels/spin_9.mp3"/>
    <resource format="FHD_TWO_MONITORS" id="ReelSpinMelody10" type="Sound" url="reels/spin_10.mp3"/>
    <resource format="FHD_TWO_MONITORS" id="ReelSpinMelody11" type="Sound" url="reels/spin_11.mp3"/>
    <resource format="FHD_TWO_MONITORS" id="ReelSpinMelody12" type="Sound" url="reels/spin_12.mp3"/>
    <resource format="FHD_TWO_MONITORS" id="ReelSpinMelody13" type="Sound" url="reels/spin_13.mp3"/>
    <resource format="FHD_TWO_MONITORS" id="ReelSpinMelody14" type="Sound" url="reels/spin_14.mp3"/>
    <resource format="FHD_TWO_MONITORS" id="ReelSpinMelody15" type="Sound" url="reels/spin_15.mp3"/>
    <resource format="FHD_TWO_MONITORS" id="ReelSpinMelody16" type="Sound" url="reels/spin_16.mp3"/>

    <!--sound reels base game auto-->
    <resource format="FHD_TWO_MONITORS" id="ReelAutoMelody1" type="Sound" url="reels_auto/spin_1.mp3"/>
    <resource format="FHD_TWO_MONITORS" id="ReelAutoMelody2" type="Sound" url="reels_auto/spin_2.mp3"/>
    <resource format="FHD_TWO_MONITORS" id="ReelAutoMelody3" type="Sound" url="reels_auto/spin_3.mp3"/>
    <resource format="FHD_TWO_MONITORS" id="ReelAutoMelody4" type="Sound" url="reels_auto/spin_4.mp3"/>
    <resource format="FHD_TWO_MONITORS" id="ReelAutoMelody5" type="Sound" url="reels_auto/spin_5.mp3"/>
    <resource format="FHD_TWO_MONITORS" id="ReelAutoMelody6" type="Sound" url="reels_auto/spin_6.mp3"/>
    <resource format="FHD_TWO_MONITORS" id="ReelAutoMelody7" type="Sound" url="reels_auto/spin_7.mp3"/>
    <resource format="FHD_TWO_MONITORS" id="ReelAutoMelody8" type="Sound" url="reels_auto/spin_8.mp3"/>
    <resource format="FHD_TWO_MONITORS" id="ReelAutoMelody9" type="Sound" url="reels_auto/spin_9.mp3"/>
    <resource format="FHD_TWO_MONITORS" id="ReelAutoMelody10" type="Sound" url="reels_auto/spin_10.mp3"/>
    <resource format="FHD_TWO_MONITORS" id="ReelAutoMelody11" type="Sound" url="reels_auto/spin_11.mp3"/>
    <resource format="FHD_TWO_MONITORS" id="ReelAutoMelody12" type="Sound" url="reels_auto/spin_12.mp3"/>
    <resource format="FHD_TWO_MONITORS" id="ReelAutoMelody13" type="Sound" url="reels_auto/spin_13.mp3"/>
    <resource format="FHD_TWO_MONITORS" id="ReelAutoMelody14" type="Sound" url="reels_auto/spin_14.mp3"/>
    <resource format="FHD_TWO_MONITORS" id="ReelAutoMelody15" type="Sound" url="reels_auto/spin_15.mp3"/>
    <resource format="FHD_TWO_MONITORS" id="ReelAutoMelody16" type="Sound" url="reels_auto/spin_16.mp3"/>

    <!-- Queues -->
    <resource format="FHD_TWO_MONITORS" type="Queues" id="presentations" url="config/presentation/presentations.xml"/>
    <resource format="FHD_TWO_MONITORS" type="Queues" id="debugPresentations"
              url="config/presentation/debugPresentations.xml"/>

    <!-- Spritesheets -->
    <resource format="FHD_TWO_MONITORS" type="SpriteSheet" id="GamblerSpriteSheet" url="GamblerSpriteSheet.xml"/>

    <resource format="FHD_TWO_MONITORS" type="Text" url="config/presentation/reelstrips.xml" id="reelStrips"/>
    <resource format="FHD_TWO_MONITORS" type="Image" id="debugButton" url="debugButton.png"/>


    <!--Images -->
    <resource format="FHD_TWO_MONITORS" type="Image" id="PayTableBackground" url="pay_table_background.png"/>
    <resource format="FHD_TWO_MONITORS" type="Image" id="InfoScreenBackground" url="info_screen_background.png"/>

    <!-- Texts -->
    <resource format="FHD_TWO_MONITORS" type="Text" id="lines" url="config/gamelogic/lines.xml"/>
    <resource format="FHD_TWO_MONITORS" type="Text" id="winSounds" url="config/gamelogic/winSounds.xml"/>
    <resource format="FHD_TWO_MONITORS" type="Text" id="reelStripStopSounds"
              url="config/gamelogic/reelStripStopSounds.xml"/>
    <resource format="FHD_TWO_MONITORS" type="Text" id="payTable" url="config/gamelogic/payTable.xml"/>
    <resource format="FHD_TWO_MONITORS" type="Text" id="animations" url="config/gamelogic/animations.xml"/>
    <resource format="FHD_TWO_MONITORS" type="Text" id="reelstrips" url="config/gamelogic/reelstrips.xml"/>
    <resource format="FHD_TWO_MONITORS" type="Text" id="LanguagesList" url="config/presentation/languages.xml"/>
    <resource format="FHD_TWO_MONITORS" type="Text" id="buttonStates" url="config/presentation/buttonStates.xml"/>
    <resource format="FHD_TWO_MONITORS" type="Text" id="reelsGameConfiguration"
              url="config/gamelogic/reelsGameConfiguration.xml"/>

    <resource format="FHD_TWO_MONITORS" type="Sound" id="ReelStop0" url="ReelStop1.mp3"/>
    <resource format="FHD_TWO_MONITORS" type="Sound" id="ReelStop1" url="ReelStop2.mp3"/>
    <resource format="FHD_TWO_MONITORS" type="Sound" id="ReelStop2" url="ReelStop3.mp3"/>
    <resource format="FHD_TWO_MONITORS" type="Sound" id="ReelStop3" url="ReelStop4.mp3"/>
    <resource format="FHD_TWO_MONITORS" type="Sound" id="ReelStop4" url="ReelStop5.mp3"/>
    <resource format="FHD_TWO_MONITORS" type="Sound" id="WinCount" url="loop.mp3"/>



    <resource format="FHD_TWO_MONITORS" type="Sound" id="AutoPlayOn" url="AutoPlayOn.mp3"/>

    <!--gambler collect-->
    <resource format="FHD_TWO_MONITORS" id="double_collect" type="Sound" url="/collect/card/double_collect.mp3"/>
    <resource format="FHD_TWO_MONITORS" id="double_collect_end" type="Sound" url="/collect/card/double_collect_end.mp3"/>

    <!-- ****************QUEEN CLEOPATRA 2**************** -->
    <!--symbols animation-->
    <resource format="FHD_TWO_MONITORS" type="SpriteSheet" id="CleoLongAnimation" url="symbols/long/00_Cleo/CleoLongAnimation.xml"/>
    <!--<resource format="FHD_TWO_MONITORS" type="SpriteSheet" id="CleoLongAnimation2" url="symbols/long/00_Cleo/CleoLongAnimation2.xml"/>-->
    <!--<resource format="FHD_TWO_MONITORS" type="SpriteSheet" id="CleoShortAnimation" url="symbols/short/00_Cleo/CleoShortAnimation.xml"/>-->
    <!--<resource format="FHD_TWO_MONITORS" type="SpriteSheet" id="featureCleo_short" url="symbols/feature/Cleo_short/featureCleo_short.xml"/>-->
    <resource format="FHD_TWO_MONITORS" type="SpriteSheet" id="GriffinLongAnimation" url="symbols/long/01_Griffin/GriffinLongAnimation.xml"/>
    <resource format="FHD_TWO_MONITORS" type="SpriteSheet" id="GriffinShortAnimation" url="symbols/short/01_Griffin/GriffinShortAnimation.xml"/>
    <resource format="FHD_TWO_MONITORS" type="SpriteSheet" id="SnakeLongAnimation" url="symbols/long/03_Snake/SnakeLongAnimation.xml"/>
    <!--<resource format="FHD_TWO_MONITORS" type="SpriteSheet" id="SnakeLongAnimation2" url="symbols/long/03_Snake/SnakeLongAnimation2.xml"/>-->
    <resource format="FHD_TWO_MONITORS" type="SpriteSheet" id="SnakeShortAnimation" url="symbols/short/03_Snake/SnakeShortAnimation.xml"/>
    <resource format="FHD_TWO_MONITORS" type="SpriteSheet" id="NecklaceLongAnimation" url="symbols/long/02_Necklace/NecklaceLongAnimation.xml"/>
    <!--<resource format="FHD_TWO_MONITORS" type="SpriteSheet" id="NecklaceLongAnimation2" url="symbols/long/02_Necklace/NecklaceLongAnimation2.xml"/>-->
    <resource format="FHD_TWO_MONITORS" type="SpriteSheet" id="NecklaceShortAnimation"
              url="symbols/short/02_Necklace/NecklaceShortAnimation.xml"/>
    <resource format="FHD_TWO_MONITORS" type="SpriteSheet" id="ScatterLongAnimation" url="symbols/long/09_Scatter/ScatterLongAnimation.xml"/>
    <resource format="FHD_TWO_MONITORS" type="SpriteSheet" id="SymbolJLongAnimation" url="symbols/long/07_symbolJ/SymbolJLongAnimation.xml"/>
    <resource format="FHD_TWO_MONITORS" type="SpriteSheet" id="SymbolJShortAnimation" url="symbols/short/07_symbolJ/SymbolJShortAnimation.xml"/>

    <resource format="FHD_TWO_MONITORS" type="SpriteSheet" id="SymbolALongAnimation" url="symbols/long/04_symbolA/SymbolALongAnimation.xml"/>
    <resource format="FHD_TWO_MONITORS" type="SpriteSheet" id="SymbolAShortAnimation" url="symbols/short/04_symbolA/SymbolAShortAnimation.xml"/>

    <resource format="FHD_TWO_MONITORS" type="SpriteSheet" id="SymbolQLongAnimation" url="symbols/long/06_symbolQ/SymbolQLongAnimation.xml"/>
    <resource format="FHD_TWO_MONITORS" type="SpriteSheet" id="SymbolQShortAnimation" url="symbols/short/06_symbolQ/SymbolQShortAnimation.xml"/>

    <resource format="FHD_TWO_MONITORS" type="SpriteSheet" id="SymbolKLongAnimation" url="symbols/long/05_symbolK/SymbolKLongAnimation.xml"/>
    <resource format="FHD_TWO_MONITORS" type="SpriteSheet" id="SymbolKShortAnimation" url="symbols/short/05_symbolK/SymbolKShortAnimation.xml"/>

    <resource format="FHD_TWO_MONITORS" type="SpriteSheet" id="Symbol10LongAnimation" url="symbols/long/08_symbol10/Symbol10LongAnimation.xml"/>
    <resource format="FHD_TWO_MONITORS" type="SpriteSheet" id="Symbol10ShortAnimation"
              url="symbols/short/08_symbol10/Symbol10ShortAnimation.xml"/>

    <resource format="FHD_TWO_MONITORS" type="SpriteSheet" id="MysticBallLongAnimation" url="symbols/long/10_MysticBall/MysticBallLongAnimation.xml"/>

    <!--<resource format="FHD_TWO_MONITORS" type="SpriteSheet" id="LinesFramesAnimation" url="lines/frames/default/defaultFrames.xml"/>-->
    <resource format="FHD_TWO_MONITORS" type="SpriteSheet" id="LinesFramesAnimationFreeGames" url="lines/frames/freegames/freegamesFrames.xml"/>


    <resource format="FHD_TWO_MONITORS" type="SpriteSheet" id="payTableBaseGame2" url="LiveGlass/1280x800/payTableBaseGame2.xml"/>
    <resource format="FHD_TWO_MONITORS" type="SpriteSheet" id="logo" url="logo/logo.xml"/>
    <resource format="FHD_TWO_MONITORS" type="SpriteSheet" id="symbolsDefDemoicons" url="symbols/default/demoicons/Demoicons.xml"/>
    <!--<resource format="FHD_TWO_MONITORS" type="SpriteSheet" id="scatterFix" url="symbols/default/scatterFix.xml"/>-->

    <resource format="FHD_TWO_MONITORS" type="SpriteSheet" id="featureBgr" url="symbols/feature/bgr/featureBgr.xml"/>
    <resource format="FHD_TWO_MONITORS" type="SpriteSheet" id="bgr_girl_tiger" url="symbols/feature/bgr_girl_tiger/bgr_girl_tiger.xml"/>
    <resource format="FHD_TWO_MONITORS" type="SpriteSheet" id="fg_win" url="symbols/feature/fg_win/fg_win.xml"/>
    <resource format="FHD_TWO_MONITORS" type="SpriteSheet" id="fg_win_short" url="symbols/feature/fg_win_short/fg_win_short.xml"/>
    <resource format="FHD_TWO_MONITORS" type="SpriteSheet" id="rotation" url="symbols/rotation/rotation.xml"/>
    <resource format="FHD_TWO_MONITORS" type="SpriteSheet" id="rotation_s" url="symbols/rotation_s/rotation_s.xml"/>
    <resource format="FHD_TWO_MONITORS" type="SpriteSheet" id="scatter_short_short" url="symbols/scatter_short_short/scatter_short_short.xml"/>
    <resource format="FHD_TWO_MONITORS" type="SpriteSheet" id="trigger" url="symbols/trigger/trigger.xml"/>
    <resource format="FHD_TWO_MONITORS" type="SpriteSheet" id="freegamesSymbols" url="freegames/symbols.xml"/>

    <!--pointLine-->
    <resource format="FHD_TWO_MONITORS" type="SpriteSheet" id="pointLine" url="lines/pointLine.xml"/>

    <!--line01-->
    <resource format="FHD_TWO_MONITORS" type="SpriteSheet" id="line01" url="lines/line01.xml"/>

    <!--There are new background and old background for reels-->

    <!--<resource format="FHD_TWO_MONITORS" type="SpriteSheet" id="baseGame" url="base_game.xml"/>-->

    <resource format="FHD_TWO_MONITORS" type="SpriteSheet" id="help1280x800Bgr" url="help/1280x800/Bgr/bgr.xml"/>
    <resource format="FHD_TWO_MONITORS" type="SpriteSheet" id="sector" url="help/1280x800/Bgr/sector.xml"/>

    <!--Gambler-->
    <!--<resource format="FHD_TWO_MONITORS" type="SpriteSheet" id="gamblerAtlas" url="gambler.xml"/>-->
    <resource format="FHD_TWO_MONITORS" type="SpriteSheet" id="cardsBgr" url="risks/cards/1280x800/cardsBgr.xml"/>
    <resource format="FHD_TWO_MONITORS" type="SpriteSheet" id="btn_bgr" url="risks/cards/btn_bgr.xml"/>
    <resource format="FHD_TWO_MONITORS" type="SpriteSheet" id="gamblerButtons" url="risks/cards/buttons/Buttons.xml"/>
    <resource format="FHD_TWO_MONITORS" type="SpriteSheet" id="cardShift" url="risks/cards/cardShift.xml"/>
    <resource format="FHD_TWO_MONITORS" type="SpriteSheet" id="cardShift2" url="risks/cards/cardShift2.xml"/>

    <resource format="FHD_TWO_MONITORS" type="Sound" id="cardsLoop" url="Cards/loop.mp3"/>
    <resource format="FHD_TWO_MONITORS" type="SpriteSheet" id="history" url="history.xml"/>

    <!--book animation (Queen Cleopatra)-->
    <resource format="FHD_TWO_MONITORS" type="SpriteSheet" id="bookAppear" url="freegames/book/appear/bookAppear.xml"/>
    <resource format="FHD_TWO_MONITORS" type="SpriteSheet" id="bookOpen" url="freegames/book/open/bookOpen.xml"/>
    <resource format="FHD_TWO_MONITORS" type="SpriteSheet" id="1st_page" url="freegames/book/1st_page/1st_page.xml"/>
    <resource format="FHD_TWO_MONITORS" type="SpriteSheet" id="01_Griffin" url="freegames/book/01_Griffin/01_Griffin.xml"/>
    <resource format="FHD_TWO_MONITORS" type="SpriteSheet" id="02_Necklace" url="freegames/book/02_Necklace/02_Necklace.xml"/>
    <resource format="FHD_TWO_MONITORS" type="SpriteSheet" id="03_Snake" url="freegames/book/03_Snake/03_Snake.xml"/>
    <resource format="FHD_TWO_MONITORS" type="SpriteSheet" id="04_symbolA" url="freegames/book/04_symbolA/04_symbolA.xml"/>
    <resource format="FHD_TWO_MONITORS" type="SpriteSheet" id="05_symbolK" url="freegames/book/05_symbolK/05_symbolK.xml"/>
    <resource format="FHD_TWO_MONITORS" type="SpriteSheet" id="06_symbolQ" url="freegames/book/06_symbolQ/06_symbolQ.xml"/>
    <resource format="FHD_TWO_MONITORS" type="SpriteSheet" id="07_symbolJ" url="freegames/book/07_symbolJ/07_symbolJ.xml"/>
    <resource format="FHD_TWO_MONITORS" type="SpriteSheet" id="08_symbol10" url="freegames/book/08_symbol10/08_symbol10.xml"/>
    <resource format="FHD_TWO_MONITORS" type="SpriteSheet" id="00_Cleo" url="freegames/book/00_Cleo/00_Cleo.xml"/>
    <resource format="FHD_TWO_MONITORS" type="SpriteSheet" id="selector" url="freegames/book/selector/selector.xml"/>
    <resource format="FHD_TWO_MONITORS" type="SpriteSheet" id="won_table_bgr" url="freegames/won_table_bgr/won_table_bgr.xml"/>
    <resource format="FHD_TWO_MONITORS" type="SpriteSheet" id="Plates" url="LiveGlass/1280x800/Plates/Plates.xml"/>
    <resource format="FHD_TWO_MONITORS" type="SpriteSheet" id="featureBackgrounds2" url="freegames/you_won_plate.xml"/>

    <!--Layouts-->
    <resource format="FHD_TWO_MONITORS" type="Layout" id="bgrScreen" url="bgrScreen.xml"/>
    <resource format="FHD_TWO_MONITORS" type="Layout" id="reel_bg" url="reel_bg.xml"/>
    <resource format="FHD_TWO_MONITORS" type="Layout" id="reel_bg_free_game" url="reel_bg_free_game.xml"/>
    <resource format="FHD_TWO_MONITORS" type="Layout" id="reel_bg_ground" url="reel_bg_ground.xml"/>
    <resource format="FHD_TWO_MONITORS" id="payTableBgrScreen" type="Layout" url="payTableBgrScreen.xml"/>
    <resource format="FHD_TWO_MONITORS" id="freeGamesBannerScreen" type="Layout" url="freeGamesBannerScreen.xml"/>
    <resource format="FHD_TWO_MONITORS" id="enterFeatureBannerScreen" type="Layout" url="enterFeatureBannerScreen.xml"/>
    <resource format="FHD_TWO_MONITORS" type="Layout" id="wonPanelScreen" url="wonPanelScreen.xml"/>

    <!--standby video-->
<!--    <resource format="FHD_TWO_MONITORS" type="Movie" id="movieLogo1" url="standby/16x10_logo_1.mp4"/>
    <resource format="FHD_TWO_MONITORS" type="Movie" id="movieLogo2" url="standby/16x10_movie_2.mp4"/>
    <resource format="FHD_TWO_MONITORS" type="Movie" id="movieLogo3" url="standby/16x10_text_bgr_3.mp4"/>
    <resource format="FHD_TWO_MONITORS" type="Movie" id="movieLogo4" url="standby/16x10_logo_4.mp4"/>-->

    <!--FONTS-->

    <!--Our Fonts-->
    <resource format="FHD_TWO_MONITORS" type="BitmapFont" id="free_count1" url="LiveGlass/free_count_1.xml"/>
    <resource format="FHD_TWO_MONITORS" type="BitmapFont" id="free_count2" url="LiveGlass/free_count_2.xml"/>
    <resource format="FHD_TWO_MONITORS" type="BitmapFont" id="liveglass_info" url="LiveGlass/liveglass_info.xml"/>

    <!--static 2x 3x 4x 5x-->
    <resource format="FHD_TWO_MONITORS" type="BitmapFont" id="seepays_wins1" url="LiveGlass/seepays_wins1.xml"/>

    <!--active 2000 400 40 5-->
    <resource format="FHD_TWO_MONITORS" type="BitmapFont" id="seepays_wins2" url="LiveGlass/seepays_wins2.xml"/>

    <!--win 5x 2000-->
    <resource format="FHD_TWO_MONITORS" type="BitmapFont" id="seepays_wins3" url="LiveGlass/seepays_wins3.xml"/>

    <!--???-->
    <resource format="FHD_TWO_MONITORS" type="BitmapFont" id="seepays_wins4" url="LiveGlass/seepays_wins3.xml"/>

    <resource format="FHD_TWO_MONITORS" type="BitmapFont" id="seepays_text_spec" url="LiveGlass/seepays_text_spec.xml"/>


    <resource format="FHD_TWO_MONITORS" type="BitmapFont" id="seepays_big_1" url="LiveGlass/seepays_big_1.xml"/>
    <resource format="FHD_TWO_MONITORS" type="BitmapFont" id="seepays_big_2" url="LiveGlass/seepays_big_2.xml"/>
    <resource format="FHD_TWO_MONITORS" type="BitmapFont" id="seepays_big_3" url="LiveGlass/seepays_big_3.xml"/>

    <resource format="FHD_TWO_MONITORS" type="BitmapFont" id="seepays_text_big2" url="LiveGlass/seepays_text_big2.xml"/>
    <resource format="FHD_TWO_MONITORS" type="BitmapFont" id="seepays_text_big1" url="LiveGlass/seepays_text_big1.xml"/>
    <resource format="FHD_TWO_MONITORS" type="BitmapFont" id="seepays_text_big" url="LiveGlass/seepays_text_big.xml"/>
    <resource format="FHD_TWO_MONITORS" type="BitmapFont" id="seepays_text" url="LiveGlass/seepays_text.xml"/>

    <resource format="FHD_TWO_MONITORS" type="BitmapFont" id="qc_help" url="Help/qc_help.xml"/>
    <resource format="FHD_TWO_MONITORS" type="BitmapFont" id="qc_title" url="Help/qc_title.xml"/>

    <resource format="FHD_TWO_MONITORS" type="BitmapFont" id="you_won" url="FreeGames/you_won.xml"/>
    <resource format="FHD_TWO_MONITORS" type="BitmapFont" id="playaway" url="Help/play_away/playaway.xml"/>

    <!--Cards fonts-->
    <resource format="FHD_TWO_MONITORS" type="BitmapFont" id="cardTitle" url="CardRisk/gamble.xml"/>
    <resource format="FHD_TWO_MONITORS" type="BitmapFont" id="cardText" url="CardRisk/text.xml"/>
    <resource format="FHD_TWO_MONITORS" type="BitmapFont" id="cardTextBgr" url="CardRisk/text_2.xml"/>
    <resource format="FHD_TWO_MONITORS" type="BitmapFont" id="Cardbuttons" url="CardRisk/button.xml"/>
    <resource format="FHD_TWO_MONITORS" type="BitmapFont" id="Cardbutton_pressed" url="CardRisk/button_pressed.xml"/>
    <resource format="FHD_TWO_MONITORS" type="BitmapFont" id="Cardbutton_disabled" url="CardRisk/button_disabled.xml"/>
    <resource format="FHD_TWO_MONITORS" type="BitmapFont" id="selected" url="CardRisk/selected.xml"/>

    <!--Standby fonts-->
    <resource format="FHD_TWO_MONITORS" type="BitmapFont" id="standby" url="standby/standby.xml"/>
    <resource format="FHD_TWO_MONITORS" type="BitmapFont" id="standby_numbers" url="standby/standby_numbers.xml"/>


    <!--free games-->
    <resource format="FHD_TWO_MONITORS" type="Text" id="freeGamePayTable" url="config/gamelogic/freeGamePayTable.xml"/>
    <resource format="FHD_TWO_MONITORS" type="Text" id="freeGameConfiguration"
              url="config/gamelogic/freeGameConfiguration.xml"/>
    <resource format="FHD_TWO_MONITORS" type="Text" id="freeGameReelstrips"
              url="config/gamelogic/freeGamesReelstrips.xml"/>
    <resource format="FHD_TWO_MONITORS" type="Text" id="extendedSymbolConfiguration" url="config/gamelogic/extendedSymbolConfiguration.xml"/>
    <resource format="FHD_TWO_MONITORS" type="Text" id="extendedSymbolPayTable" url="config/gamelogic/extendedSymbolPayTable.xml"/>
    <resource format="FHD_TWO_MONITORS" type="Text" id="scatterPayTable" url="config/gamelogic/scatterPayTable.xml"/>

    <!--BASE GAME COLLECT SOUNDS-->
    <resource format="FHD_TWO_MONITORS" type="Sound" id="collect_intro" url="collect/default/collect_intro.mp3"/>
    <resource format="FHD_TWO_MONITORS" type="Sound" id="collect_loop" url="collect/default/collect_loop.mp3"/>
    <resource format="FHD_TWO_MONITORS" type="Sound" id="collect_end" url="collect/default/collect_end.mp3"/>

    <!--FREE GAMES COLLECT SOUNDS-->
    <resource format="FHD_TWO_MONITORS" type="Sound" id="f_collect_intro" url="collect/freegames/collect_intro.mp3"/>
    <resource format="FHD_TWO_MONITORS" type="Sound" id="f_collect_loop" url="collect/freegames/collect_loop.mp3"/>
    <resource format="FHD_TWO_MONITORS" type="Sound" id="f_collect_end" url="collect/freegames/collect_end.mp3"/>

    <!--screen saver-->
    <resource format="FHD_TWO_MONITORS" type="SpriteSheet" id="screenSaverID" url="screenSaver/screenSaver.xml"/>

    <!--FREE GAMES END PARTICLES-->
    <resource format="FHD_TWO_MONITORS" type="SpriteSheet" id="red" url="particles/red/red.xml"/>
    <resource format="FHD_TWO_MONITORS" type="SpriteSheet" id="yellow" url="particles/yellow/yellow.xml"/>

    <resource format="FHD_TWO_MONITORS" type="SpriteSheet" id="coins" url="coins/coins.xml"/>
    <resource format="FHD_TWO_MONITORS" type="SpriteSheet" id="diamonds" url="diamonds/diamonds.xml"/>


    <!-- *********************EYE OF DRAGON*********************-->

    <!--line Frames short-->
    <resource format="FHD_TWO_MONITORS" type="SpriteSheet" id="shortFrames" url="lines/frames/short/shortFrames.xml"/>
    <resource format="FHD_TWO_MONITORS" type="SpriteSheet" id="colorFrames" url="lines/frames/short/add_colored/colorFrames.xml"/>
    <!--line Frames long-->
    <resource format="FHD_TWO_MONITORS" type="SpriteSheet" id="LinesFramesAnimation" url="lines/frames/winframes/longFrames.xml"/>
    <resource format="FHD_TWO_MONITORS" type="SpriteSheet" id="colorFramesLong" url="lines/frames/winframes/add_colored/colorFramesLong.xml"/>


    <!--Live glass-->
    <resource format="FHD_TWO_MONITORS" type="SpriteSheet" id="plate_mystic_ball" url="LiveGlass/plate_mystic_ball/plate_mystic_ball.xml"/>
    <resource format="FHD_TWO_MONITORS" type="SpriteSheet" id="plates2" url="LiveGlass/plates.xml"/>
    <resource format="FHD_TWO_MONITORS" type="SpriteSheet" id="sub_box" url="LiveGlass/sub_box.xml"/>
    <resource format="FHD_TWO_MONITORS" type="SpriteSheet" id="win_box" url="LiveGlass/win_box.xml"/>


    <!--standby-->
    <resource format="FHD_TWO_MONITORS" type="SpriteSheet" id="glow" url="standby/glow.xml"/>
    <resource format="FHD_TWO_MONITORS" type="Image" id="eye_standby" url="eye_standby.png"/>


    <!--win lines-->
    <resource type="SpriteSheet" format="FHD_TWO_MONITORS" id="winlines" url="winlines/winlines.xml"/>
    <resource format="FHD_TWO_MONITORS" type="Image" id="paytableBgr" url="bgr.png"/>



    <resource format="FHD_TWO_MONITORS" type="Image" id="special10" url="10.png"/>


    <!--ground-->
    <resource format="FHD_TWO_MONITORS" type="SpriteSheet" id="ground" url="ground.xml"/>
    <resource format="FHD_TWO_MONITORS" type="SpriteSheet" id="reels" url="reels.xml"/>

    <!--fonts for pay table-->


    <!--from converter for pay table-->
    <resource format="FHD_TWO_MONITORS" type="BitmapFont" id="hp_seepays_text_big" url="eod_mb_paytable/seepays_text_big.xml"/>
    <resource format="FHD_TWO_MONITORS" type="BitmapFont" id="hp_seepays_text_gold" url="eod_mb_paytable/seepays_text_gold.xml"/>
    <resource format="FHD_TWO_MONITORS" type="BitmapFont" id="hp_seepays_text_silver" url="eod_mb_paytable/seepays_text_silver.xml"/>
    <resource format="FHD_TWO_MONITORS" type="BitmapFont" id="hp_seepays_text_spec" url="eod_mb_paytable/seepays_text_spec.xml"/>
    <resource format="FHD_TWO_MONITORS" type="Image" id="hp_10" url="eod_mb_paytable/10.png"/>
    <resource format="FHD_TWO_MONITORS" type="Image" id="hp_10_fg" url="eod_mb_paytable/10_fg.png"/>
    <resource format="FHD_TWO_MONITORS" type="Image" id="hp_A" url="eod_mb_paytable/A.png"/>
    <resource format="FHD_TWO_MONITORS" type="Image" id="hp_ball" url="eod_mb_paytable/ball.png"/>
    <resource format="FHD_TWO_MONITORS" type="Image" id="hp_ball_inactive" url="eod_mb_paytable/ball_inactive.png"/>
    <resource format="FHD_TWO_MONITORS" type="Image" id="hp_box_bottom" url="eod_mb_paytable/box_bottom.png"/>
    <resource format="FHD_TWO_MONITORS" type="Image" id="hp_box_middle" url="eod_mb_paytable/box_middle.png"/>
    <resource format="FHD_TWO_MONITORS" type="Image" id="hp_box_royals" url="eod_mb_paytable/box_royals.png"/>
    <resource format="FHD_TWO_MONITORS" type="Image" id="hp_box_top" url="eod_mb_paytable/box_top.png"/>
    <resource format="FHD_TWO_MONITORS" type="Image" id="hp_eye" url="eod_mb_paytable/eye.png"/>
    <resource format="FHD_TWO_MONITORS" type="Image" id="hp_girl" url="eod_mb_paytable/girl.png"/>
    <resource format="FHD_TWO_MONITORS" type="Image" id="hp_horse" url="eod_mb_paytable/horse.png"/>
    <resource format="FHD_TWO_MONITORS" type="Image" id="hp_J" url="eod_mb_paytable/J.png"/>
    <resource format="FHD_TWO_MONITORS" type="Image" id="hp_K" url="eod_mb_paytable/K.png"/>
    <resource format="FHD_TWO_MONITORS" type="Image" id="hp_man" url="eod_mb_paytable/man.png"/>
    <resource format="FHD_TWO_MONITORS" type="Image" id="hp_mystic_ball_box" url="eod_mb_paytable/mystic_ball_box.png"/>
    <resource format="FHD_TWO_MONITORS" type="Image" id="hp_Q" url="eod_mb_paytable/Q.png"/>
    <resource format="FHD_TWO_MONITORS" type="Image" id="hp_scatter" url="eod_mb_paytable/scatter.png"/>
    <resource format="FHD_TWO_MONITORS" type="Image" id="hp_sub_box" url="eod_mb_paytable/sub_box.png"/>
    <resource format="FHD_TWO_MONITORS" type="Image" id="hp_tiger" url="eod_mb_paytable/tiger.png"/>
    <resource format="FHD_TWO_MONITORS" type="Image" id="hp_bgr" url="eod_mb_paytable/bgr.png"/>

</resources>
