<resources xmlns="http://www.atsisa.com/gox/framework/resources">
<!--
    <resource format="FHD_TWO_MONITORS" type="Config" id="defaultConfig" url="config.xml"/>
    <resource format="FHD_TWO_MONITORS" type="Config" id="releaseConfig" url="releaseConfig.xml"/>
    <resource format="FHD_TWO_MONITORS" type="Text" url="config/presentation/reelGameConfiguration.xml"
              id="reelGameConfiguration"/>

    &lt;!&ndash; Bitmap fonts &ndash;&gt;
    <resource format="FHD_TWO_MONITORS" type="BitmapFont" id="arial-bold-35" url="arial-bold-35.fnt"/>
    <resource format="FHD_TWO_MONITORS" type="BitmapFont" id="arial-bold-45" url="arial-bold-45.fnt"/>
    <resource format="FHD_TWO_MONITORS" type="BitmapFont" id="arial-bold-60" url="arial-bold-60.fnt"/>
    <resource format="FHD_TWO_MONITORS" type="BitmapFont" id="arial-bold-120" url="arial-bold-120.fnt"/>

    &lt;!&ndash; Layouts &ndash;&gt;
    <resource format="FHD_TWO_MONITORS" type="Layout" id="infoScreen" url="infoScreen.xml"/>
    <resource format="FHD_TWO_MONITORS" type="Layout" id="gamblerScreen" url="gamblerScreen.xml"/>
    <resource format="FHD_TWO_MONITORS" type="Layout" id="baseGameScreen" url="baseGameScreen.xml"/>
    <resource format="FHD_TWO_MONITORS" type="Layout" id="winLinesScreen" url="winLinesScreen.xml"/>
    <resource format="FHD_TWO_MONITORS" type="Layout" id="payTableScreen" url="payTableScreen.xml"/>
    <resource format="FHD_TWO_MONITORS" type="Layout" id="bgrScreen" url="bgrScreen.xml"/>
    <resource format="FHD_TWO_MONITORS" type="Layout" id="reel_bg" url="reel_bg.xml"/>
    <resource format="FHD_TWO_MONITORS" type="Layout" id="reel_bg_free_game" url="reel_bg_free_game.xml"/>
    <resource format="FHD_TWO_MONITORS" type="Layout" id="reel_bg_ground" url="reel_bg_ground.xml"/>
    <resource format="FHD_TWO_MONITORS" type="Layout" id="wonPanelScreen" url="wonPanelScreen.xml"/>

    &lt;!&ndash; Sounds &ndash;&gt;
    <resource format="FHD_TWO_MONITORS" type="Sound" id="DoubleWin" url="DoubleWin.mp3"/>
    <resource format="FHD_TWO_MONITORS" type="Sound" id="DeckSound" url="DeckSound.mp3"/>
    <resource format="FHD_TWO_MONITORS" type="Sound" id="GambleLoop" url="GambleLoop.mp3"/>
    <resource format="FHD_TWO_MONITORS" type="Sound" id="BalanceToWin" url="BalanceToWin.mp3"/>
    <resource format="FHD_TWO_MONITORS" type="Sound" id="WinCountStop" url="WinCountStop.mp3"/>
    <resource format="FHD_TWO_MONITORS" type="Sound" id="ReelSpinMelody" url="ReelSpinMelody.mp3"/>
    <resource format="FHD_TWO_MONITORS" type="Sound" id="BalanceToWinSkip" url="BalanceToWinSkip.mp3"/>

    &lt;!&ndash; Queues &ndash;&gt;
    <resource format="FHD_TWO_MONITORS" type="Queues" id="presentations" url="config/presentation/presentations.xml"/>

    &lt;!&ndash; Spritesheets &ndash;&gt;
    <resource format="FHD_TWO_MONITORS" type="SpriteSheet" id="GamblerSpriteSheet" url="GamblerSpriteSheet.xml"/>
    <resource format="FHD_TWO_MONITORS" type="Text" url="config/presentation/reelstrips.xml" id="reelStrips"/>
    <resource format="FHD_TWO_MONITORS" type="SpriteSheet" id="BaseElementsSpriteSheet"
              url="BaseElementsSpriteSheet.xml"/>

    &lt;!&ndash;Images &ndash;&gt;
    <resource format="FHD_TWO_MONITORS" type="Image" id="PayTableBackground" url="pay_table_background.png"/>
    <resource format="FHD_TWO_MONITORS" type="Image" id="InfoScreenBackground" url="info_screen_background.png"/>

    &lt;!&ndash; Texts &ndash;&gt;
    <resource format="FHD_TWO_MONITORS" type="Text" id="lines" url="config/gamelogic/lines.xml"/>
    <resource format="FHD_TWO_MONITORS" type="Text" id="winSounds" url="config/gamelogic/winSounds.xml"/>
    <resource format="FHD_TWO_MONITORS" type="Text" id="reelStripStopSounds"
              url="config/gamelogic/reelStripStopSounds.xml"/>
    <resource format="FHD_TWO_MONITORS" type="Text" id="payTable" url="config/gamelogic/payTable.xml"/>
    <resource format="FHD_TWO_MONITORS" type="Text" id="animations" url="config/gamelogic/animations.xml"/>
    <resource format="FHD_TWO_MONITORS" type="Text" id="reelstrips" url="config/gamelogic/reelstrips.xml"/>
    <resource format="FHD_TWO_MONITORS" type="Text" id="LanguagesList" url="config/presentation/languages.xml"/>
    <resource format="FHD_TWO_MONITORS" type="Text" id="buttonStates" url="config/presentation/buttonStates.xml"/>
    <resource format="FHD_TWO_MONITORS" type="Text" id="reelsGameConfiguration"
              url="config/gamelogic/reelsGameConfiguration.xml"/>

    <resource format="FHD_TWO_MONITORS" type="Sound" id="ReelStop0" url="ReelStop1.mp3"/>
    <resource format="FHD_TWO_MONITORS" type="Sound" id="ReelStop1" url="ReelStop2.mp3"/>
    <resource format="FHD_TWO_MONITORS" type="Sound" id="ReelStop2" url="ReelStop3.mp3"/>
    <resource format="FHD_TWO_MONITORS" type="Sound" id="ReelStop3" url="ReelStop4.mp3"/>
    <resource format="FHD_TWO_MONITORS" type="Sound" id="ReelStop4" url="ReelStop5.mp3"/>
    <resource format="FHD_TWO_MONITORS" type="Sound" id="WinCount0" url="LineSound0.mp3"/>
    <resource format="FHD_TWO_MONITORS" type="Sound" id="WinCount1" url="LineSound1.mp3"/>
    <resource format="FHD_TWO_MONITORS" type="Sound" id="WinCount2" url="LineSound2.mp3"/>
    <resource format="FHD_TWO_MONITORS" type="Sound" id="WinCount3" url="LineSound3.mp3"/>
    <resource format="FHD_TWO_MONITORS" type="Sound" id="WinCount4" url="LineSound4.mp3"/>
    <resource format="FHD_TWO_MONITORS" type="Sound" id="WinCount5" url="LineSound5.mp3"/>
    <resource format="FHD_TWO_MONITORS" type="Sound" id="WinCount6" url="LineSound6.mp3"/>
    <resource format="FHD_TWO_MONITORS" type="Sound" id="WinCount7" url="LineSound7.mp3"/>
    <resource format="FHD_TWO_MONITORS" type="Sound" id="WinCount8" url="LineSound8.mp3"/>

    <resource format="FHD_TWO_MONITORS" type="Sound" id="AutoPlayOn" url="AutoPlayOn.mp3"/>
    <resource format="FHD_TWO_MONITORS" type="Sound" id="AutoPlayOff" url="AutoPlayOff.mp3"/>
    <resource format="FHD_TWO_MONITORS" type="Sound" id="BetChanging" url="BetChanging.mp3"/>
    <resource format="FHD_TWO_MONITORS" type="Sound" id="Shift" url="Shift.mp3"/>

&lt;!&ndash;FONTS&ndash;&gt;
    <resource format="FHD_TWO_MONITORS" type="BitmapFont" id="seepays_wins1" url="LiveGlass/seepays_wins1.xml"/>
    <resource format="FHD_TWO_MONITORS" type="BitmapFont" id="seepays_wins2" url="LiveGlass/seepays_wins2.xml"/>
    <resource format="FHD_TWO_MONITORS" type="BitmapFont" id="seepays_wins3" url="LiveGlass/seepays_wins3.xml"/>

-->

</resources>
