<reelsDescriptor
        xmlns="http://www.atsisa.com/gox/gamelogic/reelStrips"
        xmlns:xsi="http://www.w3.org/2001/XMLSchema-instance"
        xsi:schemaLocation="http://www.atsisa.com/gox/gamelogic/reelStrips">
    <reelStrips>
        <reelStrip number="0" type="BaseGame">
            <symbols>
                <symbol id="0" name="Green" type="BaseSymbol"/>
                <symbol id="10" name="Blue2" type="BaseSymbol"/>
                <symbol id="0" name="Green" type="BaseSymbol"/>
                <symbol id="0" name="Green" type="BaseSymbol"/>
                <symbol id="0" name="Green" type="BaseSymbol"/>
                <symbol id="2" name="Pink" type="BaseSymbol"/>
                <symbol id="4" name="Violet" type="BaseSymbol"/>
                <symbol id="3" name="Blue" type="BaseSymbol"/>
                <symbol id="3" name="Blue" type="BaseSymbol"/>
                <symbol id="0" name="Green" type="BaseSymbol"/>
                <symbol id="1" name="Yellow" type="BaseSymbol"/>
                <symbol id="5" name="Symbol6" type="BaseSymbol"/>
                <symbol id="6" name="Symbol7" type="BaseSymbol"/>
                <symbol id="7" name="SymbolQ" type="BaseSymbol"/>
                <symbol id="7" name="SymbolQ" type="BaseSymbol"/>
                <symbol id="8" name="Symbol9" type="BaseSymbol"/>
                <symbol id="9" name="Symbol10" type="BaseSymbol"/>
            </symbols>
        </reelStrip>
        <reelStrip number="1" type="BaseGame">
            <symbols>
                <symbol id="3" name="Blue" type="BaseSymbol"/>
                <symbol id="10" name="Blue2" type="BaseSymbol"/>
                <symbol id="4" name="Violet" type="BaseSymbol"/>
                <symbol id="5" name="Symbol6" type="BaseSymbol"/>
                <symbol id="0" name="Green" type="BaseSymbol"/>
                <symbol id="0" name="Green" type="BaseSymbol"/>
                <symbol id="1" name="Yellow" type="BaseSymbol"/>
                <symbol id="2" name="Pink" type="BaseSymbol"/>
            </symbols>
        </reelStrip>
        <reelStrip number="2" type="BaseGame">
            <symbols>
                <symbol id="2" name="Pink" type="BaseSymbol"/>
                <symbol id="10" name="Blue2" type="BaseSymbol"/>
                <symbol id="3" name="Blue" type="BaseSymbol"/>
                <symbol id="3" name="Blue" type="BaseSymbol"/>
                <symbol id="4" name="Violet" type="BaseSymbol"/>
                <symbol id="4" name="Violet" type="BaseSymbol"/>
                <symbol id="1" name="Yellow" type="BaseSymbol"/>
                <symbol id="2" name="Pink" type="BaseSymbol"/>
                <symbol id="0" name="Green" type="BaseSymbol"/>
            </symbols>
        </reelStrip>
        <reelStrip number="3" type="BaseGame">
            <symbols>
                <symbol id="5" name="Symbol6" type="BaseSymbol"/>
                <symbol id="10" name="Blue2" type="BaseSymbol"/>
                <symbol id="0" name="Green" type="BaseSymbol"/>
                <symbol id="0" name="Green" type="BaseSymbol"/>
                <symbol id="6" name="Symbol7" type="BaseSymbol"/>
                <symbol id="6" name="Symbol7" type="BaseSymbol"/>
                <symbol id="2" name="Pink" type="BaseSymbol"/>
                <symbol id="1" name="Yellow" type="BaseSymbol"/>
                <symbol id="2" name="Pink" type="BaseSymbol"/>
                <symbol id="3" name="Blue" type="BaseSymbol"/>
            </symbols>
        </reelStrip>
        <reelStrip number="4" type="BaseGame">
            <symbols>
                <symbol id="5" name="Symbol6" type="BaseSymbol"/>
                <symbol id="10" name="Blue2" type="BaseSymbol"/>
                <symbol id="5" name="Symbol6" type="BaseSymbol"/>
                <symbol id="4" name="Violet" type="BaseSymbol"/>
                <symbol id="3" name="Blue" type="BaseSymbol"/>
                <symbol id="2" name="Pink" type="BaseSymbol"/>
                <symbol id="2" name="Pink" type="BaseSymbol"/>
                <symbol id="1" name="Yellow" type="BaseSymbol"/>
                <symbol id="0" name="Green" type="BaseSymbol"/>
                <symbol id="2" name="Pink" type="BaseSymbol"/>
            </symbols>
        </reelStrip>
    </reelStrips>
</reelsDescriptor>