<reelsDescriptor
        xmlns="http://www.atsisa.com/gox/gamelogic/reelStrips"
        xmlns:xsi="http://www.w3.org/2001/XMLSchema-instance"
        xsi:schemaLocation="http://www.atsisa.com/gox/gamelogic/reelStrips">
    <reelStrips>
        <reelStrip number="0" type="BaseGame">
            <symbols>
                <symbol id="6" name="Queen" type="BaseSymbol"/>
                <symbol id="8" name="Ten" type="BaseSymbol"/>
                <symbol id="5" name="King" type="BaseSymbol"/>
                <symbol id="0" name="Cleopatra" type="BaseSymbol"/>
                <symbol id="4" name="Ace" type="BaseSymbol"/>
                <symbol id="7" name="Jack" type="BaseSymbol"/>
                <symbol id="5" name="King" type="BaseSymbol"/>
                <symbol id="6" name="Queen" type="BaseSymbol"/>
                <symbol id="1" name="Griffin" type="BaseSymbol"/>
                <symbol id="7" name="Jack" type="BaseSymbol"/>
                <symbol id="5" name="King" type="BaseSymbol"/>
                <symbol id="2" name="Necklace" type="BaseSymbol"/>
                <symbol id="9" name="Tomb" type="WildSymbol"/>
                <symbol id="9" name="Tomb" type="WildSymbol"/>
                <symbol id="4" name="Ace" type="BaseSymbol"/>
                <symbol id="7" name="Jack" type="BaseSymbol"/>
                <symbol id="2" name="Necklace" type="BaseSymbol"/>
                <symbol id="4" name="Ace" type="BaseSymbol"/>
                <symbol id="6" name="Queen" type="BaseSymbol"/>
                <symbol id="0" name="Cleopatra" type="BaseSymbol"/>
                <symbol id="5" name="King" type="BaseSymbol"/>
                <symbol id="4" name="Ace" type="BaseSymbol"/>
                <symbol id="2" name="Necklace" type="BaseSymbol"/>
                <symbol id="6" name="Queen" type="BaseSymbol"/>
                <symbol id="5" name="King" type="BaseSymbol"/>
                <symbol id="0" name="Cleopatra" type="BaseSymbol"/>
                <symbol id="4" name="Ace" type="BaseSymbol"/>
                <symbol id="7" name="Jack" type="BaseSymbol"/>
                <symbol id="5" name="King" type="BaseSymbol"/>
                <symbol id="6" name="Queen" type="BaseSymbol"/>
                <symbol id="1" name="Griffin" type="BaseSymbol"/>
                <symbol id="7" name="Jack" type="BaseSymbol"/>
                <symbol id="5" name="King" type="BaseSymbol"/>
                <symbol id="2" name="Necklace" type="BaseSymbol"/>
                <symbol id="9" name="Tomb" type="WildSymbol"/>
                <symbol id="6" name="Queen" type="BaseSymbol"/>
                <symbol id="5" name="King" type="BaseSymbol"/>
                <symbol id="2" name="Necklace" type="BaseSymbol"/>
                <symbol id="7" name="Jack" type="BaseSymbol"/>
                <symbol id="4" name="Ace" type="BaseSymbol"/>
                <symbol id="5" name="King" type="BaseSymbol"/>
                <symbol id="6" name="Queen" type="BaseSymbol"/>
                <symbol id="3" name="Bracelet" type="BaseSymbol"/>
                <symbol id="5" name="King" type="BaseSymbol"/>
                <symbol id="7" name="Jack" type="BaseSymbol"/>
                <symbol id="2" name="Necklace" type="BaseSymbol"/>
                <symbol id="6" name="Queen" type="BaseSymbol"/>
                <symbol id="4" name="Ace" type="BaseSymbol"/>
                <symbol id="7" name="Jack" type="BaseSymbol"/>
                <symbol id="1" name="Griffin" type="BaseSymbol"/>
                <symbol id="5" name="King" type="BaseSymbol"/>
                <symbol id="6" name="Queen" type="BaseSymbol"/>
                <symbol id="7" name="Jack" type="BaseSymbol"/>
                <symbol id="2" name="Necklace" type="BaseSymbol"/>
                <symbol id="4" name="Ace" type="BaseSymbol"/>
                <symbol id="6" name="Queen" type="BaseSymbol"/>
                <symbol id="1" name="Griffin" type="BaseSymbol"/>
                <symbol id="4" name="Ace" type="BaseSymbol"/>
                <symbol id="6" name="Queen" type="BaseSymbol"/>
                <symbol id="5" name="King" type="BaseSymbol"/>
                <symbol id="7" name="Jack" type="BaseSymbol"/>
                <symbol id="2" name="Necklace" type="BaseSymbol"/>
                <symbol id="8" name="Ten" type="BaseSymbol"/>
                <symbol id="5" name="King" type="BaseSymbol"/>
                <symbol id="4" name="Ace" type="BaseSymbol"/>
            </symbols>
        </reelStrip>
        <reelStrip number="1" type="BaseGame">
            <symbols>
                <symbol id="7" name="Jack" type="BaseSymbol"/>
                <symbol id="6" name="Queen" type="BaseSymbol"/>
                <symbol id="7" name="Jack" type="BaseSymbol"/>
                <symbol id="1" name="Griffin" type="BaseSymbol"/>
                <symbol id="5" name="King" type="BaseSymbol"/>
                <symbol id="4" name="Ace" type="BaseSymbol"/>
                <symbol id="7" name="Jack" type="BaseSymbol"/>
                <symbol id="3" name="Bracelet" type="BaseSymbol"/>
                <symbol id="9" name="Tomb" type="WildSymbol"/>
                <symbol id="5" name="King" type="BaseSymbol"/>
                <symbol id="8" name="Ten" type="BaseSymbol"/>
                <symbol id="7" name="Jack" type="BaseSymbol"/>
                <symbol id="1" name="Griffin" type="BaseSymbol"/>
                <symbol id="5" name="King" type="BaseSymbol"/>
                <symbol id="4" name="Ace" type="BaseSymbol"/>
                <symbol id="7" name="Jack" type="BaseSymbol"/>
                <symbol id="3" name="Bracelet" type="BaseSymbol"/>
                <symbol id="5" name="King" type="BaseSymbol"/>
                <symbol id="4" name="Ace" type="BaseSymbol"/>
                <symbol id="2" name="Necklace" type="BaseSymbol"/>
                <symbol id="7" name="Jack" type="BaseSymbol"/>
                <symbol id="8" name="Ten" type="BaseSymbol"/>
                <symbol id="5" name="King" type="BaseSymbol"/>
                <symbol id="3" name="Bracelet" type="BaseSymbol"/>
                <symbol id="8" name="Ten" type="BaseSymbol"/>
                <symbol id="5" name="King" type="BaseSymbol"/>
                <symbol id="4" name="Ace" type="BaseSymbol"/>
                <symbol id="7" name="Jack" type="BaseSymbol"/>
                <symbol id="5" name="King" type="BaseSymbol"/>
                <symbol id="8" name="Ten" type="BaseSymbol"/>
                <symbol id="3" name="Bracelet" type="BaseSymbol"/>
                <symbol id="7" name="Jack" type="BaseSymbol"/>
                <symbol id="5" name="King" type="BaseSymbol"/>
                <symbol id="2" name="Necklace" type="BaseSymbol"/>
                <symbol id="8" name="Ten" type="BaseSymbol"/>
                <symbol id="5" name="King" type="BaseSymbol"/>
                <symbol id="3" name="Bracelet" type="BaseSymbol"/>
                <symbol id="7" name="Jack" type="BaseSymbol"/>
                <symbol id="8" name="Ten" type="BaseSymbol"/>
                <symbol id="5" name="King" type="BaseSymbol"/>
                <symbol id="0" name="Cleopatra" type="BaseSymbol"/>
                <symbol id="6" name="Queen" type="BaseSymbol"/>
                <symbol id="7" name="Jack" type="BaseSymbol"/>
                <symbol id="8" name="Ten" type="BaseSymbol"/>
                <symbol id="3" name="Bracelet" type="BaseSymbol"/>
                <symbol id="7" name="Jack" type="BaseSymbol"/>
                <symbol id="5" name="King" type="BaseSymbol"/>
                <symbol id="3" name="Bracelet" type="BaseSymbol"/>
                <symbol id="8" name="Ten" type="BaseSymbol"/>
                <symbol id="7" name="Jack" type="BaseSymbol"/>
                <symbol id="3" name="Bracelet" type="BaseSymbol"/>
                <symbol id="8" name="Ten" type="BaseSymbol"/>
                <symbol id="5" name="King" type="BaseSymbol"/>
                <symbol id="10" name="mysticBall" type="BaseSymbol"/>
                <symbol id="6" name="Queen" type="BaseSymbol"/>
                <symbol id="8" name="Ten" type="BaseSymbol"/>
                <symbol id="3" name="Bracelet" type="BaseSymbol"/>
                <symbol id="7" name="Jack" type="BaseSymbol"/>
                <symbol id="8" name="Ten" type="BaseSymbol"/>
                <symbol id="10" name="mysticBall" type="BaseSymbol"/>
                <symbol id="5" name="King" type="BaseSymbol"/>
            </symbols>
        </reelStrip>
        <reelStrip number="2" type="BaseGame">
            <symbols>
                <symbol id="7" name="Jack" type="BaseSymbol"/>
                <symbol id="4" name="Ace" type="BaseSymbol"/>
                <symbol id="9" name="Tomb" type="WildSymbol"/>
                <symbol id="8" name="Ten" type="BaseSymbol"/>
                <symbol id="5" name="King" type="BaseSymbol"/>
                <symbol id="1" name="Griffin" type="BaseSymbol"/>
                <symbol id="8" name="Ten" type="BaseSymbol"/>
                <symbol id="6" name="Queen" type="BaseSymbol"/>
                <symbol id="1" name="Griffin" type="BaseSymbol"/>
                <symbol id="8" name="Ten" type="BaseSymbol"/>
                <symbol id="6" name="Queen" type="BaseSymbol"/>
                <symbol id="3" name="Bracelet" type="BaseSymbol"/>
                <symbol id="7" name="Jack" type="BaseSymbol"/>
                <symbol id="8" name="Ten" type="BaseSymbol"/>
                <symbol id="2" name="Necklace" type="BaseSymbol"/>
                <symbol id="9" name="Tomb" type="WildSymbol"/>
                <symbol id="6" name="Queen" type="BaseSymbol"/>
                <symbol id="8" name="Ten" type="BaseSymbol"/>
                <symbol id="4" name="Ace" type="BaseSymbol"/>
                <symbol id="3" name="Bracelet" type="BaseSymbol"/>
                <symbol id="8" name="Ten" type="BaseSymbol"/>
                <symbol id="4" name="Ace" type="BaseSymbol"/>
                <symbol id="0" name="Cleopatra" type="BaseSymbol"/>
                <symbol id="7" name="Jack" type="BaseSymbol"/>
                <symbol id="8" name="Ten" type="BaseSymbol"/>
                <symbol id="1" name="Griffin" type="BaseSymbol"/>
                <symbol id="7" name="Jack" type="BaseSymbol"/>
                <symbol id="6" name="Queen" type="BaseSymbol"/>
                <symbol id="4" name="Ace" type="BaseSymbol"/>
                <symbol id="8" name="Ten" type="BaseSymbol"/>
                <symbol id="3" name="Bracelet" type="BaseSymbol"/>
                <symbol id="6" name="Queen" type="BaseSymbol"/>
                <symbol id="4" name="Ace" type="BaseSymbol"/>
                <symbol id="7" name="Jack" type="BaseSymbol"/>
                <symbol id="8" name="Ten" type="BaseSymbol"/>
                <symbol id="4" name="Ace" type="BaseSymbol"/>
                <symbol id="6" name="Queen" type="BaseSymbol"/>
                <symbol id="1" name="Griffin" type="BaseSymbol"/>
                <symbol id="4" name="Ace" type="BaseSymbol"/>
                <symbol id="8" name="Ten" type="BaseSymbol"/>
                <symbol id="7" name="Jack" type="BaseSymbol"/>
                <symbol id="3" name="Bracelet" type="BaseSymbol"/>
                <symbol id="6" name="Queen" type="BaseSymbol"/>
                <symbol id="8" name="Ten" type="BaseSymbol"/>
                <symbol id="0" name="Cleopatra" type="BaseSymbol"/>
                <symbol id="4" name="Ace" type="BaseSymbol"/>
                <symbol id="8" name="Ten" type="BaseSymbol"/>
                <symbol id="7" name="Jack" type="BaseSymbol"/>
                <symbol id="6" name="Queen" type="BaseSymbol"/>
                <symbol id="3" name="Bracelet" type="BaseSymbol"/>
                <symbol id="8" name="Ten" type="BaseSymbol"/>
                <symbol id="4" name="Ace" type="BaseSymbol"/>
                <symbol id="6" name="Queen" type="BaseSymbol"/>
                <symbol id="1" name="Griffin" type="BaseSymbol"/>
            </symbols>
        </reelStrip>
        <reelStrip number="3" type="BaseGame">
            <symbols>
                <symbol id="6" name="Queen" type="BaseSymbol"/>
                <symbol id="7" name="Jack" type="BaseSymbol"/>
                <symbol id="5" name="King" type="BaseSymbol"/>
                <symbol id="3" name="Bracelet" type="BaseSymbol"/>
                <symbol id="4" name="Ace" type="BaseSymbol"/>
                <symbol id="6" name="Queen" type="BaseSymbol"/>
                <symbol id="3" name="Bracelet" type="BaseSymbol"/>
                <symbol id="4" name="Ace" type="BaseSymbol"/>
                <symbol id="2" name="Necklace" type="BaseSymbol"/>
                <symbol id="8" name="Ten" type="BaseSymbol"/>
                <symbol id="5" name="King" type="BaseSymbol"/>
                <symbol id="9" name="Tomb" type="WildSymbol"/>
                <symbol id="8" name="Ten" type="BaseSymbol"/>
                <symbol id="5" name="King" type="BaseSymbol"/>
                <symbol id="3" name="Bracelet" type="BaseSymbol"/>
                <symbol id="4" name="Ace" type="BaseSymbol"/>
                <symbol id="6" name="Queen" type="BaseSymbol"/>
                <symbol id="3" name="Bracelet" type="BaseSymbol"/>
                <symbol id="4" name="Ace" type="BaseSymbol"/>
                <symbol id="2" name="Necklace" type="BaseSymbol"/>
                <symbol id="8" name="Ten" type="BaseSymbol"/>
                <symbol id="5" name="King" type="BaseSymbol"/>
                <symbol id="0" name="Cleopatra" type="BaseSymbol"/>
                <symbol id="8" name="Ten" type="BaseSymbol"/>
                <symbol id="6" name="Queen" type="BaseSymbol"/>
                <symbol id="2" name="Necklace" type="BaseSymbol"/>
                <symbol id="5" name="King" type="BaseSymbol"/>
                <symbol id="4" name="Ace" type="BaseSymbol"/>
                <symbol id="3" name="Bracelet" type="BaseSymbol"/>
                <symbol id="6" name="Queen" type="BaseSymbol"/>
                <symbol id="5" name="King" type="BaseSymbol"/>
                <symbol id="10" name="mysticBall" type="BaseSymbol"/>
                <symbol id="6" name="Queen" type="BaseSymbol"/>
                <symbol id="5" name="King" type="BaseSymbol"/>
                <symbol id="3" name="Bracelet" type="BaseSymbol"/>
                <symbol id="6" name="Queen" type="BaseSymbol"/>
                <symbol id="8" name="Ten" type="BaseSymbol"/>
                <symbol id="1" name="Griffin" type="BaseSymbol"/>
                <symbol id="5" name="King" type="BaseSymbol"/>
                <symbol id="3" name="Bracelet" type="BaseSymbol"/>
                <symbol id="8" name="Ten" type="BaseSymbol"/>
                <symbol id="6" name="Queen" type="BaseSymbol"/>
                <symbol id="5" name="King" type="BaseSymbol"/>
                <symbol id="10" name="mysticBall" type="BaseSymbol"/>
                <symbol id="8" name="Ten" type="BaseSymbol"/>
                <symbol id="6" name="Queen" type="BaseSymbol"/>
                <symbol id="5" name="King" type="BaseSymbol"/>
                <symbol id="2" name="Necklace" type="BaseSymbol"/>
                <symbol id="8" name="Ten" type="BaseSymbol"/>
                <symbol id="5" name="King" type="BaseSymbol"/>
                <symbol id="3" name="Bracelet" type="BaseSymbol"/>
                <symbol id="7" name="Jack" type="BaseSymbol"/>
                <symbol id="8" name="Ten" type="BaseSymbol"/>
                <symbol id="2" name="Necklace" type="BaseSymbol"/>
                <symbol id="6" name="Queen" type="BaseSymbol"/>
                <symbol id="5" name="King" type="BaseSymbol"/>
                <symbol id="3" name="Bracelet" type="BaseSymbol"/>
                <symbol id="8" name="Ten" type="BaseSymbol"/>
                <symbol id="5" name="King" type="BaseSymbol"/>
                <symbol id="6" name="Queen" type="BaseSymbol"/>
                <symbol id="2" name="Necklace" type="BaseSymbol"/>
                <symbol id="8" name="Ten" type="BaseSymbol"/>
                <symbol id="4" name="Ace" type="BaseSymbol"/>
                <symbol id="5" name="King" type="BaseSymbol"/>
                <symbol id="3" name="Bracelet" type="BaseSymbol"/>
                <symbol id="8" name="Ten" type="BaseSymbol"/>
                <symbol id="5" name="King" type="BaseSymbol"/>
                <symbol id="1" name="Griffin" type="BaseSymbol"/>
            </symbols>
        </reelStrip>
        <reelStrip number="4" type="BaseGame">
            <symbols>
                <symbol id="8" name="Ten" type="BaseSymbol"/>
                <symbol id="9" name="Tomb" type="WildSymbol"/>
                <symbol id="5" name="King" type="BaseSymbol"/>
                <symbol id="7" name="Jack" type="BaseSymbol"/>
                <symbol id="2" name="Necklace" type="BaseSymbol"/>
                <symbol id="6" name="Queen" type="BaseSymbol"/>
                <symbol id="4" name="Ace" type="BaseSymbol"/>
                <symbol id="1" name="Griffin" type="BaseSymbol"/>
                <symbol id="5" name="King" type="BaseSymbol"/>
                <symbol id="8" name="Ten" type="BaseSymbol"/>
                <symbol id="2" name="Necklace" type="BaseSymbol"/>
                <symbol id="5" name="King" type="BaseSymbol"/>
                <symbol id="6" name="Queen" type="BaseSymbol"/>
                <symbol id="8" name="Ten" type="BaseSymbol"/>
                <symbol id="3" name="Bracelet" type="BaseSymbol"/>
                <symbol id="6" name="Queen" type="BaseSymbol"/>
                <symbol id="5" name="King" type="BaseSymbol"/>
                <symbol id="8" name="Ten" type="BaseSymbol"/>
                <symbol id="3" name="Bracelet" type="BaseSymbol"/>
                <symbol id="7" name="Jack" type="BaseSymbol"/>
                <symbol id="1" name="Griffin" type="BaseSymbol"/>
                <symbol id="6" name="Queen" type="BaseSymbol"/>
                <symbol id="8" name="Ten" type="BaseSymbol"/>
                <symbol id="7" name="Jack" type="BaseSymbol"/>
                <symbol id="5" name="King" type="BaseSymbol"/>
                <symbol id="3" name="Bracelet" type="BaseSymbol"/>
                <symbol id="4" name="Ace" type="BaseSymbol"/>
                <symbol id="8" name="Ten" type="BaseSymbol"/>
                <symbol id="2" name="Necklace" type="BaseSymbol"/>
                <symbol id="6" name="Queen" type="BaseSymbol"/>
                <symbol id="7" name="Jack" type="BaseSymbol"/>
                <symbol id="3" name="Bracelet" type="BaseSymbol"/>
                <symbol id="4" name="Ace" type="BaseSymbol"/>
                <symbol id="5" name="King" type="BaseSymbol"/>
                <symbol id="8" name="Ten" type="BaseSymbol"/>
                <symbol id="2" name="Necklace" type="BaseSymbol"/>
                <symbol id="6" name="Queen" type="BaseSymbol"/>
                <symbol id="3" name="Bracelet" type="BaseSymbol"/>
                <symbol id="4" name="Ace" type="BaseSymbol"/>
                <symbol id="8" name="Ten" type="BaseSymbol"/>
                <symbol id="5" name="King" type="BaseSymbol"/>
                <symbol id="2" name="Necklace" type="BaseSymbol"/>
                <symbol id="6" name="Queen" type="BaseSymbol"/>
                <symbol id="3" name="Bracelet" type="BaseSymbol"/>
                <symbol id="5" name="King" type="BaseSymbol"/>
                <symbol id="8" name="Ten" type="BaseSymbol"/>
                <symbol id="2" name="Necklace" type="BaseSymbol"/>
                <symbol id="5" name="King" type="BaseSymbol"/>
                <symbol id="7" name="Jack" type="BaseSymbol"/>
                <symbol id="0" name="Cleopatra" type="BaseSymbol"/>
                <symbol id="4" name="Ace" type="BaseSymbol"/>
                <symbol id="5" name="King" type="BaseSymbol"/>
                <symbol id="1" name="Griffin" type="BaseSymbol"/>
            </symbols>
        </reelStrip>

        <reelStrip number="0" type="FreeGame">
            <symbols>
                <symbol id="7" name="Jack" type="BaseSymbol"/>
                <symbol id="1" name="Griffin" type="BaseSymbol"/>
                <symbol id="5" name="King" type="BaseSymbol"/>
                <symbol id="7" name="Jack" type="BaseSymbol"/>
                <symbol id="0" name="Cleopatra" type="BaseSymbol"/>
                <symbol id="4" name="Ace" type="BaseSymbol"/>
                <symbol id="7" name="Jack" type="BaseSymbol"/>
                <symbol id="2" name="Necklace" type="BaseSymbol"/>
                <symbol id="8" name="Ten" type="BaseSymbol"/>
                <symbol id="5" name="King" type="BaseSymbol"/>
                <symbol id="7" name="Jack" type="BaseSymbol"/>
                <symbol id="4" name="Ace" type="BaseSymbol"/>
                <symbol id="1" name="Griffin" type="BaseSymbol"/>
                <symbol id="6" name="Queen" type="BaseSymbol"/>
                <symbol id="7" name="Jack" type="BaseSymbol"/>
                <symbol id="5" name="King" type="BaseSymbol"/>
                <symbol id="4" name="Ace" type="BaseSymbol"/>
                <symbol id="7" name="Jack" type="BaseSymbol"/>
                <symbol id="5" name="King" type="BaseSymbol"/>
                <symbol id="6" name="Queen" type="BaseSymbol"/>
                <symbol id="7" name="Jack" type="BaseSymbol"/>
                <symbol id="9" name="Tomb" type="WildSymbol"/>
                <symbol id="5" name="King" type="BaseSymbol"/>
                <symbol id="7" name="Jack" type="BaseSymbol"/>
                <symbol id="0" name="Cleopatra" type="BaseSymbol"/>
                <symbol id="6" name="Queen" type="BaseSymbol"/>
                <symbol id="7" name="Jack" type="BaseSymbol"/>
                <symbol id="5" name="King" type="BaseSymbol"/>
                <symbol id="3" name="Bracelet" type="BaseSymbol"/>
                <symbol id="7" name="Jack" type="BaseSymbol"/>
                <symbol id="6" name="Queen" type="BaseSymbol"/>
                <symbol id="2" name="Necklace" type="BaseSymbol"/>
                <symbol id="7" name="Jack" type="BaseSymbol"/>
                <symbol id="4" name="Ace" type="BaseSymbol"/>
                <symbol id="5" name="King" type="BaseSymbol"/>
                <symbol id="7" name="Jack" type="BaseSymbol"/>
                <symbol id="9" name="Tomb" type="WildSymbol"/>
                <symbol id="4" name="Ace" type="BaseSymbol"/>
                <symbol id="5" name="King" type="BaseSymbol"/>
            </symbols>
        </reelStrip>


        <reelStrip number="1" type="FreeGame">
            <symbols>
                <symbol id="6" name="Queen" type="BaseSymbol"/>
                <symbol id="8" name="Ten" type="BaseSymbol"/>
                <symbol id="2" name="Necklace" type="BaseSymbol"/>
                <symbol id="5" name="King" type="BaseSymbol"/>
                <symbol id="8" name="Ten" type="BaseSymbol"/>
                <symbol id="3" name="Bracelet" type="BaseSymbol"/>
                <symbol id="5" name="King" type="BaseSymbol"/>
                <symbol id="9" name="Tomb" type="WildSymbol"/>
                <symbol id="8" name="Ten" type="BaseSymbol"/>
                <symbol id="6" name="Queen" type="BaseSymbol"/>
                <symbol id="5" name="King" type="BaseSymbol"/>
                <symbol id="10" name="mysticBall" type="BaseSymbol"/>
                <symbol id="8" name="Ten" type="BaseSymbol"/>
                <symbol id="6" name="Queen" type="BaseSymbol"/>
                <symbol id="0" name="Cleopatra" type="BaseSymbol"/>
                <symbol id="8" name="Ten" type="BaseSymbol"/>
                <symbol id="6" name="Queen" type="BaseSymbol"/>
                <symbol id="3" name="Bracelet" type="BaseSymbol"/>
                <symbol id="5" name="King" type="BaseSymbol"/>
                <symbol id="6" name="Queen" type="BaseSymbol"/>
                <symbol id="4" name="Ace" type="BaseSymbol"/>
                <symbol id="8" name="Ten" type="BaseSymbol"/>
                <symbol id="6" name="Queen" type="BaseSymbol"/>
                <symbol id="3" name="Bracelet" type="BaseSymbol"/>
                <symbol id="8" name="Ten" type="BaseSymbol"/>
                <symbol id="5" name="King" type="BaseSymbol"/>
                <symbol id="10" name="mysticBall" type="BaseSymbol"/>
                <symbol id="6" name="Queen" type="BaseSymbol"/>
                <symbol id="8" name="Ten" type="BaseSymbol"/>
                <symbol id="1" name="Griffin" type="BaseSymbol"/>
                <symbol id="7" name="Jack" type="BaseSymbol"/>
                <symbol id="8" name="Ten" type="BaseSymbol"/>
                <symbol id="6" name="Queen" type="BaseSymbol"/>
                <symbol id="3" name="Bracelet" type="BaseSymbol"/>
                <symbol id="8" name="Ten" type="BaseSymbol"/>
                <symbol id="6" name="Queen" type="BaseSymbol"/>
                <symbol id="5" name="King" type="BaseSymbol"/>
                <symbol id="8" name="Ten" type="BaseSymbol"/>
                <symbol id="0" name="Cleopatra" type="BaseSymbol"/>
            </symbols>
        </reelStrip>

        <reelStrip number="2" type="FreeGame">
            <symbols>
                <symbol id="7" name="Jack" type="BaseSymbol"/>
                <symbol id="2" name="Necklace" type="BaseSymbol"/>
                <symbol id="8" name="Ten" type="BaseSymbol"/>
                <symbol id="7" name="Jack" type="BaseSymbol"/>
                <symbol id="0" name="Cleopatra" type="BaseSymbol"/>
                <symbol id="4" name="Ace" type="BaseSymbol"/>
                <symbol id="7" name="Jack" type="BaseSymbol"/>
                <symbol id="8" name="Ten" type="BaseSymbol"/>
                <symbol id="2" name="Necklace" type="BaseSymbol"/>
                <symbol id="7" name="Jack" type="BaseSymbol"/>
                <symbol id="4" name="Ace" type="BaseSymbol"/>
                <symbol id="3" name="Bracelet" type="BaseSymbol"/>
                <symbol id="7" name="Jack" type="BaseSymbol"/>
                <symbol id="4" name="Ace" type="BaseSymbol"/>
                <symbol id="2" name="Necklace" type="BaseSymbol"/>
                <symbol id="8" name="Ten" type="BaseSymbol"/>
                <symbol id="4" name="Ace" type="BaseSymbol"/>
                <symbol id="7" name="Jack" type="BaseSymbol"/>
                <symbol id="1" name="Griffin" type="BaseSymbol"/>
                <symbol id="6" name="Queen" type="BaseSymbol"/>
                <symbol id="4" name="Ace" type="BaseSymbol"/>
                <symbol id="7" name="Jack" type="BaseSymbol"/>
                <symbol id="2" name="Necklace" type="BaseSymbol"/>
                <symbol id="5" name="King" type="BaseSymbol"/>
                <symbol id="8" name="Ten" type="BaseSymbol"/>
                <symbol id="7" name="Jack" type="BaseSymbol"/>
                <symbol id="4" name="Ace" type="BaseSymbol"/>
                <symbol id="9" name="Tomb" type="WildSymbol"/>
                <symbol id="8" name="Ten" type="BaseSymbol"/>
                <symbol id="4" name="Ace" type="BaseSymbol"/>
                <symbol id="7" name="Jack" type="BaseSymbol"/>
                <symbol id="1" name="Griffin" type="BaseSymbol"/>
                <symbol id="8" name="Ten" type="BaseSymbol"/>
                <symbol id="7" name="Jack" type="BaseSymbol"/>
                <symbol id="2" name="Necklace" type="BaseSymbol"/>
                <symbol id="4" name="Ace" type="BaseSymbol"/>
                <symbol id="7" name="Jack" type="BaseSymbol"/>
                <symbol id="2" name="Necklace" type="BaseSymbol"/>
                <symbol id="4" name="Ace" type="BaseSymbol"/>
                <symbol id="7" name="Jack" type="BaseSymbol"/>
                <symbol id="2" name="Necklace" type="BaseSymbol"/>
                <symbol id="4" name="Ace" type="BaseSymbol"/>
            </symbols>
        </reelStrip>

        <reelStrip number="3" type="FreeGame">
            <symbols>
                <symbol id="9" name="Tomb" type="WildSymbol"/>
                <symbol id="8" name="Ten" type="BaseSymbol"/>
                <symbol id="5" name="King" type="BaseSymbol"/>
                <symbol id="6" name="Queen" type="BaseSymbol"/>
                <symbol id="3" name="Bracelet" type="BaseSymbol"/>
                <symbol id="5" name="King" type="BaseSymbol"/>
                <symbol id="1" name="Griffin" type="BaseSymbol"/>
                <symbol id="6" name="Queen" type="BaseSymbol"/>
                <symbol id="7" name="Jack" type="BaseSymbol"/>
                <symbol id="3" name="Bracelet" type="BaseSymbol"/>
                <symbol id="5" name="King" type="BaseSymbol"/>
                <symbol id="6" name="Queen" type="BaseSymbol"/>
                <symbol id="2" name="Necklace" type="BaseSymbol"/>
                <symbol id="5" name="King" type="BaseSymbol"/>
                <symbol id="6" name="Queen" type="BaseSymbol"/>
                <symbol id="3" name="Bracelet" type="BaseSymbol"/>
                <symbol id="5" name="King" type="BaseSymbol"/>
                <symbol id="6" name="Queen" type="BaseSymbol"/>
                <symbol id="2" name="Necklace" type="BaseSymbol"/>
                <symbol id="5" name="King" type="BaseSymbol"/>
                <symbol id="6" name="Queen" type="BaseSymbol"/>
                <symbol id="3" name="Bracelet" type="BaseSymbol"/>
                <symbol id="5" name="King" type="BaseSymbol"/>
                <symbol id="10" name="mysticBall" type="BaseSymbol"/>
                <symbol id="7" name="Jack" type="BaseSymbol"/>
                <symbol id="5" name="King" type="BaseSymbol"/>
                <symbol id="0" name="Cleopatra" type="BaseSymbol"/>
                <symbol id="7" name="Jack" type="BaseSymbol"/>
                <symbol id="4" name="Ace" type="BaseSymbol"/>
                <symbol id="5" name="King" type="BaseSymbol"/>
                <symbol id="6" name="Queen" type="BaseSymbol"/>
                <symbol id="3" name="Bracelet" type="BaseSymbol"/>
                <symbol id="5" name="King" type="BaseSymbol"/>
                <symbol id="6" name="Queen" type="BaseSymbol"/>
                <symbol id="3" name="Bracelet" type="BaseSymbol"/>
                <symbol id="7" name="Jack" type="BaseSymbol"/>
                <symbol id="6" name="Queen" type="BaseSymbol"/>
            </symbols>
        </reelStrip>

        <reelStrip number="4" type="FreeGame">
            <symbols>
                <symbol id="6" name="Queen" type="BaseSymbol"/>
                <symbol id="3" name="Bracelet" type="BaseSymbol"/>
                <symbol id="8" name="Ten" type="BaseSymbol"/>
                <symbol id="9" name="Tomb" type="WildSymbol"/>
                <symbol id="4" name="Ace" type="BaseSymbol"/>
                <symbol id="1" name="Griffin" type="BaseSymbol"/>
                <symbol id="6" name="Queen" type="BaseSymbol"/>
                <symbol id="4" name="Ace" type="BaseSymbol"/>
                <symbol id="8" name="Ten" type="BaseSymbol"/>
                <symbol id="9" name="Tomb" type="WildSymbol"/>
                <symbol id="4" name="Ace" type="BaseSymbol"/>
                <symbol id="8" name="Ten" type="BaseSymbol"/>
                <symbol id="1" name="Griffin" type="BaseSymbol"/>
                <symbol id="4" name="Ace" type="BaseSymbol"/>
                <symbol id="8" name="Ten" type="BaseSymbol"/>
                <symbol id="7" name="Jack" type="BaseSymbol"/>
                <symbol id="4" name="Ace" type="BaseSymbol"/>
                <symbol id="1" name="Griffin" type="BaseSymbol"/>
                <symbol id="8" name="Ten" type="BaseSymbol"/>
                <symbol id="4" name="Ace" type="BaseSymbol"/>
                <symbol id="2" name="Necklace" type="BaseSymbol"/>
                <symbol id="8" name="Ten" type="BaseSymbol"/>
                <symbol id="0" name="Cleopatra" type="BaseSymbol"/>
                <symbol id="4" name="Ace" type="BaseSymbol"/>
                <symbol id="8" name="Ten" type="BaseSymbol"/>
                <symbol id="6" name="Queen" type="BaseSymbol"/>
                <symbol id="3" name="Bracelet" type="BaseSymbol"/>
                <symbol id="8" name="Ten" type="BaseSymbol"/>
                <symbol id="1" name="Griffin" type="BaseSymbol"/>
                <symbol id="6" name="Queen" type="BaseSymbol"/>
                <symbol id="8" name="Ten" type="BaseSymbol"/>
                <symbol id="5" name="King" type="BaseSymbol"/>
                <symbol id="3" name="Bracelet" type="BaseSymbol"/>
                <symbol id="8" name="Ten" type="BaseSymbol"/>
                <symbol id="1" name="Griffin" type="BaseSymbol"/>
                <symbol id="4" name="Ace" type="BaseSymbol"/>
                <symbol id="8" name="Ten" type="BaseSymbol"/>
                <symbol id="6" name="Queen" type="BaseSymbol"/>
                <symbol id="0" name="Cleopatra" type="BaseSymbol"/>
                <symbol id="8" name="Ten" type="BaseSymbol"/>
                <symbol id="4" name="Ace" type="BaseSymbol"/>
            </symbols>
        </reelStrip>

    </reelStrips>
</reelsDescriptor>