<?xml version="1.0" encoding="UTF-8"?>
<archetype-descriptor
        xsi:schemaLocation="http://maven.apache.org/plugins/maven-archetype-plugin/archetype-descriptor/1.0.0 http://maven.apache.org/xsd/archetype-descriptor-1.0.0.xsd"
        name="basic"
        xmlns="http://maven.apache.org/plugins/maven-archetype-plugin/archetype-descriptor/1.0.0"
        xmlns:xsi="http://www.w3.org/2001/XMLSchema-instance">
    <requiredProperties>
        <requiredProperty key="GameClassName"/>
        <requiredProperty key="GameName"/>
        <requiredProperty key="bomVersion"/>
        <requiredProperty key="addUnitTests">
            <defaultValue>false</defaultValue>
        </requiredProperty>
    </requiredProperties>
    <fileSets>
        <!-- desktop module -->
        <fileSet filtered="true" encoding="UTF-8">
            <directory>runtimes/desktop</directory>
            <includes>
                <include>pom.xml</include>
                <include>**/manifest.mf</include>
                <include>**/entrypoint.xml</include>
            </includes>
        </fileSet>
        <fileSet filtered="true" packaged="true" encoding="UTF-8">
            <directory>runtimes/desktop/src/main/java</directory>
            <includes>
                <include>**/*.java</include>
            </includes>
        </fileSet>
        <!-- web module -->
        <fileSet filtered="true" encoding="UTF-8">
            <directory>runtimes/web</directory>
            <includes>
                <include>pom.xml</include>
            </includes>
        </fileSet>
        <fileSet filtered="true" packaged="true" encoding="UTF-8">
            <directory>runtimes/web/src/main/java</directory>
            <includes>
                <include>**/*.java</include>
                <include>**/*.xml</include>
            </includes>
        </fileSet>
        <fileSet filtered="true" encoding="UTF-8">
            <directory>runtimes/web/src/main/webapp</directory>
            <includes>
                <include>**/*.xml</include>
                <include>**/*.html</include>
                <include>**/logging.properties</include>
            </includes>
        </fileSet>
        <fileSet filtered="true" encoding="UTF-8">
            <directory>runtimes/web/resources/version</directory>
            <includes>
                <include>**/*.html</include>
            </includes>
        </fileSet>
        <fileSet filtered="false">
            <directory>runtimes/web/src/main/webapp</directory>
            <includes>
                <include>**/*.js</include>
                <include>favicon.ico</include>
            </includes>
        </fileSet>
        <!-- assets module -->
        <fileSet filtered="true" encoding="UTF-8">
            <directory>assets/src/main/resources</directory>
            <includes>
                <include>**/*.xml</include>
            </includes>
        </fileSet>
    </fileSets>

    <modules>
        <module id="${rootArtifactId}-assets" dir="assets" name="${rootArtifactId}-assets">
            <fileSets>
                <fileSet packaged="false" encoding="UTF-8">
                    <directory>src/main/resources</directory>
                </fileSet>
            </fileSets>
        </module>
        <module id="${rootArtifactId}-core" dir="core" name="${rootArtifactId}-core">
            <fileSets>
                <fileSet filtered="true" packaged="true" encoding="UTF-8">
                    <directory>src/main/java</directory>
                </fileSet>
            </fileSets>
        </module>
    </modules>
</archetype-descriptor>
