<languages>
    <!--****************EN*****************-->
    <language code="EN">
        <translations>
            <translation>
                <name>SimpleLangGoodLuck</name>
                <value>GOOD LUCK</value>
            </translation>

            <translation>
                <name>LangTouchReel</name>
                <value>TOUCH REELS TO START NEW GAME</value>
            </translation>

            <translation>
                <name>LangFreeSpin</name>
                <value>FREE SPIN</value>
            </translation>

            <translation>
                <name>LangOf</name>
                <value>OF</value>
            </translation>


            <translation>
                <name>LangWrapperStart</name>
                <value>Start</value>
            </translation>
            <translation>
                <name>LangWrapperAutoStart</name>
                <value>Auto&#xA;Start</value>
            </translation>
            <translation>
                <name>LangGoodLuck</name>
                <value>GOOD LUCK</value>
            </translation>
            <translation>
                <name>LangWinnerPaid</name>
                <value>WINNER PAID</value>
            </translation>
            <translation>
                <name>LangGambleOrTakeWin</name>
                <value>GAMBLE OR TAKE WIN</value>
            </translation>
            <translation>
                <name>LangLineXPays</name>
                <value>LINE PAYS</value>
            </translation>
            <translation>
                <name>LangWrapperWin</name>
                <value>WIN</value>
            </translation>
            <translation>
                <name>LangGameOver</name>
                <value>GAME OVER</value>
            </translation>
            <translation>
                <name>LangWrapperGamble</name>
                <value>Gamble</value>
            </translation>
            <translation>
                <name>LangWrapperSkip</name>
                <value>Skip</value>
            </translation>
            <translation>
                <name>LangWrapperAutoStop</name>
                <value>Auto&#xA;Stop</value>
            </translation>
            <translation>
                <name>LangAllPrizesAreFor</name>
                <value>All prizes are for combinations left to right</value>
            </translation>
            <translation>
                <name>LangWrapperBalance</name>
                <value>CREDIT</value>
            </translation>
            <translation>
                <name>LangPlaceYourBet</name>
                <value>PLACE YOUR BET</value>
            </translation>
            <translation>
                <name>LangWrapperBet</name>
                <value>Bet</value>
            </translation>
            <translation>
                <name>LangLine</name>
                <value>Line</value>
            </translation>
            <translation>
                <name>LangWrapperInfo</name>
                <value>INFO</value>
            </translation>
            <translation>
                <name>LangWrapperTake</name>
                <value>Take</value>
            </translation>
            <translation>
                <name>LangRules</name>
                <value>Game rules header</value>
            </translation>
            <translation>
                <name>LangRulesDescription</name>
                <value>Game rules description</value>
            </translation>
            <translation>
                <name>LangYieldValue</name>
                <value>Yield</value>
            </translation>
            <translation>
                <name>LangNotEnoughFunds</name>
                <value>Not enough funds.</value>
            </translation>
            <translation>
                <name>LangScatterPays</name>
                <value>COMBINATION PAYS</value>
            </translation>
            <translation>
                <name>LangGambleCompleted</name>
                <value>GAMBLE COMPLETED</value>
            </translation>
            <translation>
                <name>LangChooseBlackOrRedOrTakeWin</name>
                <value>CHOOSE BLACK OR RED OR TAKE WIN</value>
            </translation>
            <translation>
                <name>LangRed</name>
                <value>RED</value>
            </translation>
            <translation>
                <name>LangBlack</name>
                <value>BLACK</value>
            </translation>
            <translation>
                <name>LangGambleAmount</name>
                <value>GAMBLE AMOUNT</value>
            </translation>
            <translation>
                <name>LangPreviousCards</name>
                <value>PREVIOUS CARDS</value>
            </translation>
            <translation>
                <name>LangGambleToWin</name>
                <value>GAMBLE TO WIN</value>
            </translation>
            <translation>
                <name>LangAstraWin</name>
                <value>WIN</value>
            </translation>
            <translation>
                <name>LangAstraLose</name>
                <value>LOSE</value>
            </translation>

            <!--NEW-->
            <!--payTableScreen-->
            <translation>
                <name>LangSubForAllSymbol</name>
                <value>Substitutes for all symbols &#10; except</value>
            </translation>
            <translation>
                <name>LangFreeGames</name>
                <value>Free Games</value>
            </translation>
            <translation>
                <name>LangSpecialSymbol</name>
                <value>Special expanding&#10;symbol</value>
            </translation>
            <translation>
                <name>LangSpecialSymbol</name>
                <value>Special expanding&#10;symbol</value>
            </translation>

            <!--enterFeatureBannerScreen-->
            <translation>
                <name>LangFreeGamesWon</name>
                <value>Free Games won</value>
            </translation>
            <translation>
                <name>LangSpecialSymbolFreeGames</name>
                <value>Special&#10;expanding&#10;symbol</value>
            </translation>
            <translation>
                <name>LangSubForAllSymbolFreeGames</name>
                <value>Substitutes for&#10;all symbols except</value>
            </translation>
            <translation>
                <name>LangFeatureWin</name>
                <value>Feature win</value>
            </translation>
            <translation>
                <name>LangFreeGamesPlayed</name>
                <value>Free Games played</value>
            </translation>

            <translation>
                <name>LangFreeGamesPlayed2</name>
                <value>&#160;</value>
            </translation>
            <translation>
                <name>LangMoreFreeGames</name>
                <value>more Free Games</value>
            </translation>
            <translation>
                <name>LangGambleMaxWin</name>
                <value>MAXIMAL WIN AMOUNT</value>
            </translation>
            <translation>
                <name>LangPays2Times</name>
                <value>Card of selected color&#10;pays 2 times</value>
            </translation>
            <translation>
                <name>LangPreviousCards</name>
                <value>Previous cards</value>
            </translation>
            <translation>
                <name>LangPreviousCards</name>
                <value>Previous cards</value>
            </translation>

            <!--INFO SCREEN-->
            <translation>
                <name>LangRulesDescription</name>
                <value>All prizes are for combinations of a kind.&#10;All prizes are for combinations left to right, except SCATTERS.&#10;All line combinations start at the leftmost reel.&#10;All prizes are on selected lines, except SCATTERS.&#10;All line combinations are on adjacent reels.&#10;SCATTER symbols pay at any position on screen.&#10;Highest win only paid per selected line.&#10;SCATTER wins are added to line wins.&#10;Free Games can be won again during the Free Games.&#10;Free Games are played at trigger bet and lines.&#10;Any player interaction does not influence the game outcome.</value>
            </translation>
            <translation>
                <name>LangGamblerFeatureDescription</name>
                <value>After a winning game, you may have a chance to increase a win&#10;in the Gamble feature.win&#10;To start the Gamble feature with cards, press the GAMBLE button.&#10;A deck of gamble cards contains an equal number of red and black cards.&#10;Choose red or black by pressing the respective button.&#10;If a card of the selected colour appears on the deck, the gamble amount is doubled.&#10;If Ace of the selected colour appears on the deck, the gamble amount is quadrupled.&#10;If the selected colour does not match the card on the deck,&#10;the gamble amount is forfeited and the Gamble feature ends.&#10;Press the TAKE WIN button to end the Gamble feature&#10;and the gamble amount will be added to CREDIT.&#10;The Gamble feature is limited to a maximal win&#10;of 100 times initial gamble amount.&#10;The Gamble feature is limited to a maximal win limit&#10;of 100 000 credits.</value>
            </translation>
            <translation>
                <name>LangGamblerFeature</name>
                <value>GAMBLE FEATURE</value>
            </translation>
            <translation>
                <name>LangResidualCredit</name>
                <value>RESIDUAL CREDIT FEATURE</value>
            </translation>
            <translation>
                <name>LangResidualCreditDescription</name>
                <value>When the credit meter is less than the minimum bet,&#10;pressing the START button&#10;will wager the remaining credits on a wheel game.&#10;If the arrow on the wheel stops in the green sector,&#10;a base game will be played at minimum bet.</value>
            </translation>
            <translation>
                <name>LangResidualCreditGreen</name>
                <value>GREEN SECTOR STARTS A GAME</value>
            </translation>
            <translation>
                <name>LangRulesSpecialSymbol</name>
                <value>3 or more SCATTERS on the screen trigger&#10;10 Free Games with special expanding symbol.</value>
            </translation>
            <translation>
                <name>LangRulesSpecialExpand</name>
                <value>One special expanding symbol is randomly&#10;selected at the start of the Free Games.&#10;&#10;During Free Games the special symbol&#10;expands to cover 3 positions on the reel&#10;and pays in any position on lines played.</value>
            </translation>
            <translation>
                <name>LangFeature</name>
                <value>FEATURE</value>
            </translation>

        </translations>
    </language>

    <!--****************DE*****************-->
    <language code="DE">
        <translations>
            <translation>
                <name>SimpleLangGoodLuck</name>
                <value>VIEL GLÜCK</value><!-- пропадает символ Ü, нет в шрифте? -->
            </translation>
            <translation>
                <name>LangTouchReel</name>
                <value>WALZEN BERÜHREN, UM SPIEL ZU STARTEN</value>
            </translation>
            <translation>
                <name>LangFreeSpin</name>
                <value>FREISPIEL</value>
            </translation>
            <translation>
                <name>LangOf</name>
                <value>VON</value>
            </translation>



            <translation>
                <name>LangWrapperStart</name>
                <value>Start</value>
            </translation>
            <translation>
                <name>LangWrapperAutoStart</name>
                <value>Auto&#xA;Start</value>
            </translation>
            <translation>
                <name>LangGoodLuck</name>
                <value>GOOD LUCK</value>
            </translation>
            <translation>
                <name>LangWinnerPaid</name>
                <value>GEWINN ZAHLT</value>
            </translation>
            <translation>
                <name>LangGambleOrTakeWin</name>
                <value>GEWINN ZAHLT</value>
            </translation>
            <translation>
                <name>LangLineXPays</name>
                <value>LINIE ZAHLT</value>
            </translation>
            <translation>
                <name>LangWrapperWin</name>
                <value>WIN</value>
            </translation>
            <translation>
                <name>LangGameOver</name>
                <value>LINIE ZAHLT</value>
            </translation>
            <translation>
                <name>LangWrapperGamble</name>
                <value>Gamble</value>
            </translation>
            <translation>
                <name>LangWrapperSkip</name>
                <value>Skip</value>
            </translation>
            <translation>
                <name>LangWrapperAutoStop</name>
                <value>Auto&#xA;Stop</value>
            </translation>
            <translation>
                <name>LangAllPrizesAreFor</name>
                <value>All prizes are for combinations left to right</value>
            </translation>
            <translation>
                <name>LangWrapperBalance</name>
                <value>CREDIT</value>
            </translation>
            <translation>
                <name>LangPlaceYourBet</name>
                <value>MACHEN SIE IHR SPIEL</value>
            </translation>
            <translation>
                <name>LangWrapperBet</name>
                <value>Bet</value>
            </translation>
            <translation>
                <name>LangLine</name>
                <value>Line</value>
            </translation>
            <translation>
                <name>LangWrapperInfo</name>
                <value>INFO</value>
            </translation>
            <translation>
                <name>LangWrapperTake</name>
                <value>Take</value>
            </translation>
            <translation>
                <name>LangRules</name>
                <value>Game rules header</value>
            </translation>
            <translation>
                <name>LangRulesDescription</name>
                <value>Game rules description</value>
            </translation>
            <translation>
                <name>LangYieldValue</name>
                <value>Yield</value>
            </translation>
            <translation>
                <name>LangNotEnoughFunds</name>
                <value>Not enough funds.</value>
            </translation>
            <translation>
                <name>LangScatterPays</name>
                <value>COMBINATION PAYS</value>
            </translation>
            <translation>
                <name>LangGambleCompleted</name>
                <value>GAMBLE COMPLETED</value>
            </translation>
            <translation>
                <name>LangChooseBlackOrRedOrTakeWin</name>
                <value>CHOOSE BLACK OR RED OR TAKE WIN</value>
            </translation>
            <translation>
                <name>LangRed</name>
                <value>RED</value>
            </translation>
            <translation>
                <name>LangBlack</name>
                <value>BLACK</value>
            </translation>
            <translation>
                <name>LangGambleAmount</name>
                <value>GAMBLE AMOUNT</value>
            </translation>
            <translation>
                <name>LangPreviousCards</name>
                <value>PREVIOUS CARDS</value>
            </translation>
            <translation>
                <name>LangGambleToWin</name>
                <value>GAMBLE TO WIN</value>
            </translation>
            <translation>
                <name>LangAstraWin</name>
                <value>GEWINN</value>
            </translation>
            <translation>
                <name>LangAstraLose</name>
                <value>LOSE</value>
            </translation>

            <!--NEW-->
            <!--payTableScreen-->
            <translation>
                <name>LangSubForAllSymbol</name>
                <value>Ersetzt alle Symbole &#10; ausser</value>
            </translation>
            <translation>
                <name>LangFreeGames</name>
                <value>Freispiele</value>
            </translation>
            <translation>
                <name>LangSpecialSymbol</name>
                <value>Bonus-Symbol</value>
            </translation>

            <!--enterFeatureBannerScreen-->
            <translation>
                <name>LangFreeGamesWon</name>
                <value>Freispiele gewonnen</value>
            </translation>
            <translation>
                <name>LangSpecialSymbolFreeGames</name>
                <value>Bonus-Symbol</value>
            </translation>
            <translation>
                <name>LangSubForAllSymbolFreeGames</name>
                <value>Ersetzt alle&#10;Symbole ausser</value>
            </translation>

            <translation>
                <name>LangFeatureWin</name>
                <value>Feature-Gewinn</value>
            </translation>
            <translation>
                <name>LangFreeGamesPlayed</name>
                <value>Freispiele gespielt</value>
            </translation>
            <translation>
                <name>LangFreeGamesPlayed2</name>
                <value>&#160;</value>
            </translation>
            <translation>
                <name>LangMoreFreeGames</name>
                <value>zusätzliche Freispiele gewonnen</value>
            </translation>

            <translation>
                <name>LangGambleMaxWin</name>
                <value>HÖCHSTMÖGLICHER GEWINNBETRAG</value>
            </translation>
            <translation>
                <name>LangPays2Times</name>
                <value>Karte der gewählten Farbe&#10;zahlt doppelt</value>
            </translation>
            <translation>
                <name>LangPreviousCards</name>
                <value>Vorherige Karten</value>
            </translation>

            <!--INFO SCREEN-->
            <translation>
                <name>LangRulesDescription</name>
                <value>Alle Preise sind für Kombinationen gleicher Art.&#10;Alle Preise sind für Kombinationen von links nach rechts, ausgenommen SCATTER.&#10;Alle Liniengewinnkombinationen beginnen auf der äußersten linken Walze.&#10;Alle Preise sind auf den gewählten Linien, ausgenommen SCATTER.&#10;Alle Liniengewinnkombinationen gelten für nebeneinander liegende Walzen.&#10;SCATTER-Symbole zahlen an jeder Bildschirmposition.&#10;Nur der höchste Gewinn pro gewählter Linie zahlt.&#10;Scattergewinne werden zu den Liniengewinnen addiert.&#10;Zusätzliche Freispiele können während der Freispiele gewonnen werden.&#10;Freispiele werden mit Einsatz und Linien des auslösenden Spiels gespielt.&#10;Die Spielerbeteiligung hat keinerlei Einfluss auf das Spielergebnis.</value>
            </translation>
            <translation>
                <name>LangGamblerFeatureDescription</name>
                <value>Nach einem gewonnenen Spiel haben Sie die Möglichkeit,&#10;Ihren Gewinn im Risikospiel zu erhöhen.&#10;Um das Karten-Risikospiel zu beginnen, drücken Sie die RISIKO-Taste.&#10;Ein Spielkartenstapel enthält eine gleiche Anzahl an roten und schwarzen Karten.&#10;Drücken Sie die entsprechende Taste, um rot oder schwarz zu wählen.&#10;Wenn eine Karte der gewählten Farbe auf dem Stapel erscheint, wird der Risikobetrag verdoppelt.&#10;Wenn das As der gewählten Farbe auf dem Stapel erscheint, wird der Risikobetrag vervierfacht.&#10;Wenn die gewählte Farbe mit der Karte auf dem Stapel nicht übereinstimmt,&#10;ist der Risikobetrag verloren und das Risikospiel ist beendet.&#10;Drücken Sie die Taste GEWINN NEHMEN, um das Risikospiel zu beenden&#10;und der Risikobetrag wird auf das KREDIT-Zählwerk gebucht.&#10;Das Risikospiel ist auf einen Höchstgewinn&#10;von 100 mal den ursprünglichen Risikobetrag beschränkt,&#10;Das Risikospiel ist auf einen Höchstgewinn&#10;von 100 000—Krediten beschränkt.</value>
            </translation>
            <translation>
                <name>LangGamblerFeature</name>
                <value>RISIKOSPIEL</value>
            </translation>
            <translation>
                <name>LangResidualCredit</name>
                <value>RESTKREDIT-FEATURE</value>
            </translation>
            <translation>
                <name>LangResidualCreditDescription</name>
                <value>Wenn der auf dem Kreditzählwerk verbuchte Wert&#10;geringer ist als der Mindesteinsatz,&#10;werden durch Drücken der START-Taste&#10;die restlichen Kredite im Radspiel gesetzt.&#10;&#10;Wenn der Pfeil auf dem Rad im grünen Bereich stoppt,&#10;wird ein Basisspiel mit Mindesteinsatz gespielt.</value>
            </translation>

            <translation>
                <name>LangFeature</name>
                <value>FEATURE</value>
            </translation>

            <translation>
                <name>LangResidualCreditGreen</name>
                <value>GRÜNER SEKTOR STARTET EIN SPIEL</value>
            </translation>
            <translation>
                <name>LangRulesSpecialSymbol</name>
                <value>3 oder mehr SCATTER-Symbole auf dem Schirm löse&#10;10 Freispiele mit Bonus-Symbol aus.</value>
            </translation>
            <translation>
                <name>LangRulesSpecialExpand</name>
                <value>Zu Beginn der Freispiele wird&#10;ein Bonus-Symbol zufällig gewählt.&#10;Während der Freispiele nimmt&#10;das Bonus-Symbol alle Positionen&#10;auf der Walze ein und zahlt in beliebiger&#10;Position auf gespielten Linien.</value>
            </translation>

        </translations>
    </language>


    <!--****************CS*****************-->
    <language code="CS">
        <translations>

            <translation>
                <name>SimpleLangGoodLuck</name>
                <value>HODNĚ ŠTĚSTÍ</value>
            </translation>
            <translation>
                <name>LangTouchReel</name>
                <value>PRO ZAHÁJENÍ NOVÉ HRY SE DOTKNĚTE VÁLCŮ</value>
            </translation>
            <translation>
                <name>LangFreeSpin</name>
                <value>VOLNÁ HRA</value>
            </translation>
            <translation>
                <name>LangOf</name>
                <value>Z</value>
            </translation>


            <translation>
                <name>LangWrapperStart</name>
                <value>Start</value>
            </translation>
            <translation>
                <name>LangWrapperAutoStart</name>
                <value>Auto&#xA;Start</value>
            </translation>
            <translation>
                <name>LangGoodLuck</name>
                <value>GOOD LUCK</value>
            </translation>
            <translation>
                <name>LangWinnerPaid</name>
                <value>VÝHRA VYPLACENA</value>
            </translation>
            <translation>
                <name>LangGambleOrTakeWin</name>
                <value>VÝHRA VYPLACENA</value>
            </translation>
            <translation>
                <name>LangLineXPays</name>
                <value>LINIE VYHRÁVÁ</value>
            </translation>
            <translation>
                <name>LangWrapperWin</name>
                <value>WIN</value>
            </translation>
            <translation>
                <name>LangGameOver</name>
                <value>LINIE VYHRÁVÁ</value>
            </translation>
            <translation>
                <name>LangWrapperGamble</name>
                <value>Gamble</value>
            </translation>
            <translation>
                <name>LangWrapperSkip</name>
                <value>Skip</value>
            </translation>
            <translation>
                <name>LangWrapperAutoStop</name>
                <value>Auto&#xA;Stop</value>
            </translation>
            <translation>
                <name>LangAllPrizesAreFor</name>
                <value>All prizes are for combinations left to right</value>
            </translation>
            <translation>
                <name>LangWrapperBalance</name>
                <value>CREDIT</value>
            </translation>
            <translation>
                <name>LangPlaceYourBet</name>
                <value>ZVOLTE SÁZKU</value>
            </translation>
            <translation>
                <name>LangWrapperBet</name>
                <value>Bet</value>
            </translation>
            <translation>
                <name>LangLine</name>
                <value>Line</value>
            </translation>
            <translation>
                <name>LangWrapperInfo</name>
                <value>INFO</value>
            </translation>
            <translation>
                <name>LangWrapperTake</name>
                <value>Take</value>
            </translation>
            <translation>
                <name>LangRules</name>
                <value>Game rules header</value>
            </translation>
            <translation>
                <name>LangRulesDescription</name>
                <value>Game rules description</value>
            </translation>
            <translation>
                <name>LangYieldValue</name>
                <value>Yield</value>
            </translation>
            <translation>
                <name>LangNotEnoughFunds</name>
                <value>Not enough funds.</value>
            </translation>
            <translation>
                <name>LangScatterPays</name>
                <value>COMBINATION PAYS</value>
            </translation>
            <translation>
                <name>LangGambleCompleted</name>
                <value>GAMBLE COMPLETED</value>
            </translation>
            <translation>
                <name>LangChooseBlackOrRedOrTakeWin</name>
                <value>CHOOSE BLACK OR RED OR TAKE WIN</value>
            </translation>
            <translation>
                <name>LangRed</name>
                <value>RED</value>
            </translation>
            <translation>
                <name>LangBlack</name>
                <value>BLACK</value>
            </translation>
            <translation>
                <name>LangGambleAmount</name>
                <value>GAMBLE AMOUNT</value>
            </translation>
            <translation>
                <name>LangPreviousCards</name>
                <value>PREVIOUS CARDS</value>
            </translation>
            <translation>
                <name>LangGambleToWin</name>
                <value>GAMBLE TO WIN</value>
            </translation>
            <translation>
                <name>LangAstraWin</name>
                <value>VÝHRA</value>
            </translation>
            <translation>
                <name>LangAstraLose</name>
                <value>LOSE</value>
            </translation>

            <!--NEW-->
            <!--payTableScreen-->
            <translation>
                <name>LangSubForAllSymbol</name>
                <value>Nahrazuje všechny symboly&#10; kromě</value>
            </translation>
            <translation>
                <name>LangFreeGames</name>
                <value>Volných her</value>
            </translation>
            <translation>
                <name>LangSpecialSymbol</name>
                <value>Bonus Symbol</value>
            </translation>

            <!--enterFeatureBannerScreen-->
            <translation>
                <name>LangFreeGamesWon</name>
                <value>Volných her vyhráno</value>
            </translation>
            <translation>
                <name>LangSpecialSymbolFreeGames</name>
                <value>Bonus Symbol</value>
            </translation>
            <translation>
                <name>LangSubForAllSymbolFreeGames</name>
                <value>Nahrazuje&#10;všechny symboly&#10;kromě</value>
            </translation>

            <translation>
                <name>LangFeatureWin</name>
                <value>Feature-výhra</value>
            </translation>
            <translation>
                <name>LangFreeGamesPlayed</name>
                <value>odehráli jste</value>
            </translation>
            <translation>
                <name>LangFreeGamesPlayed2</name>
                <value>Volných her</value>
            </translation>
            <translation>
                <name>LangMoreFreeGames</name>
                <value>další Volných her</value>
            </translation>
            <translation>
                <name>LangGambleMaxWin</name>
                <value>MAXIMÁLNÍ VÝHRA</value>
            </translation>
            <translation>
                <name>LangPays2Times</name>
                <value>Karta zvolené barvy&#10;vyhrává dvojnásobek</value>
            </translation>
            <translation>
                <name>LangPreviousCards</name>
                <value>Předchozí karty</value>
            </translation>

            <!--INFO SCREEN-->
            <translation>
                <name>LangRulesDescription</name>
                <value>Všechny výhry platí pro kombinace stejného druhu.&#10;Všechny výhry platí pro kombinace zleva doprava kromě SCATTER-symbolů.&#10;Všechny liniové výherní kombinace začínají na krajním levém válci.&#10;Všechny výhry jsou na zvolených liniích, kromě SCATTER-symbolů.&#10;Všechny kombinace na linii jsou na sousedících válcích.&#10;SCATTER-symboly platí na jakékoliv pozici na obrazovce.&#10;Platí jenom nejvyšší výhra na vybrané linii.&#10;SCATTER výhry budou přičteny k výhrám na liniích.&#10;Během Feature lze opět získat Volné hry.&#10;Volné hry budou odehrány se sázkou a na liniích ze hry, při které byly spuštěny.&#10;Jakékoliv působení hráče nemá vliv na výsledek hry.</value>
            </translation>
            <translation>
                <name>LangGamblerFeatureDescription</name>
                <value>Dosáhnete-li výhry ze hry, máte šanci svoji výhru zvýšit pomocí hry s rizikem.&#10;Pro zahájení hry s rizikem ve tvaru hry s kartami, stiskněte tlačítko RIZIKO.&#10;Balíček karet obsahuje stejné množství červených a černých karet.&#10;Stisknutí červeného či černého tlačítka vyberete odpovídající barvu karty.&#10;Zobrazí-li se karta vybrané barvy na balíčku, dosavadní výhra je zdvojnásobena.&#10;Zobrazí-li se Eso vybrané barvy na balíčku, dosavadní výhra je zečtyřnásobena.&#10;Neodpovídá-li vybraná barva kartě na balíčku,&#10;výhra propadá a hra s rizikem je ukončena.&#10;Chcete-li ukončit hru s rizikem a dosavadní výhru připsat na KREDIT,&#10;staskněte tlačítko VZÍT VÝHRU.&#10;Dosaženou výhru ze hry lze takto vynásobit maximálně&#10;100 x za sebou.&#10;Hrou s rizikem lze dosáhnout výhru maximálně&#10;100 000 kreditů.</value>
            </translation>
            <translation>
                <name>LangGamblerFeature</name>
                <value>HRA S RIZIKEM</value>
            </translation>
            <translation>
                <name>LangResidualCredit</name>
                <value>ZBYTKOVÝ KREDIT FEATURE</value>
            </translation>
            <translation>
                <name>LangResidualCreditDescription</name>
                <value>Je-li hodnota uvedená na displeji KREDIT menší&#10;než minimální sázka, je stisknutím tlačítka START&#10;zbývající kredit vsazen do hry s kolem.&#10;Zastaví-li se šipka na kole v zeleném sektoru,&#10;bude odehránazákladní hra s minimální sázkou.</value>
            </translation>
            <translation>
                <name>LangResidualCreditGreen</name>
                <value>ZELENÝ SEKTOR ODSTARTUJE JEDNU HRU</value>
            </translation>
            <translation>
                <name>LangRulesSpecialSymbol</name>
                <value>3 nebo více SCATTER-symbolů spustí 10 Volných her&#10;s Bonus symbolem.</value>
            </translation>
            <translation>
                <name>LangRulesSpecialExpand</name>
                <value>Na začátku Volných her&#10;bude náhodně zvolen jeden Bonus symbol.&#10;Během Volných her se rozšíří Bonus symbol&#10;na všechny 3 pozice válce a platí na&#10;libovolných pozicích hraných linií.</value>
            </translation>
            <translation>
                <name>LangFeature</name>
                <value>FEATURE</value>
            </translation>

        </translations>
    </language>
</languages>