<?xml version="1.0" encoding="UTF-8"?>
<TextureAtlas imagePath="BaseElementsSpriteSheet.png" width="2048" height="2048">
    <sprites>
        <sprite n="Symbol1.png" x="1612" y="1692" w="320" h="300"/>
        <sprite n="Symbol1On.png" x="1290" y="1692" w="320" h="300"/>
        <sprite n="Symbol2.png" x="1612" y="1390" w="320" h="300"/>
        <sprite n="Symbol2On.png" x="1612" y="1088" w="320" h="300"/>
        <sprite n="Symbol3.png" x="1290" y="1390" w="320" h="300"/>
        <sprite n="Symbol3On.png" x="1290" y="1088" w="320" h="300"/>
        <sprite n="Symbol4.png" x="968" y="1494" w="320" h="300"/>
        <sprite n="Symbol4On.png" x="968" y="1192" w="320" h="300"/>
        <sprite n="Symbol5.png" x="646" y="1494" w="320" h="300"/>
        <sprite n="Symbol5On.png" x="646" y="1192" w="320" h="300"/>
        <sprite n="Symbol6.png" x="324" y="1494" w="320" h="300"/>
        <sprite n="Symbol6On.png" x="324" y="1192" w="320" h="300"/>
        <sprite n="Symbol7.png" x="2" y="1494" w="320" h="300"/>
        <sprite n="Symbol7On.png" x="2" y="1192" w="320" h="300"/>
        <sprite n="auto_start_stop_button_active.png" x="1018" y="1796" w="115" h="100"/>
        <sprite n="auto_start_stop_button_disabled.png" x="901" y="1898" w="115" h="100"/>
        <sprite n="auto_start_stop_button_down.png" x="1924" y="206" w="115" h="100"/>
        <sprite n="auto_start_stop_button_over.png" x="901" y="1796" w="115" h="100"/>
        <sprite n="baseGameBottomLayer.png" x="2" y="905" w="1920" h="170"/>
        <sprite n="baseGameMiddleLayer.png" x="2" y="2" w="1920" h="900"/>
        <sprite n="baseGameTopLayer.png" x="2" y="1076" w="1920" h="10"/>
        <sprite n="bottom_panel_background.png" x="2" y="1088" w="1274" h="102"/>
        <sprite n="decrease_active.png" x="1087" y="1898" w="37" h="19" oX="4" oY="5" oW="45" oH="29"/>
        <sprite n="decrease_disabled.png" x="1018" y="1967" w="37" h="21" oX="4" oY="3" oW="45" oH="29"/>
        <sprite n="gamble_button_active.png" x="206" y="1898" w="202" h="100"/>
        <sprite n="gamble_button_disabled.png" x="206" y="1796" w="202" h="100"/>
        <sprite n="gamble_button_down.png" x="2" y="1898" w="202" h="100"/>
        <sprite n="gamble_button_over.png" x="2" y="1796" w="202" h="100"/>
        <sprite n="increase_active.png" x="1993" y="308" w="37" h="21" oX="4" oY="3" oW="45" oH="29"/>
        <sprite n="increase_disabled.png" x="2" y="2000" w="37" h="21" oX="4" oY="3" oW="45" oH="29"/>
        <sprite n="indicator_eight.png" x="1924" y="653" w="67" h="67"/>
        <sprite n="indicator_five.png" x="1924" y="584" w="67" h="67"/>
        <sprite n="indicator_four.png" x="1924" y="515" w="67" h="67"/>
        <sprite n="indicator_nine.png" x="1924" y="446" w="67" h="67"/>
        <sprite n="indicator_one.png" x="1204" y="1796" w="67" h="67"/>
        <sprite n="indicator_seven.png" x="1924" y="377" w="67" h="67"/>
        <sprite n="indicator_six.png" x="1135" y="1796" w="67" h="67"/>
        <sprite n="indicator_three.png" x="1018" y="1898" w="67" h="67"/>
        <sprite n="indicator_two.png" x="1924" y="308" w="67" h="67"/>
        <sprite n="info_button_active.png" x="780" y="1898" w="119" h="100"/>
        <sprite n="info_button_disabled.png" x="1924" y="104" w="119" h="100"/>
        <sprite n="info_button_down.png" x="780" y="1796" w="119" h="100"/>
        <sprite n="info_button_over.png" x="1924" y="2" w="119" h="100"/>
        <sprite n="start_skip_take_button_active.png" x="595" y="1898" w="183" h="100"/>
        <sprite n="start_skip_take_button_disabled.png" x="595" y="1796" w="183" h="100"/>
        <sprite n="start_skip_take_button_down.png" x="410" y="1898" w="183" h="100"/>
        <sprite n="start_skip_take_button_over.png" x="410" y="1796" w="183" h="100"/>
    </sprites>
</TextureAtlas>
