<?xml version="1.0" encoding="UTF-8"?>
<TextureAtlas imagePath="GamblerSpriteSheet.png" width="2048" height="2048">
    <sprites>
        <sprite n="blue_card_reverse.png" x="604" y="1354" w="299" h="426"/>
        <sprite n="clubs_card.png" x="604" y="926" w="299" h="426"/>
        <sprite n="diamond_card.png" x="303" y="1354" w="299" h="426"/>
        <sprite n="gambler_background.png" x="2" y="2" w="1920" h="910"/>
        <sprite n="gambler_button_black_active.png" x="905" y="1506" w="424" h="294"/>
        <sprite n="gambler_button_black_disabled.png" x="905" y="1210" w="424" h="294"/>
        <sprite n="gambler_button_red_active.png" x="1331" y="914" w="424" h="294"/>
        <sprite n="gambler_button_red_disabled.png" x="905" y="914" w="424" h="294"/>
        <sprite n="heart_card.png" x="303" y="926" w="299" h="426"/>
        <sprite n="red_card_reverse.png" x="2" y="1354" w="299" h="426"/>
        <sprite n="small_blue_card_reverse.png" x="1924" y="772" w="107" h="152"/>
        <sprite n="small_clubs_card.png" x="1924" y="618" w="107" h="152"/>
        <sprite n="small_diamond_card.png" x="1924" y="464" w="107" h="152"/>
        <sprite n="small_heart_card.png" x="1924" y="310" w="107" h="152"/>
        <sprite n="small_red_card_reverse.png" x="1924" y="156" w="107" h="152"/>
        <sprite n="small_spade_card.png" x="1924" y="2" w="107" h="152"/>
        <sprite n="spade_card.png" x="2" y="926" w="299" h="426"/>
    </sprites>
</TextureAtlas>
