<?xml version="1.0" encoding="utf-8"?>
<font type="NGL">
 <description size="45" family="AlleyOop" style="Regular"/>
 <metrics ascender="34" height="42" descender="-12"/>
 <texture width="1024" height="512" file="LiveGlass/big_text.png"/>
 <chars>
  <char offset_x="-10" offset_y="10" advance="14" rect_w="20" id=" " rect_x="1" rect_y="39" rect_h="20"/>
  <char offset_x="-10" offset_y="42" advance="16" rect_w="34" id="!" rect_x="22" rect_y="7" rect_h="52"/>
  <char offset_x="-9" offset_y="48" advance="26" rect_w="42" id="$" rect_x="57" rect_y="1" rect_h="64"/>
  <char offset_x="-10" offset_y="42" advance="30" rect_w="48" id="&amp;" rect_x="100" rect_y="7" rect_h="52"/>
  <char offset_x="-8" offset_y="44" advance="12" rect_w="26" id="'" rect_x="149" rect_y="5" rect_h="35"/>
  <char offset_x="-8" offset_y="43" advance="20" rect_w="34" id="(" rect_x="176" rect_y="6" rect_h="63"/>
  <char offset_x="-9" offset_y="43" advance="20" rect_w="35" id=")" rect_x="211" rect_y="6" rect_h="63"/>
  <char offset_x="-10" offset_y="42" advance="17" rect_w="35" id="*" rect_x="247" rect_y="7" rect_h="34"/>
  <char offset_x="-7" offset_y="38" advance="32" rect_w="44" id="+" rect_x="283" rect_y="11" rect_h="44"/>
  <char offset_x="-11" offset_y="17" advance="11" rect_w="30" id="," rect_x="328" rect_y="32" rect_h="31"/>
  <char offset_x="-9" offset_y="23" advance="18" rect_w="34" id="-" rect_x="359" rect_y="26" rect_h="24"/>
  <char offset_x="-9" offset_y="17" advance="11" rect_w="27" id="." rect_x="394" rect_y="32" rect_h="27"/>
  <char offset_x="-10" offset_y="42" advance="20" rect_w="38" id="/" rect_x="422" rect_y="7" rect_h="52"/>
  <char offset_x="-8" offset_y="42" advance="28" rect_w="42" id="0" rect_x="461" rect_y="7" rect_h="52"/>
  <char offset_x="-8" offset_y="42" advance="28" rect_w="43" id="1" rect_x="504" rect_y="7" rect_h="52"/>
  <char offset_x="-8" offset_y="42" advance="28" rect_w="42" id="2" rect_x="548" rect_y="7" rect_h="52"/>
  <char offset_x="-8" offset_y="42" advance="28" rect_w="42" id="3" rect_x="591" rect_y="7" rect_h="52"/>
  <char offset_x="-9" offset_y="42" advance="28" rect_w="43" id="4" rect_x="634" rect_y="7" rect_h="52"/>
  <char offset_x="-8" offset_y="42" advance="28" rect_w="42" id="5" rect_x="678" rect_y="7" rect_h="52"/>
  <char offset_x="-8" offset_y="42" advance="28" rect_w="42" id="6" rect_x="721" rect_y="7" rect_h="52"/>
  <char offset_x="-8" offset_y="42" advance="28" rect_w="42" id="7" rect_x="764" rect_y="7" rect_h="52"/>
  <char offset_x="-8" offset_y="42" advance="28" rect_w="42" id="8" rect_x="807" rect_y="7" rect_h="52"/>
  <char offset_x="-8" offset_y="42" advance="28" rect_w="42" id="9" rect_x="850" rect_y="7" rect_h="52"/>
  <char offset_x="-7" offset_y="32" advance="13" rect_w="27" id=":" rect_x="893" rect_y="17" rect_h="42"/>
  <char offset_x="-9" offset_y="26" advance="17" rect_w="33" id=";" rect_x="921" rect_y="23" rect_h="40"/>
  <char offset_x="-10" offset_y="30" advance="32" rect_w="50" id="=" rect_x="955" rect_y="19" rect_h="33"/>
  <char offset_x="-7" offset_y="42" advance="42" rect_w="54" id="@" rect_x="1" rect_y="70" rect_h="58"/>
  <char offset_x="-10" offset_y="42" advance="29" rect_w="48" id="A" rect_x="56" rect_y="70" rect_h="52"/>
  <char offset_x="-10" offset_y="42" advance="28" rect_w="45" id="B" rect_x="105" rect_y="70" rect_h="52"/>
  <char offset_x="-8" offset_y="42" advance="27" rect_w="42" id="C" rect_x="151" rect_y="70" rect_h="52"/>
  <char offset_x="-10" offset_y="42" advance="29" rect_w="45" id="D" rect_x="194" rect_y="70" rect_h="52"/>
  <char offset_x="-10" offset_y="42" advance="27" rect_w="44" id="E" rect_x="240" rect_y="70" rect_h="52"/>
  <char offset_x="-10" offset_y="42" advance="27" rect_w="44" id="F" rect_x="285" rect_y="70" rect_h="52"/>
  <char offset_x="-8" offset_y="42" advance="28" rect_w="42" id="G" rect_x="330" rect_y="70" rect_h="52"/>
  <char offset_x="-10" offset_y="42" advance="29" rect_w="47" id="H" rect_x="373" rect_y="70" rect_h="52"/>
  <char offset_x="-10" offset_y="42" advance="16" rect_w="34" id="I" rect_x="421" rect_y="70" rect_h="52"/>
  <char offset_x="-9" offset_y="42" advance="26" rect_w="43" id="J" rect_x="456" rect_y="70" rect_h="52"/>
  <char offset_x="-10" offset_y="42" advance="30" rect_w="47" id="K" rect_x="500" rect_y="70" rect_h="52"/>
  <char offset_x="-10" offset_y="42" advance="27" rect_w="44" id="L" rect_x="548" rect_y="70" rect_h="52"/>
  <char offset_x="-10" offset_y="42" advance="39" rect_w="57" id="M" rect_x="593" rect_y="70" rect_h="52"/>
  <char offset_x="-10" offset_y="42" advance="33" rect_w="51" id="N" rect_x="651" rect_y="70" rect_h="52"/>
  <char offset_x="-8" offset_y="42" advance="28" rect_w="42" id="O" rect_x="703" rect_y="70" rect_h="52"/>
  <char offset_x="-10" offset_y="42" advance="28" rect_w="45" id="P" rect_x="746" rect_y="70" rect_h="52"/>
  <char offset_x="-8" offset_y="42" advance="28" rect_w="42" id="Q" rect_x="792" rect_y="70" rect_h="56"/>
  <char offset_x="-10" offset_y="42" advance="29" rect_w="48" id="R" rect_x="835" rect_y="70" rect_h="52"/>
  <char offset_x="-8" offset_y="42" advance="28" rect_w="42" id="S" rect_x="884" rect_y="70" rect_h="52"/>
  <char offset_x="-10" offset_y="42" advance="31" rect_w="48" id="T" rect_x="927" rect_y="70" rect_h="52"/>
  <char offset_x="-10" offset_y="42" advance="29" rect_w="47" id="U" rect_x="1" rect_y="129" rect_h="52"/>
  <char offset_x="-10" offset_y="42" advance="29" rect_w="48" id="V" rect_x="49" rect_y="129" rect_h="52"/>
  <char offset_x="-10" offset_y="42" advance="43" rect_w="62" id="W" rect_x="98" rect_y="129" rect_h="52"/>
  <char offset_x="-10" offset_y="42" advance="28" rect_w="47" id="X" rect_x="161" rect_y="129" rect_h="52"/>
  <char offset_x="-10" offset_y="42" advance="27" rect_w="45" id="Y" rect_x="209" rect_y="129" rect_h="52"/>
  <char offset_x="-9" offset_y="42" advance="26" rect_w="42" id="Z" rect_x="255" rect_y="129" rect_h="52"/>
  <char offset_x="-10" offset_y="10" advance="8" rect_w="20" id="_" rect_x="298" rect_y="161" rect_h="20"/>
  <char offset_x="-10" offset_y="42" advance="29" rect_w="48" id="a" rect_x="319" rect_y="129" rect_h="52"/>
  <char offset_x="-10" offset_y="42" advance="28" rect_w="45" id="b" rect_x="368" rect_y="129" rect_h="52"/>
  <char offset_x="-8" offset_y="42" advance="27" rect_w="42" id="c" rect_x="414" rect_y="129" rect_h="52"/>
  <char offset_x="-10" offset_y="42" advance="29" rect_w="45" id="d" rect_x="457" rect_y="129" rect_h="52"/>
  <char offset_x="-10" offset_y="42" advance="27" rect_w="44" id="e" rect_x="503" rect_y="129" rect_h="52"/>
  <char offset_x="-10" offset_y="42" advance="27" rect_w="44" id="f" rect_x="548" rect_y="129" rect_h="52"/>
  <char offset_x="-8" offset_y="42" advance="28" rect_w="42" id="g" rect_x="593" rect_y="129" rect_h="52"/>
  <char offset_x="-10" offset_y="42" advance="29" rect_w="47" id="h" rect_x="636" rect_y="129" rect_h="52"/>
  <char offset_x="-10" offset_y="42" advance="16" rect_w="34" id="i" rect_x="684" rect_y="129" rect_h="52"/>
  <char offset_x="-9" offset_y="42" advance="26" rect_w="43" id="j" rect_x="719" rect_y="129" rect_h="52"/>
  <char offset_x="-10" offset_y="42" advance="30" rect_w="47" id="k" rect_x="763" rect_y="129" rect_h="52"/>
  <char offset_x="-10" offset_y="42" advance="27" rect_w="44" id="l" rect_x="811" rect_y="129" rect_h="52"/>
  <char offset_x="-10" offset_y="42" advance="39" rect_w="57" id="m" rect_x="856" rect_y="129" rect_h="52"/>
  <char offset_x="-10" offset_y="42" advance="33" rect_w="51" id="n" rect_x="914" rect_y="129" rect_h="52"/>
  <char offset_x="-8" offset_y="42" advance="28" rect_w="42" id="o" rect_x="966" rect_y="129" rect_h="52"/>
  <char offset_x="-10" offset_y="42" advance="28" rect_w="45" id="p" rect_x="1" rect_y="191" rect_h="52"/>
  <char offset_x="-8" offset_y="42" advance="28" rect_w="42" id="q" rect_x="47" rect_y="191" rect_h="56"/>
  <char offset_x="-10" offset_y="42" advance="29" rect_w="48" id="r" rect_x="90" rect_y="191" rect_h="52"/>
  <char offset_x="-8" offset_y="42" advance="28" rect_w="42" id="s" rect_x="139" rect_y="191" rect_h="52"/>
  <char offset_x="-10" offset_y="42" advance="31" rect_w="48" id="t" rect_x="182" rect_y="191" rect_h="52"/>
  <char offset_x="-10" offset_y="42" advance="29" rect_w="47" id="u" rect_x="231" rect_y="191" rect_h="52"/>
  <char offset_x="-10" offset_y="42" advance="29" rect_w="48" id="v" rect_x="279" rect_y="191" rect_h="52"/>
  <char offset_x="-10" offset_y="42" advance="43" rect_w="62" id="w" rect_x="328" rect_y="191" rect_h="52"/>
  <char offset_x="-10" offset_y="42" advance="28" rect_w="47" id="x" rect_x="391" rect_y="191" rect_h="52"/>
  <char offset_x="-10" offset_y="42" advance="27" rect_w="45" id="y" rect_x="439" rect_y="191" rect_h="52"/>
  <char offset_x="-9" offset_y="42" advance="26" rect_w="42" id="z" rect_x="485" rect_y="191" rect_h="52"/>
  <char offset_x="-10" offset_y="46" advance="29" rect_w="43" id="¢" rect_x="528" rect_y="187" rect_h="56"/>
  <char offset_x="-9" offset_y="42" advance="29" rect_w="45" id="£" rect_x="572" rect_y="191" rect_h="52"/>
  <char offset_x="-8" offset_y="45" advance="24" rect_w="38" id="«" rect_x="618" rect_y="188" rect_h="43"/>
  <char offset_x="-8" offset_y="45" advance="24" rect_w="38" id="»" rect_x="657" rect_y="188" rect_h="43"/>
  <char offset_x="-10" offset_y="51" advance="29" rect_w="48" id="À" rect_x="696" rect_y="182" rect_h="61"/>
  <char offset_x="-10" offset_y="51" advance="29" rect_w="48" id="Á" rect_x="745" rect_y="182" rect_h="61"/>
  <char offset_x="-10" offset_y="51" advance="29" rect_w="48" id="Â" rect_x="794" rect_y="182" rect_h="61"/>
  <char offset_x="-10" offset_y="51" advance="29" rect_w="48" id="Ã" rect_x="843" rect_y="182" rect_h="61"/>
  <char offset_x="-10" offset_y="51" advance="30" rect_w="48" id="Ä" rect_x="892" rect_y="182" rect_h="61"/>
  <char offset_x="-8" offset_y="42" advance="27" rect_w="42" id="Ç" rect_x="941" rect_y="191" rect_h="60"/>
  <char offset_x="-10" offset_y="51" advance="27" rect_w="44" id="È" rect_x="1" rect_y="252" rect_h="61"/>
  <char offset_x="-10" offset_y="51" advance="27" rect_w="44" id="É" rect_x="46" rect_y="252" rect_h="61"/>
  <char offset_x="-10" offset_y="51" advance="27" rect_w="44" id="Ê" rect_x="91" rect_y="252" rect_h="61"/>
  <char offset_x="-10" offset_y="51" advance="27" rect_w="44" id="Ë" rect_x="136" rect_y="252" rect_h="61"/>
  <char offset_x="-10" offset_y="51" advance="16" rect_w="34" id="Ì" rect_x="181" rect_y="252" rect_h="61"/>
  <char offset_x="-10" offset_y="51" advance="16" rect_w="34" id="Í" rect_x="216" rect_y="252" rect_h="61"/>
  <char offset_x="-10" offset_y="51" advance="16" rect_w="34" id="Î" rect_x="251" rect_y="252" rect_h="61"/>
  <char offset_x="-11" offset_y="51" advance="16" rect_w="36" id="Ï" rect_x="286" rect_y="252" rect_h="61"/>
  <char offset_x="-10" offset_y="51" advance="33" rect_w="51" id="Ñ" rect_x="323" rect_y="252" rect_h="61"/>
  <char offset_x="-8" offset_y="50" advance="28" rect_w="42" id="Ó" rect_x="375" rect_y="253" rect_h="60"/>
  <char offset_x="-8" offset_y="50" advance="28" rect_w="42" id="Ô" rect_x="418" rect_y="253" rect_h="60"/>
  <char offset_x="-8" offset_y="50" advance="28" rect_w="42" id="Õ" rect_x="461" rect_y="253" rect_h="60"/>
  <char offset_x="-8" offset_y="51" advance="28" rect_w="42" id="Ö" rect_x="504" rect_y="252" rect_h="61"/>
  <char offset_x="-10" offset_y="51" advance="29" rect_w="47" id="Ù" rect_x="547" rect_y="252" rect_h="61"/>
  <char offset_x="-10" offset_y="51" advance="29" rect_w="47" id="Ú" rect_x="595" rect_y="252" rect_h="61"/>
  <char offset_x="-10" offset_y="51" advance="29" rect_w="47" id="Û" rect_x="643" rect_y="252" rect_h="61"/>
  <char offset_x="-10" offset_y="51" advance="29" rect_w="47" id="Ü" rect_x="691" rect_y="252" rect_h="61"/>
  <char offset_x="-10" offset_y="51" advance="27" rect_w="45" id="Ý" rect_x="739" rect_y="252" rect_h="61"/>
  <char offset_x="-10" offset_y="42" advance="29" rect_w="45" id="ß" rect_x="785" rect_y="261" rect_h="53"/>
  <char offset_x="-10" offset_y="51" advance="29" rect_w="48" id="à" rect_x="831" rect_y="252" rect_h="61"/>
  <char offset_x="-10" offset_y="51" advance="29" rect_w="48" id="á" rect_x="880" rect_y="252" rect_h="61"/>
  <char offset_x="-10" offset_y="51" advance="29" rect_w="48" id="â" rect_x="929" rect_y="252" rect_h="61"/>
  <char offset_x="-10" offset_y="50" advance="29" rect_w="48" id="ã" rect_x="1" rect_y="316" rect_h="60"/>
  <char offset_x="-10" offset_y="51" advance="30" rect_w="48" id="ä" rect_x="50" rect_y="315" rect_h="61"/>
  <char offset_x="-8" offset_y="42" advance="27" rect_w="42" id="ç" rect_x="99" rect_y="324" rect_h="60"/>
  <char offset_x="-10" offset_y="50" advance="27" rect_w="44" id="è" rect_x="142" rect_y="316" rect_h="60"/>
  <char offset_x="-10" offset_y="51" advance="27" rect_w="44" id="é" rect_x="187" rect_y="315" rect_h="61"/>
  <char offset_x="-10" offset_y="51" advance="27" rect_w="44" id="ê" rect_x="232" rect_y="315" rect_h="61"/>
  <char offset_x="-10" offset_y="51" advance="27" rect_w="44" id="ë" rect_x="277" rect_y="315" rect_h="61"/>
  <char offset_x="-10" offset_y="51" advance="16" rect_w="34" id="ì" rect_x="322" rect_y="315" rect_h="61"/>
  <char offset_x="-10" offset_y="51" advance="17" rect_w="34" id="í" rect_x="357" rect_y="315" rect_h="61"/>
  <char offset_x="-10" offset_y="51" advance="17" rect_w="35" id="î" rect_x="392" rect_y="315" rect_h="61"/>
  <char offset_x="-10" offset_y="50" advance="16" rect_w="34" id="ï" rect_x="428" rect_y="316" rect_h="60"/>
  <char offset_x="-10" offset_y="51" advance="33" rect_w="51" id="ñ" rect_x="463" rect_y="315" rect_h="61"/>
  <char offset_x="-8" offset_y="51" advance="28" rect_w="42" id="ó" rect_x="515" rect_y="315" rect_h="61"/>
  <char offset_x="-8" offset_y="51" advance="28" rect_w="42" id="ô" rect_x="558" rect_y="315" rect_h="61"/>
  <char offset_x="-8" offset_y="51" advance="28" rect_w="42" id="õ" rect_x="601" rect_y="315" rect_h="61"/>
  <char offset_x="-8" offset_y="51" advance="28" rect_w="42" id="ö" rect_x="644" rect_y="315" rect_h="61"/>
  <char offset_x="-10" offset_y="51" advance="29" rect_w="47" id="ù" rect_x="687" rect_y="315" rect_h="61"/>
  <char offset_x="-10" offset_y="51" advance="29" rect_w="47" id="ú" rect_x="735" rect_y="315" rect_h="61"/>
  <char offset_x="-10" offset_y="51" advance="29" rect_w="47" id="û" rect_x="783" rect_y="315" rect_h="61"/>
  <char offset_x="-10" offset_y="51" advance="29" rect_w="47" id="ü" rect_x="831" rect_y="315" rect_h="61"/>
  <char offset_x="-10" offset_y="51" advance="27" rect_w="45" id="ý" rect_x="879" rect_y="315" rect_h="61"/>
  <char offset_x="-11" offset_y="51" advance="26" rect_w="46" id="ÿ" rect_x="925" rect_y="315" rect_h="61"/>
  <char offset_x="-8" offset_y="51" advance="27" rect_w="42" id="Č" rect_x="972" rect_y="315" rect_h="61"/>
  <char offset_x="-8" offset_y="51" advance="27" rect_w="42" id="č" rect_x="1" rect_y="385" rect_h="61"/>
  <char offset_x="-10" offset_y="50" advance="29" rect_w="45" id="Ď" rect_x="44" rect_y="386" rect_h="60"/>
  <char offset_x="-10" offset_y="43" advance="34" rect_w="51" id="ď" rect_x="90" rect_y="393" rect_h="53"/>
  <char offset_x="-10" offset_y="51" advance="27" rect_w="44" id="Ě" rect_x="142" rect_y="385" rect_h="61"/>
  <char offset_x="-10" offset_y="51" advance="27" rect_w="44" id="ě" rect_x="187" rect_y="385" rect_h="61"/>
  <char offset_x="-10" offset_y="51" advance="33" rect_w="51" id="Ň" rect_x="232" rect_y="385" rect_h="61"/>
  <char offset_x="-10" offset_y="51" advance="33" rect_w="51" id="ň" rect_x="284" rect_y="385" rect_h="61"/>
  <char offset_x="-10" offset_y="51" advance="29" rect_w="48" id="Ř" rect_x="336" rect_y="385" rect_h="61"/>
  <char offset_x="-10" offset_y="51" advance="29" rect_w="48" id="ř" rect_x="385" rect_y="385" rect_h="61"/>
  <char offset_x="-8" offset_y="51" advance="28" rect_w="42" id="Š" rect_x="434" rect_y="385" rect_h="61"/>
  <char offset_x="-8" offset_y="51" advance="28" rect_w="42" id="š" rect_x="477" rect_y="385" rect_h="61"/>
  <char offset_x="-10" offset_y="51" advance="31" rect_w="48" id="Ť" rect_x="520" rect_y="385" rect_h="61"/>
  <char offset_x="-10" offset_y="43" advance="37" rect_w="54" id="ť" rect_x="569" rect_y="393" rect_h="53"/>
  <char offset_x="-10" offset_y="51" advance="29" rect_w="47" id="Ů" rect_x="624" rect_y="385" rect_h="61"/>
  <char offset_x="-10" offset_y="51" advance="29" rect_w="47" id="ů" rect_x="672" rect_y="385" rect_h="61"/>
  <char offset_x="-11" offset_y="51" advance="26" rect_w="46" id="Ÿ" rect_x="720" rect_y="385" rect_h="61"/>
  <char offset_x="-9" offset_y="51" advance="26" rect_w="42" id="Ž" rect_x="767" rect_y="385" rect_h="61"/>
  <char offset_x="-9" offset_y="51" advance="26" rect_w="42" id="ž" rect_x="810" rect_y="385" rect_h="61"/>
  <char offset_x="-10" offset_y="30" advance="32" rect_w="50" id="–" rect_x="853" rect_y="406" rect_h="25"/>
  <char offset_x="-7" offset_y="39" advance="23" rect_w="36" id="“" rect_x="904" rect_y="397" rect_h="31"/>
  <char offset_x="-7" offset_y="39" advance="23" rect_w="36" id="”" rect_x="941" rect_y="397" rect_h="31"/>
  <char offset_x="-4" offset_y="33" advance="20" rect_w="26" id="•" rect_x="978" rect_y="403" rect_h="27"/>
  <char offset_x="-10" offset_y="42" advance="28" rect_w="45" id="₤" rect_x="1" rect_y="447" rect_h="52"/>
  <char offset_x="-6" offset_y="42" advance="28" rect_w="38" id="€" rect_x="47" rect_y="447" rect_h="52"/>
 </chars>
</font>
