<?xml version="1.0" encoding="utf-8"?>
<font type="NGL">
 <description size="18" family="Arial" style="Black"/>
 <metrics ascender="20" height="22" descender="-6"/>
 <texture width="512" height="512" file="LiveGlass/button_text.png"/>
 <chars>
  <char offset_x="-7" offset_y="7" advance="4" rect_w="14" id=" " rect_x="1" rect_y="16" rect_h="14"/>
  <char offset_x="-6" offset_y="21" advance="4" rect_w="17" id="!" rect_x="16" rect_y="2" rect_h="28"/>
  <char offset_x="-7" offset_y="22" advance="9" rect_w="23" id="$" rect_x="34" rect_y="1" rect_h="31"/>
  <char offset_x="-6" offset_y="21" advance="12" rect_w="25" id="&amp;" rect_x="58" rect_y="2" rect_h="28"/>
  <char offset_x="-6" offset_y="21" advance="4" rect_w="17" id="'" rect_x="84" rect_y="2" rect_h="19"/>
  <char offset_x="-6" offset_y="21" advance="6" rect_w="19" id="(" rect_x="102" rect_y="2" rect_h="32"/>
  <char offset_x="-7" offset_y="21" advance="5" rect_w="19" id=")" rect_x="122" rect_y="2" rect_h="32"/>
  <char offset_x="-7" offset_y="21" advance="10" rect_w="23" id="*" rect_x="142" rect_y="2" rect_h="28"/>
  <char offset_x="-6" offset_y="19" advance="9" rect_w="21" id="+" rect_x="166" rect_y="4" rect_h="24"/>
  <char offset_x="-7" offset_y="11" advance="5" rect_w="18" id="," rect_x="188" rect_y="12" rect_h="22"/>
  <char offset_x="-6" offset_y="13" advance="6" rect_w="18" id="-" rect_x="207" rect_y="10" rect_h="17"/>
  <char offset_x="-6" offset_y="11" advance="4" rect_w="17" id="." rect_x="226" rect_y="12" rect_h="18"/>
  <char offset_x="-7" offset_y="21" advance="4" rect_w="18" id="/" rect_x="244" rect_y="2" rect_h="28"/>
  <char offset_x="-6" offset_y="21" advance="9" rect_w="21" id="0" rect_x="263" rect_y="2" rect_h="28"/>
  <char offset_x="-6" offset_y="21" advance="8" rect_w="19" id="1" rect_x="285" rect_y="2" rect_h="28"/>
  <char offset_x="-6" offset_y="21" advance="10" rect_w="22" id="2" rect_x="305" rect_y="2" rect_h="28"/>
  <char offset_x="-6" offset_y="21" advance="10" rect_w="21" id="3" rect_x="328" rect_y="2" rect_h="28"/>
  <char offset_x="-6" offset_y="21" advance="10" rect_w="22" id="4" rect_x="350" rect_y="2" rect_h="28"/>
  <char offset_x="-6" offset_y="21" advance="8" rect_w="21" id="5" rect_x="373" rect_y="2" rect_h="28"/>
  <char offset_x="-6" offset_y="21" advance="10" rect_w="22" id="6" rect_x="395" rect_y="2" rect_h="28"/>
  <char offset_x="-6" offset_y="21" advance="10" rect_w="22" id="7" rect_x="418" rect_y="2" rect_h="28"/>
  <char offset_x="-6" offset_y="21" advance="9" rect_w="22" id="8" rect_x="441" rect_y="2" rect_h="28"/>
  <char offset_x="-6" offset_y="21" advance="9" rect_w="22" id="9" rect_x="464" rect_y="2" rect_h="28"/>
  <char offset_x="-6" offset_y="17" advance="4" rect_w="17" id=":" rect_x="487" rect_y="6" rect_h="24"/>
  <char offset_x="-6" offset_y="17" advance="5" rect_w="17" id=";" rect_x="1" rect_y="39" rect_h="28"/>
  <char offset_x="-6" offset_y="18" advance="9" rect_w="21" id="=" rect_x="19" rect_y="38" rect_h="22"/>
  <char offset_x="-7" offset_y="21" advance="10" rect_w="24" id="@" rect_x="41" rect_y="35" rect_h="30"/>
  <char offset_x="-7" offset_y="21" advance="10" rect_w="25" id="A" rect_x="66" rect_y="35" rect_h="28">
   <kerning advance="-1" id="Y"/>
  </char>
  <char offset_x="-6" offset_y="21" advance="10" rect_w="23" id="B" rect_x="92" rect_y="35" rect_h="28"/>
  <char offset_x="-6" offset_y="21" advance="10" rect_w="23" id="C" rect_x="116" rect_y="35" rect_h="28"/>
  <char offset_x="-6" offset_y="21" advance="10" rect_w="23" id="D" rect_x="140" rect_y="35" rect_h="28"/>
  <char offset_x="-6" offset_y="21" advance="10" rect_w="22" id="E" rect_x="164" rect_y="35" rect_h="28"/>
  <char offset_x="-6" offset_y="21" advance="9" rect_w="22" id="F" rect_x="187" rect_y="35" rect_h="28">
   <kerning advance="-1" id=","/>
   <kerning advance="-1" id="."/>
   <kerning advance="-1" id="A"/>
   <kerning advance="-1" id="Ä"/>
  </char>
  <char offset_x="-6" offset_y="21" advance="11" rect_w="24" id="G" rect_x="210" rect_y="35" rect_h="28"/>
  <char offset_x="-6" offset_y="21" advance="11" rect_w="23" id="H" rect_x="235" rect_y="35" rect_h="28"/>
  <char offset_x="-6" offset_y="21" advance="5" rect_w="17" id="I" rect_x="259" rect_y="35" rect_h="28"/>
  <char offset_x="-6" offset_y="21" advance="10" rect_w="22" id="J" rect_x="277" rect_y="35" rect_h="28"/>
  <char offset_x="-6" offset_y="21" advance="11" rect_w="24" id="K" rect_x="300" rect_y="35" rect_h="28"/>
  <char offset_x="-6" offset_y="21" advance="9" rect_w="22" id="L" rect_x="325" rect_y="35" rect_h="28">
   <kerning advance="-1" id="Y"/>
  </char>
  <char offset_x="-6" offset_y="21" advance="13" rect_w="25" id="M" rect_x="348" rect_y="35" rect_h="28"/>
  <char offset_x="-6" offset_y="21" advance="11" rect_w="23" id="N" rect_x="374" rect_y="35" rect_h="28"/>
  <char offset_x="-6" offset_y="21" advance="11" rect_w="24" id="O" rect_x="398" rect_y="35" rect_h="28"/>
  <char offset_x="-6" offset_y="21" advance="10" rect_w="22" id="P" rect_x="423" rect_y="35" rect_h="28">
   <kerning advance="-1" id=","/>
   <kerning advance="-1" id="."/>
   <kerning advance="-1" id="A"/>
   <kerning advance="-1" id="Ä"/>
  </char>
  <char offset_x="-6" offset_y="21" advance="11" rect_w="25" id="Q" rect_x="446" rect_y="35" rect_h="30"/>
  <char offset_x="-6" offset_y="21" advance="10" rect_w="24" id="R" rect_x="472" rect_y="35" rect_h="28"/>
  <char offset_x="-7" offset_y="21" advance="10" rect_w="23" id="S" rect_x="1" rect_y="68" rect_h="28"/>
  <char offset_x="-6" offset_y="21" advance="11" rect_w="23" id="T" rect_x="25" rect_y="68" rect_h="28">
   <kerning advance="-1" id=","/>
   <kerning advance="-1" id="."/>
  </char>
  <char offset_x="-6" offset_y="21" advance="11" rect_w="23" id="U" rect_x="49" rect_y="68" rect_h="28"/>
  <char offset_x="-7" offset_y="21" advance="10" rect_w="25" id="V" rect_x="73" rect_y="68" rect_h="28">
   <kerning advance="-1" id=","/>
   <kerning advance="-1" id="."/>
  </char>
  <char offset_x="-7" offset_y="21" advance="13" rect_w="28" id="W" rect_x="99" rect_y="68" rect_h="28"/>
  <char offset_x="-7" offset_y="21" advance="10" rect_w="25" id="X" rect_x="128" rect_y="68" rect_h="28"/>
  <char offset_x="-7" offset_y="21" advance="10" rect_w="25" id="Y" rect_x="154" rect_y="68" rect_h="28">
   <kerning advance="-1" id=","/>
   <kerning advance="-1" id="-"/>
   <kerning advance="-1" id="."/>
   <kerning advance="-1" id="A"/>
   <kerning advance="-1" id="a"/>
   <kerning advance="-1" id="d"/>
   <kerning advance="-1" id="e"/>
   <kerning advance="-1" id="o"/>
   <kerning advance="-1" id="q"/>
   <kerning advance="-1" id="Ä"/>
  </char>
  <char offset_x="-6" offset_y="21" advance="11" rect_w="23" id="Z" rect_x="180" rect_y="68" rect_h="28"/>
  <char offset_x="-7" offset_y="7" advance="1" rect_w="14" id="_" rect_x="204" rect_y="82" rect_h="14"/>
  <char offset_x="-6" offset_y="17" advance="9" rect_w="22" id="a" rect_x="219" rect_y="72" rect_h="24"/>
  <char offset_x="-6" offset_y="21" advance="9" rect_w="22" id="b" rect_x="242" rect_y="68" rect_h="28"/>
  <char offset_x="-6" offset_y="17" advance="9" rect_w="23" id="c" rect_x="265" rect_y="72" rect_h="24"/>
  <char offset_x="-6" offset_y="21" advance="9" rect_w="22" id="d" rect_x="289" rect_y="68" rect_h="28"/>
  <char offset_x="-6" offset_y="17" advance="10" rect_w="22" id="e" rect_x="312" rect_y="72" rect_h="24"/>
  <char offset_x="-6" offset_y="21" advance="7" rect_w="20" id="f" rect_x="335" rect_y="68" rect_h="28">
   <kerning advance="1" id="!"/>
   <kerning advance="1" id="”"/>
  </char>
  <char offset_x="-6" offset_y="17" advance="9" rect_w="22" id="g" rect_x="356" rect_y="72" rect_h="28"/>
  <char offset_x="-6" offset_y="21" advance="9" rect_w="21" id="h" rect_x="379" rect_y="68" rect_h="28"/>
  <char offset_x="-6" offset_y="21" advance="5" rect_w="17" id="i" rect_x="401" rect_y="68" rect_h="28"/>
  <char offset_x="-8" offset_y="21" advance="5" rect_w="19" id="j" rect_x="419" rect_y="68" rect_h="32"/>
  <char offset_x="-6" offset_y="21" advance="9" rect_w="23" id="k" rect_x="439" rect_y="68" rect_h="28"/>
  <char offset_x="-6" offset_y="21" advance="5" rect_w="17" id="l" rect_x="463" rect_y="68" rect_h="28"/>
  <char offset_x="-6" offset_y="17" advance="13" rect_w="26" id="m" rect_x="481" rect_y="72" rect_h="24"/>
  <char offset_x="-6" offset_y="17" advance="9" rect_w="21" id="n" rect_x="1" rect_y="108" rect_h="24"/>
  <char offset_x="-6" offset_y="17" advance="10" rect_w="22" id="o" rect_x="23" rect_y="108" rect_h="24"/>
  <char offset_x="-6" offset_y="17" advance="9" rect_w="22" id="p" rect_x="46" rect_y="108" rect_h="28"/>
  <char offset_x="-6" offset_y="17" advance="9" rect_w="22" id="q" rect_x="69" rect_y="108" rect_h="28"/>
  <char offset_x="-6" offset_y="17" advance="6" rect_w="20" id="r" rect_x="92" rect_y="108" rect_h="24">
   <kerning advance="-1" id="."/>
  </char>
  <char offset_x="-7" offset_y="17" advance="9" rect_w="22" id="s" rect_x="113" rect_y="108" rect_h="24"/>
  <char offset_x="-6" offset_y="21" advance="7" rect_w="20" id="t" rect_x="136" rect_y="104" rect_h="28"/>
  <char offset_x="-6" offset_y="17" advance="9" rect_w="22" id="u" rect_x="157" rect_y="108" rect_h="24"/>
  <char offset_x="-7" offset_y="17" advance="8" rect_w="23" id="v" rect_x="180" rect_y="108" rect_h="24">
   <kerning advance="-1" id=","/>
   <kerning advance="-1" id="."/>
  </char>
  <char offset_x="-7" offset_y="17" advance="13" rect_w="27" id="w" rect_x="204" rect_y="108" rect_h="24">
   <kerning advance="-1" id=","/>
   <kerning advance="-1" id="."/>
  </char>
  <char offset_x="-7" offset_y="17" advance="9" rect_w="23" id="x" rect_x="232" rect_y="108" rect_h="24"/>
  <char offset_x="-7" offset_y="17" advance="8" rect_w="23" id="y" rect_x="256" rect_y="108" rect_h="28">
   <kerning advance="-1" id=","/>
   <kerning advance="-1" id="."/>
  </char>
  <char offset_x="-6" offset_y="17" advance="8" rect_w="20" id="z" rect_x="280" rect_y="108" rect_h="24"/>
  <char offset_x="-6" offset_y="21" advance="10" rect_w="23" id="¢" rect_x="301" rect_y="104" rect_h="32"/>
  <char offset_x="-6" offset_y="21" advance="10" rect_w="23" id="£" rect_x="325" rect_y="104" rect_h="28"/>
  <char offset_x="-7" offset_y="17" advance="9" rect_w="23" id="«" rect_x="349" rect_y="108" rect_h="23"/>
  <char offset_x="-7" offset_y="17" advance="9" rect_w="23" id="»" rect_x="373" rect_y="108" rect_h="23"/>
  <char offset_x="-7" offset_y="24" advance="10" rect_w="25" id="À" rect_x="397" rect_y="101" rect_h="31"/>
  <char offset_x="-7" offset_y="24" advance="10" rect_w="25" id="Á" rect_x="423" rect_y="101" rect_h="31"/>
  <char offset_x="-7" offset_y="24" advance="10" rect_w="25" id="Â" rect_x="449" rect_y="101" rect_h="31"/>
  <char offset_x="-7" offset_y="24" advance="10" rect_w="25" id="Ã" rect_x="475" rect_y="101" rect_h="31"/>
  <char offset_x="-7" offset_y="24" advance="11" rect_w="25" id="Ä" rect_x="1" rect_y="137" rect_h="31">
   <kerning advance="-1" id="Y"/>
  </char>
  <char offset_x="-6" offset_y="21" advance="11" rect_w="24" id="Ç" rect_x="27" rect_y="140" rect_h="32"/>
  <char offset_x="-6" offset_y="24" advance="10" rect_w="22" id="È" rect_x="52" rect_y="137" rect_h="31"/>
  <char offset_x="-6" offset_y="24" advance="10" rect_w="22" id="É" rect_x="75" rect_y="137" rect_h="31"/>
  <char offset_x="-6" offset_y="24" advance="10" rect_w="22" id="Ê" rect_x="98" rect_y="137" rect_h="31"/>
  <char offset_x="-6" offset_y="24" advance="10" rect_w="22" id="Ë" rect_x="121" rect_y="137" rect_h="31"/>
  <char offset_x="-7" offset_y="24" advance="5" rect_w="18" id="Ì" rect_x="144" rect_y="137" rect_h="31"/>
  <char offset_x="-6" offset_y="24" advance="5" rect_w="18" id="Í" rect_x="163" rect_y="137" rect_h="31"/>
  <char offset_x="-7" offset_y="24" advance="5" rect_w="19" id="Î" rect_x="182" rect_y="137" rect_h="31"/>
  <char offset_x="-6" offset_y="24" advance="6" rect_w="19" id="Ï" rect_x="202" rect_y="137" rect_h="31"/>
  <char offset_x="-6" offset_y="24" advance="11" rect_w="23" id="Ñ" rect_x="222" rect_y="137" rect_h="31"/>
  <char offset_x="-6" offset_y="24" advance="11" rect_w="24" id="Ó" rect_x="246" rect_y="137" rect_h="31"/>
  <char offset_x="-6" offset_y="24" advance="11" rect_w="24" id="Ô" rect_x="271" rect_y="137" rect_h="31"/>
  <char offset_x="-6" offset_y="24" advance="11" rect_w="24" id="Õ" rect_x="296" rect_y="137" rect_h="31"/>
  <char offset_x="-6" offset_y="24" advance="11" rect_w="24" id="Ö" rect_x="321" rect_y="137" rect_h="31"/>
  <char offset_x="-6" offset_y="24" advance="11" rect_w="23" id="Ù" rect_x="346" rect_y="137" rect_h="31"/>
  <char offset_x="-6" offset_y="24" advance="11" rect_w="23" id="Ú" rect_x="370" rect_y="137" rect_h="31"/>
  <char offset_x="-6" offset_y="24" advance="11" rect_w="23" id="Û" rect_x="394" rect_y="137" rect_h="31"/>
  <char offset_x="-6" offset_y="24" advance="11" rect_w="23" id="Ü" rect_x="418" rect_y="137" rect_h="31"/>
  <char offset_x="-7" offset_y="24" advance="10" rect_w="25" id="Ý" rect_x="442" rect_y="137" rect_h="31"/>
  <char offset_x="-6" offset_y="21" advance="10" rect_w="22" id="ß" rect_x="468" rect_y="140" rect_h="28"/>
  <char offset_x="-6" offset_y="21" advance="9" rect_w="22" id="à" rect_x="1" rect_y="173" rect_h="28"/>
  <char offset_x="-6" offset_y="21" advance="9" rect_w="22" id="á" rect_x="24" rect_y="173" rect_h="28"/>
  <char offset_x="-6" offset_y="21" advance="9" rect_w="22" id="â" rect_x="47" rect_y="173" rect_h="28"/>
  <char offset_x="-6" offset_y="21" advance="9" rect_w="22" id="ã" rect_x="70" rect_y="173" rect_h="28"/>
  <char offset_x="-6" offset_y="21" advance="9" rect_w="22" id="ä" rect_x="93" rect_y="173" rect_h="28"/>
  <char offset_x="-6" offset_y="17" advance="10" rect_w="23" id="ç" rect_x="116" rect_y="177" rect_h="28"/>
  <char offset_x="-6" offset_y="21" advance="10" rect_w="22" id="è" rect_x="140" rect_y="173" rect_h="28"/>
  <char offset_x="-6" offset_y="21" advance="10" rect_w="22" id="é" rect_x="163" rect_y="173" rect_h="28"/>
  <char offset_x="-6" offset_y="21" advance="10" rect_w="22" id="ê" rect_x="186" rect_y="173" rect_h="28"/>
  <char offset_x="-6" offset_y="21" advance="10" rect_w="22" id="ë" rect_x="209" rect_y="173" rect_h="28"/>
  <char offset_x="-7" offset_y="21" advance="5" rect_w="18" id="ì" rect_x="232" rect_y="173" rect_h="28"/>
  <char offset_x="-6" offset_y="21" advance="5" rect_w="18" id="í" rect_x="251" rect_y="173" rect_h="28"/>
  <char offset_x="-8" offset_y="21" advance="5" rect_w="20" id="î" rect_x="270" rect_y="173" rect_h="28"/>
  <char offset_x="-7" offset_y="21" advance="5" rect_w="19" id="ï" rect_x="291" rect_y="173" rect_h="28"/>
  <char offset_x="-6" offset_y="21" advance="9" rect_w="21" id="ñ" rect_x="311" rect_y="173" rect_h="28"/>
  <char offset_x="-6" offset_y="21" advance="10" rect_w="22" id="ó" rect_x="333" rect_y="173" rect_h="28"/>
  <char offset_x="-6" offset_y="21" advance="10" rect_w="22" id="ô" rect_x="356" rect_y="173" rect_h="28"/>
  <char offset_x="-6" offset_y="21" advance="10" rect_w="22" id="õ" rect_x="379" rect_y="173" rect_h="28"/>
  <char offset_x="-6" offset_y="21" advance="10" rect_w="22" id="ö" rect_x="402" rect_y="173" rect_h="28"/>
  <char offset_x="-6" offset_y="21" advance="9" rect_w="22" id="ù" rect_x="425" rect_y="173" rect_h="28"/>
  <char offset_x="-6" offset_y="21" advance="9" rect_w="22" id="ú" rect_x="448" rect_y="173" rect_h="28"/>
  <char offset_x="-6" offset_y="21" advance="9" rect_w="22" id="û" rect_x="471" rect_y="173" rect_h="28"/>
  <char offset_x="-6" offset_y="21" advance="9" rect_w="22" id="ü" rect_x="1" rect_y="211" rect_h="28"/>
  <char offset_x="-7" offset_y="21" advance="8" rect_w="23" id="ý" rect_x="24" rect_y="211" rect_h="32"/>
  <char offset_x="-7" offset_y="21" advance="9" rect_w="23" id="ÿ" rect_x="48" rect_y="211" rect_h="32"/>
  <char offset_x="-6" offset_y="24" advance="10" rect_w="23" id="Č" rect_x="72" rect_y="208" rect_h="31"/>
  <char offset_x="-6" offset_y="21" advance="9" rect_w="23" id="č" rect_x="96" rect_y="211" rect_h="28"/>
  <char offset_x="-6" offset_y="24" advance="10" rect_w="23" id="Ď" rect_x="120" rect_y="208" rect_h="31"/>
  <char offset_x="-6" offset_y="21" advance="13" rect_w="25" id="ď" rect_x="144" rect_y="211" rect_h="28"/>
  <char offset_x="-6" offset_y="24" advance="10" rect_w="22" id="Ě" rect_x="170" rect_y="208" rect_h="31"/>
  <char offset_x="-6" offset_y="21" advance="10" rect_w="22" id="ě" rect_x="193" rect_y="211" rect_h="28"/>
  <char offset_x="-6" offset_y="24" advance="11" rect_w="23" id="Ň" rect_x="216" rect_y="208" rect_h="31"/>
  <char offset_x="-6" offset_y="21" advance="9" rect_w="21" id="ň" rect_x="240" rect_y="211" rect_h="28"/>
  <char offset_x="-6" offset_y="24" advance="10" rect_w="24" id="Ř" rect_x="262" rect_y="208" rect_h="31"/>
  <char offset_x="-6" offset_y="21" advance="6" rect_w="20" id="ř" rect_x="287" rect_y="211" rect_h="28"/>
  <char offset_x="-7" offset_y="24" advance="10" rect_w="23" id="Š" rect_x="308" rect_y="208" rect_h="31"/>
  <char offset_x="-7" offset_y="21" advance="9" rect_w="22" id="š" rect_x="332" rect_y="211" rect_h="28"/>
  <char offset_x="-6" offset_y="24" advance="11" rect_w="23" id="Ť" rect_x="355" rect_y="208" rect_h="31"/>
  <char offset_x="-6" offset_y="21" advance="10" rect_w="22" id="ť" rect_x="379" rect_y="211" rect_h="28"/>
  <char offset_x="-6" offset_y="26" advance="11" rect_w="23" id="Ů" rect_x="402" rect_y="206" rect_h="33"/>
  <char offset_x="-6" offset_y="22" advance="9" rect_w="22" id="ů" rect_x="426" rect_y="210" rect_h="29"/>
  <char offset_x="-7" offset_y="24" advance="11" rect_w="25" id="Ÿ" rect_x="449" rect_y="208" rect_h="31"/>
  <char offset_x="-6" offset_y="24" advance="11" rect_w="23" id="Ž" rect_x="475" rect_y="208" rect_h="31"/>
  <char offset_x="-6" offset_y="21" advance="8" rect_w="20" id="ž" rect_x="1" rect_y="244" rect_h="28"/>
  <char offset_x="-7" offset_y="14" advance="7" rect_w="21" id="–" rect_x="22" rect_y="251" rect_h="17"/>
  <char offset_x="-7" offset_y="21" advance="7" rect_w="21" id="“" rect_x="44" rect_y="244" rect_h="22"/>
  <char offset_x="-7" offset_y="21" advance="8" rect_w="21" id="”" rect_x="66" rect_y="244" rect_h="22"/>
  <char offset_x="-6" offset_y="17" advance="6" rect_w="18" id="•" rect_x="88" rect_y="248" rect_h="20"/>
  <char offset_x="-6" offset_y="21" advance="10" rect_w="23" id="₤" rect_x="107" rect_y="244" rect_h="28"/>
  <char offset_x="-7" offset_y="21" advance="9" rect_w="23" id="€" rect_x="131" rect_y="244" rect_h="28"/>
 </chars>
</font>
