<?xml version="1.0" encoding="utf-8"?>
<font type="NGL">
 <description size="40" family="sr_title" style="Regular"/>
 <metrics ascender="43" height="51" descender="-9"/>
 <texture width="256" height="128" file="LiveGlass/number.png"/>
 <chars>
  <char offset_x="-5" offset_y="4" advance="16" rect_w="10" id=" " rect_x="1" rect_y="31" rect_h="8"/>
  <char offset_x="-5" offset_y="33" advance="27" rect_w="32" id="$" rect_x="12" rect_y="2" rect_h="37"/>
  <char offset_x="-6" offset_y="34" advance="18" rect_w="26" id="*" rect_x="45" rect_y="1" rect_h="24"/>
  <char offset_x="-5" offset_y="28" advance="22" rect_w="27" id="+" rect_x="72" rect_y="7" rect_h="27"/>
  <char offset_x="-5" offset_y="11" advance="12" rect_w="17" id="," rect_x="100" rect_y="24" rect_h="21"/>
  <char offset_x="-5" offset_y="11" advance="11" rect_w="16" id="." rect_x="118" rect_y="24" rect_h="15"/>
  <char offset_x="-7" offset_y="33" advance="20" rect_w="28" id="/" rect_x="135" rect_y="2" rect_h="37"/>
  <char offset_x="-5" offset_y="33" advance="29" rect_w="34" id="0" rect_x="164" rect_y="2" rect_h="37"/>
  <char offset_x="-6" offset_y="33" advance="16" rect_w="22" id="1" rect_x="199" rect_y="2" rect_h="37"/>
  <char offset_x="-5" offset_y="33" advance="29" rect_w="34" id="2" rect_x="1" rect_y="46" rect_h="37"/>
  <char offset_x="-5" offset_y="33" advance="30" rect_w="35" id="3" rect_x="36" rect_y="46" rect_h="37"/>
  <char offset_x="-5" offset_y="33" advance="29" rect_w="34" id="4" rect_x="72" rect_y="46" rect_h="37"/>
  <char offset_x="-5" offset_y="33" advance="27" rect_w="32" id="5" rect_x="107" rect_y="46" rect_h="37"/>
  <char offset_x="-5" offset_y="33" advance="28" rect_w="33" id="6" rect_x="140" rect_y="46" rect_h="37"/>
  <char offset_x="-5" offset_y="33" advance="28" rect_w="33" id="7" rect_x="174" rect_y="46" rect_h="37"/>
  <char offset_x="-5" offset_y="33" advance="30" rect_w="35" id="8" rect_x="208" rect_y="46" rect_h="37"/>
  <char offset_x="-5" offset_y="33" advance="28" rect_w="33" id="9" rect_x="1" rect_y="84" rect_h="37"/>
  <char offset_x="-5" offset_y="28" advance="22" rect_w="27" id="=" rect_x="35" rect_y="89" rect_h="26"/>
  <char offset_x="-5" offset_y="4" advance="5" rect_w="10" id="_" rect_x="63" rect_y="113" rect_h="8"/>
  <char offset_x="-7" offset_y="27" advance="26" rect_w="34" id="x" rect_x="74" rect_y="90" rect_h="31"/>
  <char offset_x="-5" offset_y="32" advance="25" rect_w="30" id="¢" rect_x="109" rect_y="85" rect_h="36"/>
  <char offset_x="-5" offset_y="33" advance="26" rect_w="31" id="£" rect_x="140" rect_y="84" rect_h="37"/>
  <char offset_x="-5" offset_y="33" advance="26" rect_w="31" id="₤" rect_x="172" rect_y="84" rect_h="37"/>
  <char offset_x="-6" offset_y="33" advance="26" rect_w="32" id="€" rect_x="204" rect_y="84" rect_h="37"/>
 </chars>
</font>
