<?xml version="1.0" encoding="utf-8"?>
<font type="NGL">
 <description size="40" family="AlleyOop" style="Regular"/>
 <metrics ascender="30" height="37" descender="-10"/>
 <texture width="256" height="256" file="LiveGlass/seepays_wins_big1.png"/>
 <chars>
  <char offset_x="-10" offset_y="10" advance="13" rect_w="20" id=" " rect_x="1" rect_y="34" rect_h="20"/>
  <char offset_x="-9" offset_y="43" advance="24" rect_w="40" id="$" rect_x="22" rect_y="1" rect_h="58"/>
  <char offset_x="-10" offset_y="38" advance="15" rect_w="33" id="*" rect_x="63" rect_y="6" rect_h="32"/>
  <char offset_x="-8" offset_y="35" advance="28" rect_w="41" id="+" rect_x="97" rect_y="9" rect_h="41"/>
  <char offset_x="-11" offset_y="16" advance="10" rect_w="29" id="," rect_x="139" rect_y="28" rect_h="30"/>
  <char offset_x="-9" offset_y="16" advance="10" rect_w="26" id="." rect_x="169" rect_y="28" rect_h="26"/>
  <char offset_x="-8" offset_y="38" advance="26" rect_w="40" id="0" rect_x="196" rect_y="6" rect_h="48"/>
  <char offset_x="-9" offset_y="38" advance="26" rect_w="41" id="1" rect_x="1" rect_y="60" rect_h="48"/>
  <char offset_x="-8" offset_y="38" advance="26" rect_w="40" id="2" rect_x="43" rect_y="60" rect_h="48"/>
  <char offset_x="-8" offset_y="38" advance="26" rect_w="40" id="3" rect_x="84" rect_y="60" rect_h="48"/>
  <char offset_x="-9" offset_y="38" advance="26" rect_w="41" id="4" rect_x="125" rect_y="60" rect_h="48"/>
  <char offset_x="-8" offset_y="38" advance="26" rect_w="40" id="5" rect_x="167" rect_y="60" rect_h="48"/>
  <char offset_x="-8" offset_y="38" advance="26" rect_w="40" id="6" rect_x="208" rect_y="60" rect_h="48"/>
  <char offset_x="-8" offset_y="38" advance="26" rect_w="40" id="7" rect_x="1" rect_y="109" rect_h="48"/>
  <char offset_x="-8" offset_y="38" advance="26" rect_w="40" id="8" rect_x="42" rect_y="109" rect_h="48"/>
  <char offset_x="-8" offset_y="38" advance="26" rect_w="40" id="9" rect_x="83" rect_y="109" rect_h="48"/>
  <char offset_x="-10" offset_y="27" advance="29" rect_w="47" id="=" rect_x="124" rect_y="120" rect_h="31"/>
  <char offset_x="-10" offset_y="10" advance="8" rect_w="20" id="_" rect_x="172" rect_y="137" rect_h="20"/>
  <char offset_x="-10" offset_y="38" advance="25" rect_w="44" id="x" rect_x="193" rect_y="109" rect_h="48"/>
  <char offset_x="-10" offset_y="42" advance="26" rect_w="40" id="¢" rect_x="1" rect_y="158" rect_h="52"/>
  <char offset_x="-9" offset_y="38" advance="26" rect_w="42" id="£" rect_x="42" rect_y="162" rect_h="48"/>
  <char offset_x="-10" offset_y="38" advance="25" rect_w="42" id="₤" rect_x="85" rect_y="162" rect_h="48"/>
  <char offset_x="-6" offset_y="38" advance="26" rect_w="36" id="€" rect_x="128" rect_y="162" rect_h="48"/>
 </chars>
</font>
