<?xml version="1.0" encoding="utf-8"?>
<font type="NGL">
 <description size="18" family="AlleyOop" style="Regular"/>
 <metrics ascender="14" height="15" descender="-5"/>
 <texture width="256" height="128" file="LiveGlass/seepays_wins2.png"/>
 <chars>
  <char offset_x="-10" offset_y="10" advance="7" rect_w="20" id=" " rect_x="1" rect_y="16" rect_h="20"/>
  <char offset_x="-9" offset_y="25" advance="12" rect_w="29" id="$" rect_x="22" rect_y="1" rect_h="37"/>
  <char offset_x="-10" offset_y="23" advance="8" rect_w="27" id="*" rect_x="52" rect_y="3" rect_h="26"/>
  <char offset_x="-9" offset_y="22" advance="14" rect_w="30" id="+" rect_x="80" rect_y="4" rect_h="30"/>
  <char offset_x="-11" offset_y="13" advance="6" rect_w="25" id="," rect_x="111" rect_y="13" rect_h="25"/>
  <char offset_x="-9" offset_y="13" advance="6" rect_w="23" id="." rect_x="137" rect_y="13" rect_h="23"/>
  <char offset_x="-9" offset_y="23" advance="13" rect_w="29" id="0" rect_x="161" rect_y="3" rect_h="33"/>
  <char offset_x="-9" offset_y="23" advance="13" rect_w="29" id="1" rect_x="191" rect_y="3" rect_h="33"/>
  <char offset_x="-9" offset_y="23" advance="13" rect_w="29" id="2" rect_x="222" rect_y="3" rect_h="33"/>
  <char offset_x="-9" offset_y="23" advance="13" rect_w="29" id="3" rect_x="1" rect_y="39" rect_h="33"/>
  <char offset_x="-9" offset_y="23" advance="13" rect_w="29" id="4" rect_x="31" rect_y="39" rect_h="33"/>
  <char offset_x="-9" offset_y="23" advance="13" rect_w="29" id="5" rect_x="61" rect_y="39" rect_h="33"/>
  <char offset_x="-9" offset_y="23" advance="12" rect_w="29" id="6" rect_x="91" rect_y="39" rect_h="33"/>
  <char offset_x="-9" offset_y="23" advance="13" rect_w="29" id="7" rect_x="121" rect_y="39" rect_h="33"/>
  <char offset_x="-9" offset_y="23" advance="13" rect_w="29" id="8" rect_x="151" rect_y="39" rect_h="33"/>
  <char offset_x="-9" offset_y="23" advance="13" rect_w="29" id="9" rect_x="181" rect_y="39" rect_h="33"/>
  <char offset_x="-10" offset_y="18" advance="14" rect_w="32" id="=" rect_x="211" rect_y="44" rect_h="25"/>
  <char offset_x="-10" offset_y="10" advance="5" rect_w="20" id="_" rect_x="1" rect_y="88" rect_h="20"/>
  <char offset_x="-10" offset_y="23" advance="13" rect_w="31" id="x" rect_x="22" rect_y="75" rect_h="33"/>
  <char offset_x="-10" offset_y="25" advance="13" rect_w="29" id="¢" rect_x="54" rect_y="73" rect_h="35"/>
  <char offset_x="-9" offset_y="23" advance="14" rect_w="30" id="£" rect_x="84" rect_y="75" rect_h="33"/>
  <char offset_x="-10" offset_y="23" advance="13" rect_w="30" id="₤" rect_x="115" rect_y="75" rect_h="33"/>
  <char offset_x="-8" offset_y="23" advance="13" rect_w="27" id="€" rect_x="146" rect_y="75" rect_h="33"/>
 </chars>
</font>
