<?xml version="1.0" encoding="utf-8"?>
<font type="NGL">
 <description size="16" family="AlleyOop" style="Regular"/>
 <metrics ascender="12" height="13" descender="-4"/>
 <texture width="512" height="512" file="LiveGlass/text.png"/>
 <chars>
  <char offset_x="-10" offset_y="10" advance="4" rect_w="20" id=" " rect_x="1" rect_y="14" rect_h="20"/>
  <char offset_x="-10" offset_y="21" advance="5" rect_w="25" id="!" rect_x="22" rect_y="3" rect_h="32"/>
  <char offset_x="-9" offset_y="23" advance="10" rect_w="28" id="$" rect_x="48" rect_y="1" rect_h="35"/>
  <char offset_x="-9" offset_y="21" advance="11" rect_w="30" id="&amp;" rect_x="77" rect_y="3" rect_h="31"/>
  <char offset_x="-10" offset_y="22" advance="3" rect_w="23" id="'" rect_x="108" rect_y="2" rect_h="25"/>
  <char offset_x="-9" offset_y="21" advance="7" rect_w="25" id="(" rect_x="132" rect_y="3" rect_h="35"/>
  <char offset_x="-10" offset_y="21" advance="6" rect_w="26" id=")" rect_x="158" rect_y="3" rect_h="35"/>
  <char offset_x="-11" offset_y="21" advance="5" rect_w="26" id="*" rect_x="185" rect_y="3" rect_h="25"/>
  <char offset_x="-9" offset_y="19" advance="11" rect_w="29" id="+" rect_x="212" rect_y="5" rect_h="28"/>
  <char offset_x="-11" offset_y="12" advance="3" rect_w="25" id="," rect_x="242" rect_y="12" rect_h="24"/>
  <char offset_x="-9" offset_y="15" advance="7" rect_w="25" id="-" rect_x="268" rect_y="9" rect_h="22"/>
  <char offset_x="-9" offset_y="13" advance="4" rect_w="23" id="." rect_x="294" rect_y="11" rect_h="23"/>
  <char offset_x="-10" offset_y="21" advance="6" rect_w="27" id="/" rect_x="318" rect_y="3" rect_h="31"/>
  <char offset_x="-9" offset_y="21" advance="10" rect_w="28" id="0" rect_x="346" rect_y="3" rect_h="31"/>
  <char offset_x="-10" offset_y="21" advance="9" rect_w="29" id="1" rect_x="375" rect_y="3" rect_h="31"/>
  <char offset_x="-9" offset_y="21" advance="10" rect_w="28" id="2" rect_x="405" rect_y="3" rect_h="31"/>
  <char offset_x="-9" offset_y="21" advance="10" rect_w="28" id="3" rect_x="434" rect_y="3" rect_h="31"/>
  <char offset_x="-9" offset_y="21" advance="10" rect_w="28" id="4" rect_x="463" rect_y="3" rect_h="31"/>
  <char offset_x="-9" offset_y="21" advance="10" rect_w="28" id="5" rect_x="1" rect_y="39" rect_h="31"/>
  <char offset_x="-9" offset_y="21" advance="10" rect_w="28" id="6" rect_x="30" rect_y="39" rect_h="31"/>
  <char offset_x="-9" offset_y="21" advance="10" rect_w="28" id="7" rect_x="59" rect_y="39" rect_h="31"/>
  <char offset_x="-9" offset_y="21" advance="10" rect_w="28" id="8" rect_x="88" rect_y="39" rect_h="31"/>
  <char offset_x="-9" offset_y="21" advance="10" rect_w="28" id="9" rect_x="117" rect_y="39" rect_h="31"/>
  <char offset_x="-9" offset_y="18" advance="4" rect_w="23" id=":" rect_x="146" rect_y="42" rect_h="28"/>
  <char offset_x="-10" offset_y="16" advance="6" rect_w="26" id=";" rect_x="170" rect_y="44" rect_h="28"/>
  <char offset_x="-10" offset_y="17" advance="11" rect_w="31" id="=" rect_x="197" rect_y="43" rect_h="25"/>
  <char offset_x="-10" offset_y="21" advance="14" rect_w="33" id="@" rect_x="229" rect_y="39" rect_h="33"/>
  <char offset_x="-10" offset_y="21" advance="10" rect_w="30" id="A" rect_x="263" rect_y="39" rect_h="31"/>
  <char offset_x="-10" offset_y="21" advance="10" rect_w="29" id="B" rect_x="294" rect_y="39" rect_h="31"/>
  <char offset_x="-9" offset_y="21" advance="10" rect_w="29" id="C" rect_x="324" rect_y="39" rect_h="31"/>
  <char offset_x="-10" offset_y="21" advance="10" rect_w="29" id="D" rect_x="354" rect_y="39" rect_h="31"/>
  <char offset_x="-10" offset_y="21" advance="9" rect_w="28" id="E" rect_x="384" rect_y="39" rect_h="31"/>
  <char offset_x="-10" offset_y="21" advance="9" rect_w="29" id="F" rect_x="413" rect_y="39" rect_h="31"/>
  <char offset_x="-9" offset_y="21" advance="10" rect_w="28" id="G" rect_x="443" rect_y="39" rect_h="31"/>
  <char offset_x="-10" offset_y="21" advance="10" rect_w="30" id="H" rect_x="472" rect_y="39" rect_h="31"/>
  <char offset_x="-10" offset_y="21" advance="5" rect_w="25" id="I" rect_x="1" rect_y="73" rect_h="31"/>
  <char offset_x="-9" offset_y="21" advance="9" rect_w="28" id="J" rect_x="27" rect_y="73" rect_h="31"/>
  <char offset_x="-10" offset_y="21" advance="10" rect_w="30" id="K" rect_x="56" rect_y="73" rect_h="31"/>
  <char offset_x="-10" offset_y="21" advance="9" rect_w="29" id="L" rect_x="87" rect_y="73" rect_h="31"/>
  <char offset_x="-10" offset_y="21" advance="13" rect_w="33" id="M" rect_x="117" rect_y="73" rect_h="31"/>
  <char offset_x="-10" offset_y="21" advance="11" rect_w="31" id="N" rect_x="151" rect_y="73" rect_h="31"/>
  <char offset_x="-9" offset_y="21" advance="10" rect_w="28" id="O" rect_x="183" rect_y="73" rect_h="31"/>
  <char offset_x="-10" offset_y="21" advance="10" rect_w="29" id="P" rect_x="212" rect_y="73" rect_h="31"/>
  <char offset_x="-9" offset_y="21" advance="10" rect_w="28" id="Q" rect_x="242" rect_y="73" rect_h="33"/>
  <char offset_x="-10" offset_y="21" advance="10" rect_w="30" id="R" rect_x="271" rect_y="73" rect_h="31"/>
  <char offset_x="-9" offset_y="21" advance="10" rect_w="28" id="S" rect_x="302" rect_y="73" rect_h="31"/>
  <char offset_x="-10" offset_y="21" advance="11" rect_w="31" id="T" rect_x="331" rect_y="73" rect_h="31"/>
  <char offset_x="-10" offset_y="21" advance="10" rect_w="30" id="U" rect_x="363" rect_y="73" rect_h="31"/>
  <char offset_x="-10" offset_y="21" advance="10" rect_w="30" id="V" rect_x="394" rect_y="73" rect_h="31"/>
  <char offset_x="-10" offset_y="21" advance="15" rect_w="35" id="W" rect_x="425" rect_y="73" rect_h="31"/>
  <char offset_x="-10" offset_y="21" advance="9" rect_w="30" id="X" rect_x="461" rect_y="73" rect_h="31"/>
  <char offset_x="-10" offset_y="21" advance="9" rect_w="29" id="Y" rect_x="1" rect_y="107" rect_h="31"/>
  <char offset_x="-9" offset_y="21" advance="10" rect_w="28" id="Z" rect_x="31" rect_y="107" rect_h="31"/>
  <char offset_x="-10" offset_y="10" advance="2" rect_w="20" id="_" rect_x="60" rect_y="118" rect_h="20"/>
  <char offset_x="-10" offset_y="21" advance="10" rect_w="30" id="a" rect_x="81" rect_y="107" rect_h="31"/>
  <char offset_x="-10" offset_y="21" advance="10" rect_w="29" id="b" rect_x="112" rect_y="107" rect_h="31"/>
  <char offset_x="-9" offset_y="21" advance="10" rect_w="29" id="c" rect_x="142" rect_y="107" rect_h="31"/>
  <char offset_x="-10" offset_y="21" advance="10" rect_w="29" id="d" rect_x="172" rect_y="107" rect_h="31"/>
  <char offset_x="-10" offset_y="21" advance="9" rect_w="28" id="e" rect_x="202" rect_y="107" rect_h="31"/>
  <char offset_x="-10" offset_y="21" advance="9" rect_w="29" id="f" rect_x="231" rect_y="107" rect_h="31"/>
  <char offset_x="-9" offset_y="21" advance="10" rect_w="28" id="g" rect_x="261" rect_y="107" rect_h="31"/>
  <char offset_x="-10" offset_y="21" advance="10" rect_w="30" id="h" rect_x="290" rect_y="107" rect_h="31"/>
  <char offset_x="-10" offset_y="21" advance="5" rect_w="25" id="i" rect_x="321" rect_y="107" rect_h="31"/>
  <char offset_x="-9" offset_y="21" advance="9" rect_w="28" id="j" rect_x="347" rect_y="107" rect_h="31"/>
  <char offset_x="-10" offset_y="21" advance="10" rect_w="30" id="k" rect_x="376" rect_y="107" rect_h="31"/>
  <char offset_x="-10" offset_y="21" advance="9" rect_w="29" id="l" rect_x="407" rect_y="107" rect_h="31"/>
  <char offset_x="-10" offset_y="21" advance="13" rect_w="33" id="m" rect_x="437" rect_y="107" rect_h="31"/>
  <char offset_x="-10" offset_y="21" advance="11" rect_w="31" id="n" rect_x="471" rect_y="107" rect_h="31"/>
  <char offset_x="-9" offset_y="21" advance="10" rect_w="28" id="o" rect_x="1" rect_y="141" rect_h="31"/>
  <char offset_x="-10" offset_y="21" advance="10" rect_w="29" id="p" rect_x="30" rect_y="141" rect_h="31"/>
  <char offset_x="-9" offset_y="21" advance="10" rect_w="28" id="q" rect_x="60" rect_y="141" rect_h="33"/>
  <char offset_x="-10" offset_y="21" advance="10" rect_w="30" id="r" rect_x="89" rect_y="141" rect_h="31"/>
  <char offset_x="-9" offset_y="21" advance="10" rect_w="28" id="s" rect_x="120" rect_y="141" rect_h="31"/>
  <char offset_x="-10" offset_y="21" advance="11" rect_w="31" id="t" rect_x="149" rect_y="141" rect_h="31"/>
  <char offset_x="-10" offset_y="21" advance="10" rect_w="30" id="u" rect_x="181" rect_y="141" rect_h="31"/>
  <char offset_x="-10" offset_y="21" advance="10" rect_w="30" id="v" rect_x="212" rect_y="141" rect_h="31"/>
  <char offset_x="-10" offset_y="21" advance="15" rect_w="35" id="w" rect_x="243" rect_y="141" rect_h="31"/>
  <char offset_x="-10" offset_y="21" advance="9" rect_w="30" id="x" rect_x="279" rect_y="141" rect_h="31"/>
  <char offset_x="-10" offset_y="21" advance="9" rect_w="29" id="y" rect_x="310" rect_y="141" rect_h="31"/>
  <char offset_x="-9" offset_y="21" advance="10" rect_w="28" id="z" rect_x="340" rect_y="141" rect_h="31"/>
  <char offset_x="-10" offset_y="23" advance="10" rect_w="29" id="¢" rect_x="369" rect_y="139" rect_h="33"/>
  <char offset_x="-9" offset_y="21" advance="11" rect_w="29" id="£" rect_x="399" rect_y="141" rect_h="31"/>
  <char offset_x="-9" offset_y="22" advance="8" rect_w="27" id="«" rect_x="429" rect_y="140" rect_h="28"/>
  <char offset_x="-9" offset_y="22" advance="8" rect_w="27" id="»" rect_x="457" rect_y="140" rect_h="28"/>
  <char offset_x="-10" offset_y="24" advance="10" rect_w="30" id="À" rect_x="1" rect_y="175" rect_h="34"/>
  <char offset_x="-10" offset_y="24" advance="10" rect_w="30" id="Á" rect_x="32" rect_y="175" rect_h="34"/>
  <char offset_x="-10" offset_y="24" advance="10" rect_w="30" id="Â" rect_x="63" rect_y="175" rect_h="34"/>
  <char offset_x="-10" offset_y="24" advance="10" rect_w="30" id="Ã" rect_x="94" rect_y="175" rect_h="34"/>
  <char offset_x="-10" offset_y="24" advance="9" rect_w="30" id="Ä" rect_x="125" rect_y="175" rect_h="34"/>
  <char offset_x="-9" offset_y="21" advance="10" rect_w="29" id="Ç" rect_x="156" rect_y="178" rect_h="34"/>
  <char offset_x="-10" offset_y="24" advance="9" rect_w="28" id="È" rect_x="186" rect_y="175" rect_h="34"/>
  <char offset_x="-10" offset_y="24" advance="9" rect_w="28" id="É" rect_x="215" rect_y="175" rect_h="34"/>
  <char offset_x="-10" offset_y="24" advance="9" rect_w="28" id="Ê" rect_x="244" rect_y="175" rect_h="34"/>
  <char offset_x="-10" offset_y="24" advance="9" rect_w="28" id="Ë" rect_x="273" rect_y="175" rect_h="34"/>
  <char offset_x="-10" offset_y="24" advance="5" rect_w="25" id="Ì" rect_x="302" rect_y="175" rect_h="34"/>
  <char offset_x="-10" offset_y="24" advance="5" rect_w="25" id="Í" rect_x="328" rect_y="175" rect_h="34"/>
  <char offset_x="-10" offset_y="24" advance="5" rect_w="25" id="Î" rect_x="354" rect_y="175" rect_h="34"/>
  <char offset_x="-10" offset_y="24" advance="5" rect_w="26" id="Ï" rect_x="380" rect_y="175" rect_h="34"/>
  <char offset_x="-10" offset_y="24" advance="11" rect_w="31" id="Ñ" rect_x="407" rect_y="175" rect_h="34"/>
  <char offset_x="-9" offset_y="24" advance="10" rect_w="28" id="Ó" rect_x="439" rect_y="175" rect_h="34"/>
  <char offset_x="-9" offset_y="24" advance="10" rect_w="28" id="Ô" rect_x="468" rect_y="175" rect_h="34"/>
  <char offset_x="-9" offset_y="24" advance="10" rect_w="28" id="Õ" rect_x="1" rect_y="213" rect_h="34"/>
  <char offset_x="-9" offset_y="24" advance="10" rect_w="28" id="Ö" rect_x="30" rect_y="213" rect_h="34"/>
  <char offset_x="-10" offset_y="24" advance="10" rect_w="30" id="Ù" rect_x="59" rect_y="213" rect_h="34"/>
  <char offset_x="-10" offset_y="24" advance="10" rect_w="30" id="Ú" rect_x="90" rect_y="213" rect_h="34"/>
  <char offset_x="-10" offset_y="24" advance="10" rect_w="30" id="Û" rect_x="121" rect_y="213" rect_h="34"/>
  <char offset_x="-10" offset_y="24" advance="10" rect_w="30" id="Ü" rect_x="152" rect_y="213" rect_h="34"/>
  <char offset_x="-10" offset_y="24" advance="9" rect_w="29" id="Ý" rect_x="183" rect_y="213" rect_h="34"/>
  <char offset_x="-10" offset_y="21" advance="10" rect_w="29" id="ß" rect_x="213" rect_y="216" rect_h="32"/>
  <char offset_x="-10" offset_y="24" advance="10" rect_w="30" id="à" rect_x="243" rect_y="213" rect_h="34"/>
  <char offset_x="-10" offset_y="24" advance="10" rect_w="30" id="á" rect_x="274" rect_y="213" rect_h="34"/>
  <char offset_x="-10" offset_y="24" advance="10" rect_w="30" id="â" rect_x="305" rect_y="213" rect_h="34"/>
  <char offset_x="-10" offset_y="24" advance="10" rect_w="30" id="ã" rect_x="336" rect_y="213" rect_h="34"/>
  <char offset_x="-10" offset_y="24" advance="9" rect_w="30" id="ä" rect_x="367" rect_y="213" rect_h="34"/>
  <char offset_x="-9" offset_y="21" advance="10" rect_w="29" id="ç" rect_x="398" rect_y="216" rect_h="34"/>
  <char offset_x="-10" offset_y="24" advance="9" rect_w="28" id="è" rect_x="428" rect_y="213" rect_h="34"/>
  <char offset_x="-10" offset_y="24" advance="9" rect_w="28" id="é" rect_x="457" rect_y="213" rect_h="34"/>
  <char offset_x="-10" offset_y="24" advance="9" rect_w="28" id="ê" rect_x="1" rect_y="251" rect_h="34"/>
  <char offset_x="-10" offset_y="24" advance="9" rect_w="28" id="ë" rect_x="30" rect_y="251" rect_h="34"/>
  <char offset_x="-10" offset_y="24" advance="5" rect_w="25" id="ì" rect_x="59" rect_y="251" rect_h="34"/>
  <char offset_x="-10" offset_y="24" advance="5" rect_w="25" id="í" rect_x="85" rect_y="251" rect_h="34"/>
  <char offset_x="-10" offset_y="24" advance="5" rect_w="26" id="î" rect_x="111" rect_y="251" rect_h="34"/>
  <char offset_x="-10" offset_y="24" advance="5" rect_w="25" id="ï" rect_x="138" rect_y="251" rect_h="34"/>
  <char offset_x="-10" offset_y="24" advance="11" rect_w="31" id="ñ" rect_x="164" rect_y="251" rect_h="34"/>
  <char offset_x="-9" offset_y="24" advance="10" rect_w="28" id="ó" rect_x="196" rect_y="251" rect_h="34"/>
  <char offset_x="-9" offset_y="24" advance="10" rect_w="28" id="ô" rect_x="225" rect_y="251" rect_h="34"/>
  <char offset_x="-9" offset_y="24" advance="10" rect_w="28" id="õ" rect_x="254" rect_y="251" rect_h="34"/>
  <char offset_x="-9" offset_y="24" advance="10" rect_w="28" id="ö" rect_x="283" rect_y="251" rect_h="34"/>
  <char offset_x="-10" offset_y="24" advance="10" rect_w="30" id="ù" rect_x="312" rect_y="251" rect_h="34"/>
  <char offset_x="-10" offset_y="24" advance="10" rect_w="30" id="ú" rect_x="343" rect_y="251" rect_h="34"/>
  <char offset_x="-10" offset_y="24" advance="10" rect_w="30" id="û" rect_x="374" rect_y="251" rect_h="34"/>
  <char offset_x="-10" offset_y="24" advance="10" rect_w="30" id="ü" rect_x="405" rect_y="251" rect_h="34"/>
  <char offset_x="-10" offset_y="24" advance="9" rect_w="29" id="ý" rect_x="436" rect_y="251" rect_h="34"/>
  <char offset_x="-11" offset_y="24" advance="8" rect_w="29" id="ÿ" rect_x="466" rect_y="251" rect_h="34"/>
  <char offset_x="-9" offset_y="24" advance="10" rect_w="29" id="Č" rect_x="1" rect_y="286" rect_h="34"/>
  <char offset_x="-9" offset_y="24" advance="10" rect_w="29" id="č" rect_x="31" rect_y="286" rect_h="34"/>
  <char offset_x="-10" offset_y="24" advance="10" rect_w="29" id="Ď" rect_x="61" rect_y="286" rect_h="34"/>
  <char offset_x="-10" offset_y="22" advance="12" rect_w="31" id="ď" rect_x="91" rect_y="288" rect_h="32"/>
  <char offset_x="-10" offset_y="24" advance="9" rect_w="28" id="Ě" rect_x="123" rect_y="286" rect_h="34"/>
  <char offset_x="-10" offset_y="24" advance="9" rect_w="28" id="ě" rect_x="152" rect_y="286" rect_h="34"/>
  <char offset_x="-10" offset_y="24" advance="11" rect_w="31" id="Ň" rect_x="181" rect_y="286" rect_h="34"/>
  <char offset_x="-10" offset_y="24" advance="11" rect_w="31" id="ň" rect_x="213" rect_y="286" rect_h="34"/>
  <char offset_x="-10" offset_y="24" advance="10" rect_w="30" id="Ř" rect_x="245" rect_y="286" rect_h="34"/>
  <char offset_x="-10" offset_y="24" advance="10" rect_w="30" id="ř" rect_x="276" rect_y="286" rect_h="34"/>
  <char offset_x="-9" offset_y="24" advance="10" rect_w="28" id="Š" rect_x="307" rect_y="286" rect_h="34"/>
  <char offset_x="-9" offset_y="24" advance="10" rect_w="28" id="š" rect_x="336" rect_y="286" rect_h="34"/>
  <char offset_x="-10" offset_y="24" advance="11" rect_w="31" id="Ť" rect_x="365" rect_y="286" rect_h="34"/>
  <char offset_x="-10" offset_y="22" advance="13" rect_w="33" id="ť" rect_x="397" rect_y="288" rect_h="32"/>
  <char offset_x="-10" offset_y="24" advance="10" rect_w="30" id="Ů" rect_x="431" rect_y="286" rect_h="34"/>
  <char offset_x="-10" offset_y="24" advance="10" rect_w="30" id="ů" rect_x="462" rect_y="286" rect_h="34"/>
  <char offset_x="-11" offset_y="24" advance="8" rect_w="29" id="Ÿ" rect_x="1" rect_y="321" rect_h="34"/>
  <char offset_x="-9" offset_y="24" advance="10" rect_w="28" id="Ž" rect_x="31" rect_y="321" rect_h="34"/>
  <char offset_x="-9" offset_y="24" advance="10" rect_w="28" id="ž" rect_x="60" rect_y="321" rect_h="34"/>
  <char offset_x="-10" offset_y="17" advance="11" rect_w="31" id="–" rect_x="89" rect_y="328" rect_h="22"/>
  <char offset_x="-9" offset_y="20" advance="8" rect_w="26" id="“" rect_x="121" rect_y="325" rect_h="24"/>
  <char offset_x="-9" offset_y="20" advance="8" rect_w="26" id="”" rect_x="148" rect_y="325" rect_h="24"/>
  <char offset_x="-8" offset_y="19" advance="6" rect_w="23" id="•" rect_x="175" rect_y="326" rect_h="23"/>
  <char offset_x="-10" offset_y="21" advance="10" rect_w="29" id="₤" rect_x="199" rect_y="324" rect_h="31"/>
  <char offset_x="-9" offset_y="21" advance="9" rect_w="27" id="€" rect_x="229" rect_y="324" rect_h="31"/>
 </chars>
</font>
