<animation xmlns="http://www.atsisa.com/gox/gamelogic/animations"
           xmlns:xsi="http://www.w3.org/2001/XMLSchema-instance"
           xsi:schemaLocation="http://www.atsisa.com/gox/gamelogic/animations">>
    <winAnimations>

        <!--JACK-->
        <winAnimation winDescriptorId="0" name="Long"/>
        <winAnimation winDescriptorId="1" name="Long"/>
        <winAnimation winDescriptorId="2" name="Short"/>

        <winAnimation winDescriptorId="3" name="Long"/>
        <winAnimation winDescriptorId="4" name="Long"/>
        <winAnimation winDescriptorId="5" name="Short"/>

        <winAnimation winDescriptorId="6" name="Long"/>
        <winAnimation winDescriptorId="7" name="Long"/>
        <winAnimation winDescriptorId="8" name="Short"/>

        <winAnimation winDescriptorId="9" name="Long"/>
        <winAnimation winDescriptorId="10" name="Long"/>
        <winAnimation winDescriptorId="11" name="Short"/>
        <winAnimation winDescriptorId="12" name="Short"/>

        <winAnimation winDescriptorId="13" name="Long"/>
        <winAnimation winDescriptorId="14" name="Long"/>
        <winAnimation winDescriptorId="15" name="Short"/>
        <winAnimation winDescriptorId="16" name="Short"/>

        <winAnimation winDescriptorId="17" name="Long"/>
        <winAnimation winDescriptorId="18" name="Long"/>
        <winAnimation winDescriptorId="19" name="Short"/>
        <winAnimation winDescriptorId="20" name="Short"/>

        <!--CLEOPATRA-->
        <winAnimation winDescriptorId="21" name="Long"/>
        <winAnimation winDescriptorId="22" name="Long"/>
        <winAnimation winDescriptorId="23" name="Short"/>
        <winAnimation winDescriptorId="24" name="Short"/>

        <winAnimation winDescriptorId="25" name="Long"/>
        <winAnimation winDescriptorId="26" name="Long"/>
        <winAnimation winDescriptorId="27" name="Short"/>

        <winAnimation winDescriptorId="28" name="Long"/>
        <winAnimation winDescriptorId="29" name="Long"/>
        <winAnimation winDescriptorId="30" name="Long"/>

        <winAnimation winDescriptorId="31" name="Long"/>
        <winAnimation winDescriptorId="32" name="Long"/>
        <winAnimation winDescriptorId="33" name="Short"/>
        <winAnimation winDescriptorId="34" name="Short"/>

    </winAnimations>
</animation>