<extendedSymbols xmlns="http://www.atsisa.com/gox/gamelogic/extendedSymbols">
    <extendedSymbolDescriptors>
        <extendedSymbolDescriptor>
            <symbol id="8" name="Ten" type="ExtendedSymbol"/>
            <animationName>Long</animationName>
            <soundName>WinCount0</soundName>
        </extendedSymbolDescriptor>
        <extendedSymbolDescriptor>
            <symbol id="7" name="Jack" type="ExtendedSymbol"/>
            <animationName>Long</animationName>
            <soundName>WinCount0</soundName>
        </extendedSymbolDescriptor>
        <extendedSymbolDescriptor>
            <symbol id="6" name="Queen" type="ExtendedSymbol"/>
            <animationName>Long</animationName>
            <soundName>WinCount0</soundName>
        </extendedSymbolDescriptor>
        <extendedSymbolDescriptor>
            <symbol id="5" name="King" type="ExtendedSymbol"/>
            <animationName>Long</animationName>
            <soundName>WinCount0</soundName>
        </extendedSymbolDescriptor>
        <extendedSymbolDescriptor>
            <symbol id="4" name="Ace" type="ExtendedSymbol"/>
            <animationName>Long</animationName>
            <soundName>WinCount0</soundName>
        </extendedSymbolDescriptor>
        <extendedSymbolDescriptor>
            <symbol id="3" name="Bracelet" type="ExtendedSymbol"/>
            <animationName>Long</animationName>
            <soundName>WinCount0</soundName>
        </extendedSymbolDescriptor>
        <extendedSymbolDescriptor>
            <symbol id="2" name="Necklace" type="ExtendedSymbol"/>
            <animationName>Long</animationName>
            <soundName>WinCount0</soundName>
        </extendedSymbolDescriptor>
        <extendedSymbolDescriptor>
            <symbol id="1" name="Griffin" type="ExtendedSymbol"/>
            <animationName>Long</animationName>
            <soundName>WinCount0</soundName>
        </extendedSymbolDescriptor>
        <extendedSymbolDescriptor>
            <symbol id="0" name="Cleopatra" type="ExtendedSymbol"/>
            <animationName>Long</animationName>
            <soundName>WinCount0</soundName>
        </extendedSymbolDescriptor>
    </extendedSymbolDescriptors>
</extendedSymbols>