<freeGames xmlns="http://www.atsisa.com/gox/gamelogic/freeGames">
    <freeGameTriggerDescriptors>

        <freeGameTriggerDescriptor>
            <winId>28</winId>
            <freeGamesAmount>10</freeGamesAmount>
        </freeGameTriggerDescriptor>
        <freeGameTriggerDescriptor>
            <winId>29</winId>
            <freeGamesAmount>10</freeGamesAmount>
        </freeGameTriggerDescriptor>
        <freeGameTriggerDescriptor>
            <winId>30</winId>
            <freeGamesAmount>10</freeGamesAmount>
        </freeGameTriggerDescriptor>

<!--        <freeGameTriggerDescriptor>
            <winId>34</winId>
            <freeGamesAmount>1</freeGamesAmount>
        </freeGameTriggerDescriptor>-->

    </freeGameTriggerDescriptors>
</freeGames>