<linesModel xmlns:xsi="http://www.w3.org/2001/XMLSchema-instance"
       xmlns="http://www.atsisa.com/gox/gamelogic/linesModel"
       xsi:schemaLocation="http://www.atsisa.com/gox/gamelogic/linesModel">
    <lineDescriptors>
        <lineDescriptor id="1">
            <positions>
                <position reel="0" row="1" />
                <position reel="1" row="1" />
                <position reel="2" row="1" />
                <position reel="3" row="1" />
                <position reel="4" row="1" />
            </positions>
        </lineDescriptor>
        <lineDescriptor id="2">
            <positions>
                <position reel="0" row="0" />
                <position reel="1" row="0" />
                <position reel="2" row="0" />
                <position reel="3" row="0" />
                <position reel="4" row="0" />
            </positions>
        </lineDescriptor>
        <lineDescriptor id="3">
            <positions>
                <position reel="0" row="2" />
                <position reel="1" row="2" />
                <position reel="2" row="2" />
                <position reel="3" row="2" />
                <position reel="4" row="2" />
            </positions>
        </lineDescriptor>
        <lineDescriptor id="4">
            <positions>
                <position reel="0" row="0" />
                <position reel="1" row="1" />
                <position reel="2" row="2" />
                <position reel="3" row="1" />
                <position reel="4" row="0" />
            </positions>
        </lineDescriptor>
        <lineDescriptor id="5">
            <positions>
                <position reel="0" row="2" />
                <position reel="1" row="1" />
                <position reel="2" row="0" />
                <position reel="3" row="1" />
                <position reel="4" row="2" />
            </positions>
        </lineDescriptor>
        <lineDescriptor id="6">
            <positions>
                <position reel="0" row="1" />
                <position reel="1" row="2" />
                <position reel="2" row="2" />
                <position reel="3" row="2" />
                <position reel="4" row="1" />
            </positions>
        </lineDescriptor>
        <lineDescriptor id="7">
            <positions>
                <position reel="0" row="1" />
                <position reel="1" row="0" />
                <position reel="2" row="0" />
                <position reel="3" row="0" />
                <position reel="4" row="1" />
            </positions>
        </lineDescriptor>
        <lineDescriptor id="8">
            <positions>
                <position reel="0" row="2" />
                <position reel="1" row="2" />
                <position reel="2" row="1" />
                <position reel="3" row="0" />
                <position reel="4" row="0" />
            </positions>
        </lineDescriptor>
        <lineDescriptor id="9">
            <positions>
                <position reel="0" row="0" />
                <position reel="1" row="0" />
                <position reel="2" row="1" />
                <position reel="3" row="2" />
                <position reel="4" row="2" />
            </positions>
        </lineDescriptor>
        <lineDescriptor id="10">
            <positions>
                <position reel="0" row="2" />
                <position reel="1" row="1" />
                <position reel="2" row="1" />
                <position reel="3" row="1" />
                <position reel="4" row="0" />
            </positions>
        </lineDescriptor>
        <lineDescriptor id="11">
            <positions>
                <position reel="0" row="0" />
                <position reel="1" row="1" />
                <position reel="2" row="1" />
                <position reel="3" row="1" />
                <position reel="4" row="2" />
            </positions>
        </lineDescriptor>
        <lineDescriptor id="12">
            <positions>
                <position reel="0" row="1" />
                <position reel="1" row="0" />
                <position reel="2" row="1" />
                <position reel="3" row="2" />
                <position reel="4" row="1" />
            </positions>
        </lineDescriptor>

        <lineDescriptor id="13">
            <positions>
                <position reel="0" row="1" />
                <position reel="1" row="2" />
                <position reel="2" row="1" />
                <position reel="3" row="0" />
                <position reel="4" row="1" />
            </positions>
        </lineDescriptor>

        <lineDescriptor id="14">
            <positions>
                <position reel="0" row="0" />
                <position reel="1" row="1" />
                <position reel="2" row="0" />
                <position reel="3" row="1" />
                <position reel="4" row="0" />
            </positions>
        </lineDescriptor>

        <lineDescriptor id="15">
            <positions>
                <position reel="0" row="2" />
                <position reel="1" row="1" />
                <position reel="2" row="2" />
                <position reel="3" row="1" />
                <position reel="4" row="2" />
            </positions>
        </lineDescriptor>

        <lineDescriptor id="16">
            <positions>
                <position reel="0" row="1" />
                <position reel="1" row="1" />
                <position reel="2" row="0" />
                <position reel="3" row="1" />
                <position reel="4" row="1" />
            </positions>
        </lineDescriptor>

        <lineDescriptor id="17">
            <positions>
                <position reel="0" row="1" />
                <position reel="1" row="1" />
                <position reel="2" row="2" />
                <position reel="3" row="1" />
                <position reel="4" row="1" />
            </positions>
        </lineDescriptor>

        <lineDescriptor id="18">
            <positions>
                <position reel="0" row="0" />
                <position reel="1" row="2" />
                <position reel="2" row="0" />
                <position reel="3" row="2" />
                <position reel="4" row="0" />
            </positions>
        </lineDescriptor>

        <lineDescriptor id="19">
            <positions>
                <position reel="0" row="2" />
                <position reel="1" row="0" />
                <position reel="2" row="1" />
                <position reel="3" row="0" />
                <position reel="4" row="2" />
            </positions>
        </lineDescriptor>

        <lineDescriptor id="20">
            <positions>
                <position reel="0" row="2" />
                <position reel="1" row="0" />
                <position reel="2" row="1" />
                <position reel="3" row="0" />
                <position reel="4" row="2" />
            </positions>
        </lineDescriptor>

    </lineDescriptors>
</linesModel>