<payTable
        xmlns="http://www.atsisa.com/gox/gamelogic/payTable"
        xmlns:xsi="http://www.w3.org/2001/XMLSchema-instance"
        xsi:schemaLocation="http://www.atsisa.com/gox/gamelogic/payTable">
    <lineWinDescriptors>

        <!--JACK-->
        <lineWinDescriptor>
            <winDescriptor winId="0">
                <symbol id ="7" name="Jack" type="BaseSymbol"/>
                <symbolsAmount>5</symbolsAmount>
                <score>100</score>
            </winDescriptor>
            <winLineCombinationStyles>
                <winLineCombinationStyle>LeftToRight</winLineCombinationStyle>
            </winLineCombinationStyles>
        </lineWinDescriptor>

        <lineWinDescriptor>
            <winDescriptor winId="1">
                <symbol id ="7" name="Jack" type="BaseSymbol"/>
                <symbolsAmount>4</symbolsAmount>
                <score>30</score>
            </winDescriptor>
            <winLineCombinationStyles>
                <winLineCombinationStyle>LeftToRight</winLineCombinationStyle>
            </winLineCombinationStyles>
        </lineWinDescriptor>
        <lineWinDescriptor>
            <winDescriptor winId="2">
                <symbol id ="7" name="Jack" type="BaseSymbol"/>
                <symbolsAmount>3</symbolsAmount>
                <score>5</score>
            </winDescriptor>
            <winLineCombinationStyles>
                <winLineCombinationStyle>LeftToRight</winLineCombinationStyle>
            </winLineCombinationStyles>
        </lineWinDescriptor>

        <!--KING-->
        <lineWinDescriptor>
            <winDescriptor winId="3">
                <symbol id="5" name="King" type="BaseSymbol"/>
                <symbolsAmount>5</symbolsAmount>
                <score>150</score>
            </winDescriptor>
            <winLineCombinationStyles>
                <winLineCombinationStyle>LeftToRight</winLineCombinationStyle>
            </winLineCombinationStyles>
        </lineWinDescriptor>
        <lineWinDescriptor>
            <winDescriptor winId="4">
                <symbol id="5" name="King" type="BaseSymbol"/>
                <symbolsAmount>4</symbolsAmount>
                <score>40</score>
            </winDescriptor>
            <winLineCombinationStyles>
                <winLineCombinationStyle>LeftToRight</winLineCombinationStyle>
            </winLineCombinationStyles>
        </lineWinDescriptor>
        <lineWinDescriptor>
            <winDescriptor winId="5">
                <symbol id="5" name="King" type="BaseSymbol"/>
                <symbolsAmount>3</symbolsAmount>
                <score>10</score>
            </winDescriptor>
            <winLineCombinationStyles>
                <winLineCombinationStyle>LeftToRight</winLineCombinationStyle>
            </winLineCombinationStyles>
        </lineWinDescriptor>

        <!--ACE-->
        <lineWinDescriptor>
            <winDescriptor winId="6">
                <symbol id="4" name="Ace" type="BaseSymbol"/>
                <symbolsAmount>5</symbolsAmount>
                <score>150</score>
            </winDescriptor>
            <winLineCombinationStyles>
                <winLineCombinationStyle>LeftToRight</winLineCombinationStyle>
            </winLineCombinationStyles>
        </lineWinDescriptor>
        <lineWinDescriptor>
            <winDescriptor winId="7">
                <symbol id="4" name="Ace" type="BaseSymbol"/>
                <symbolsAmount>4</symbolsAmount>
                <score>40</score>
            </winDescriptor>
            <winLineCombinationStyles>
                <winLineCombinationStyle>LeftToRight</winLineCombinationStyle>
            </winLineCombinationStyles>
        </lineWinDescriptor>
        <lineWinDescriptor>
            <winDescriptor winId="8">
                <symbol id="4" name="Ace" type="BaseSymbol"/>
                <symbolsAmount>3</symbolsAmount>
                <score>10</score>
            </winDescriptor>
            <winLineCombinationStyles>
                <winLineCombinationStyle>LeftToRight</winLineCombinationStyle>
            </winLineCombinationStyles>
        </lineWinDescriptor>

        <!--BRACELET-->
        <lineWinDescriptor>
            <winDescriptor winId="9">
                <symbol id="3" name="Bracelet" type="BaseSymbol"/>
                <symbolsAmount>5</symbolsAmount>
                <score>750</score>
            </winDescriptor>
            <winLineCombinationStyles>
                <winLineCombinationStyle>LeftToRight</winLineCombinationStyle>
            </winLineCombinationStyles>
        </lineWinDescriptor>
        <lineWinDescriptor>
            <winDescriptor winId="10">
                <symbol id="3" name="Bracelet" type="BaseSymbol"/>
                <symbolsAmount>4</symbolsAmount>
                <score>100</score>
            </winDescriptor>
            <winLineCombinationStyles>
                <winLineCombinationStyle>LeftToRight</winLineCombinationStyle>
            </winLineCombinationStyles>
        </lineWinDescriptor>
        <lineWinDescriptor>
            <winDescriptor winId="11">
                <symbol id="3" name="Bracelet" type="BaseSymbol"/>
                <symbolsAmount>3</symbolsAmount>
                <score>30</score>
            </winDescriptor>
            <winLineCombinationStyles>
                <winLineCombinationStyle>LeftToRight</winLineCombinationStyle>
            </winLineCombinationStyles>
        </lineWinDescriptor>
        <lineWinDescriptor>
            <winDescriptor winId="12">
                <symbol id="3" name="Bracelet" type="BaseSymbol"/>
                <symbolsAmount>2</symbolsAmount>
                <score>5</score>
            </winDescriptor>
            <winLineCombinationStyles>
                <winLineCombinationStyle>LeftToRight</winLineCombinationStyle>
            </winLineCombinationStyles>
        </lineWinDescriptor>

        <!--NECKLACE-->
        <lineWinDescriptor>
            <winDescriptor winId="13">
                <symbol id="2" name="Necklace" type="BaseSymbol"/>
                <symbolsAmount>5</symbolsAmount>
                <score>750</score>
            </winDescriptor>
            <winLineCombinationStyles>
                <winLineCombinationStyle>LeftToRight</winLineCombinationStyle>
            </winLineCombinationStyles>
        </lineWinDescriptor>
        <lineWinDescriptor>
            <winDescriptor winId="14">
                <symbol id="2" name="Necklace" type="BaseSymbol"/>
                <symbolsAmount>4</symbolsAmount>
                <score>100</score>
            </winDescriptor>
            <winLineCombinationStyles>
                <winLineCombinationStyle>LeftToRight</winLineCombinationStyle>
            </winLineCombinationStyles>
        </lineWinDescriptor>
        <lineWinDescriptor>
            <winDescriptor winId="15">
                <symbol id="2" name="Necklace" type="BaseSymbol"/>
                <symbolsAmount>3</symbolsAmount>
                <score>30</score>
            </winDescriptor>
            <winLineCombinationStyles>
                <winLineCombinationStyle>LeftToRight</winLineCombinationStyle>
            </winLineCombinationStyles>
        </lineWinDescriptor>
        <lineWinDescriptor>
            <winDescriptor winId="16">
                <symbol id="2" name="Necklace" type="BaseSymbol"/>
                <symbolsAmount>2</symbolsAmount>
                <score>5</score>
            </winDescriptor>
            <winLineCombinationStyles>
                <winLineCombinationStyle>LeftToRight</winLineCombinationStyle>
            </winLineCombinationStyles>
        </lineWinDescriptor>

        <!--GRIFFIN-->
        <lineWinDescriptor>
            <winDescriptor winId="17">
                <symbol id="1" name="Griffin" type="BaseSymbol"/>
                <symbolsAmount>5</symbolsAmount>
                <score>2000</score>
            </winDescriptor>
            <winLineCombinationStyles>
                <winLineCombinationStyle>LeftToRight</winLineCombinationStyle>
            </winLineCombinationStyles>
        </lineWinDescriptor>
        <lineWinDescriptor>
            <winDescriptor winId="18">
                <symbol id="1" name="Griffin" type="BaseSymbol"/>
                <symbolsAmount>4</symbolsAmount>
                <score>400</score>
            </winDescriptor>
            <winLineCombinationStyles>
                <winLineCombinationStyle>LeftToRight</winLineCombinationStyle>
            </winLineCombinationStyles>
        </lineWinDescriptor>
        <lineWinDescriptor>
            <winDescriptor winId="19">
                <symbol id="1" name="Griffin" type="BaseSymbol"/>
                <symbolsAmount>3</symbolsAmount>
                <score>40</score>
            </winDescriptor>
            <winLineCombinationStyles>
                <winLineCombinationStyle>LeftToRight</winLineCombinationStyle>
            </winLineCombinationStyles>
        </lineWinDescriptor>
        <lineWinDescriptor>
            <winDescriptor winId="20">
                <symbol id="1" name="Griffin" type="BaseSymbol"/>
                <symbolsAmount>2</symbolsAmount>
                <score>5</score>
            </winDescriptor>
            <winLineCombinationStyles>
                <winLineCombinationStyle>LeftToRight</winLineCombinationStyle>
            </winLineCombinationStyles>
        </lineWinDescriptor>

        <!--CLEOPATRA-->
        <lineWinDescriptor>
            <winDescriptor winId="21">
                <symbol id="0" name="Cleopatra" type="BaseSymbol"/>
                <symbolsAmount>5</symbolsAmount>
                <score>5000</score>
            </winDescriptor>
            <winLineCombinationStyles>
                <winLineCombinationStyle>LeftToRight</winLineCombinationStyle>
            </winLineCombinationStyles>
        </lineWinDescriptor>
        <lineWinDescriptor>
            <winDescriptor winId="22">
                <symbol id="0" name="Cleopatra" type="BaseSymbol"/>
                <symbolsAmount>4</symbolsAmount>
                <score>1000</score>
            </winDescriptor>
            <winLineCombinationStyles>
                <winLineCombinationStyle>LeftToRight</winLineCombinationStyle>
            </winLineCombinationStyles>
        </lineWinDescriptor>
        <lineWinDescriptor>
            <winDescriptor winId="23">
                <symbol id="0" name="Cleopatra" type="BaseSymbol"/>
                <symbolsAmount>3</symbolsAmount>
                <score>100</score>
            </winDescriptor>
            <winLineCombinationStyles>
                <winLineCombinationStyle>LeftToRight</winLineCombinationStyle>
            </winLineCombinationStyles>
        </lineWinDescriptor>
        <lineWinDescriptor>
            <winDescriptor winId="24">
                <symbol id="0" name="Cleopatra" type="BaseSymbol"/>
                <symbolsAmount>2</symbolsAmount>
                <score>10</score>
            </winDescriptor>
            <winLineCombinationStyles>
                <winLineCombinationStyle>LeftToRight</winLineCombinationStyle>
                <winLineCombinationStyle>LeftToRight</winLineCombinationStyle>
            </winLineCombinationStyles>
        </lineWinDescriptor>

        <!--TEN-->
        <lineWinDescriptor>
            <winDescriptor winId="25">
                <symbol id="8" name="Ten" type="BaseSymbol"/>
                <symbolsAmount>5</symbolsAmount>
                <score>100</score>
            </winDescriptor>
            <winLineCombinationStyles>
                <winLineCombinationStyle>LeftToRight</winLineCombinationStyle>
            </winLineCombinationStyles>
        </lineWinDescriptor>

        <lineWinDescriptor>
            <winDescriptor winId="26">
                <symbol id="8" name="Ten" type="BaseSymbol"/>
                <symbolsAmount>4</symbolsAmount>
                <score>30</score>
            </winDescriptor>
            <winLineCombinationStyles>
                <winLineCombinationStyle>LeftToRight</winLineCombinationStyle>
            </winLineCombinationStyles>
        </lineWinDescriptor>

        <lineWinDescriptor>
            <winDescriptor winId="27">
                <symbol id="8" name="Ten" type="BaseSymbol"/>
                <symbolsAmount>3</symbolsAmount>
                <score>5</score>
            </winDescriptor>
            <winLineCombinationStyles>
                <winLineCombinationStyle>LeftToRight</winLineCombinationStyle>
            </winLineCombinationStyles>
        </lineWinDescriptor>

        <!--TOMB-->
<!--        <lineWinDescriptor>
            <winDescriptor winId="28">
                <symbol id="9" name="Tomb" type="WildSymbol"/>
                <symbolsAmount>5</symbolsAmount>
                <score>200</score>
            </winDescriptor>
            <winLineCombinationStyles>
                <winLineCombinationStyle>LeftToRight</winLineCombinationStyle>
            </winLineCombinationStyles>
        </lineWinDescriptor>
        <lineWinDescriptor>
            <winDescriptor winId="29">
                <symbol id="9" name="Tomb" type="WildSymbol"/>
                <symbolsAmount>4</symbolsAmount>
                <score>20</score>
            </winDescriptor>
            <winLineCombinationStyles>
                <winLineCombinationStyle>LeftToRight</winLineCombinationStyle>
            </winLineCombinationStyles>
        </lineWinDescriptor>
        <lineWinDescriptor>
            <winDescriptor winId="30">
                <symbol id="9" name="Tomb" type="WildSymbol"/>
                <symbolsAmount>3</symbolsAmount>
                <score>2</score>
            </winDescriptor>
            <winLineCombinationStyles>
                <winLineCombinationStyle>LeftToRight</winLineCombinationStyle>
            </winLineCombinationStyles>
        </lineWinDescriptor>-->

        <!--QUEEN-->
        <lineWinDescriptor>
            <winDescriptor winId="31">
                <symbol id="6" name="Queen" type="BaseSymbol"/>
                <symbolsAmount>5</symbolsAmount>
                <score>100</score>
            </winDescriptor>
            <winLineCombinationStyles>
                <winLineCombinationStyle>LeftToRight</winLineCombinationStyle>
            </winLineCombinationStyles>
        </lineWinDescriptor>
        <lineWinDescriptor>
            <winDescriptor winId="32">
                <symbol id="6" name="Queen" type="BaseSymbol"/>
                <symbolsAmount>4</symbolsAmount>
                <score>30</score>
            </winDescriptor>
            <winLineCombinationStyles>
                <winLineCombinationStyle>LeftToRight</winLineCombinationStyle>
            </winLineCombinationStyles>
        </lineWinDescriptor>
        <lineWinDescriptor>
            <winDescriptor winId="33">
                <symbol id="6" name="Queen" type="BaseSymbol"/>
                <symbolsAmount>3</symbolsAmount>
                <score>5</score>
            </winDescriptor>
            <winLineCombinationStyles>
                <winLineCombinationStyle>LeftToRight</winLineCombinationStyle>
            </winLineCombinationStyles>
        </lineWinDescriptor>

    </lineWinDescriptors>
</payTable>