<sounds
        xmlns="http://www.atsisa.com/gox/gamelogic/reelStripStopSounds"
        xmlns:xsi="http://www.w3.org/2001/XMLSchema-instance"
        xsi:schemaLocation="http://www.atsisa.com/gox/gamelogic/reelStripStopSounds">

    <reelStripStopSounds>
        <!--base game-->
        <reelStripStopSound reelStripId="0" symbolsType="BaseSymbol" soundName="ReelStop"/>
        <reelStripStopSound reelStripId="1" symbolsType="BaseSymbol" soundName="ReelStop"/>
        <reelStripStopSound reelStripId="2" symbolsType="BaseSymbol" soundName="ReelStop"/>
        <reelStripStopSound reelStripId="3" symbolsType="BaseSymbol" soundName="ReelStop"/>
        <reelStripStopSound reelStripId="4" symbolsType="BaseSymbol" soundName="ReelStop"/>
        <!--free game-->
        <reelStripStopSound reelStripId="0" symbolsType="ScatterSymbol" soundName="FeatureTeaser01"/>
        <reelStripStopSound reelStripId="1" symbolsType="ScatterSymbol" soundName="FeatureTeaser02"/>
        <reelStripStopSound reelStripId="2" symbolsType="ScatterSymbol" soundName="FeatureTeaser03"/>
        <reelStripStopSound reelStripId="3" symbolsType="ScatterSymbol" soundName="FeatureTeaser04"/>
        <reelStripStopSound reelStripId="4" symbolsType="ScatterSymbol" soundName="FeatureTeaser05"/>
    </reelStripStopSounds>

</sounds>