<reelsGameConfiguration xmlns:xsi="http://www.w3.org/2001/XMLSchema-instance"
                        xsi:schemaLocation=""
                        xmlns="http://www.atsisa.com/gox/gamelogic/reelsGameConfiguration">
    <reelsLayout>
        <rows>3</rows>
        <reels>5</reels>
    </reelsLayout>
    <initialParameters>
        <betPerLine>1</betPerLine>
        <!--<linesAmount>1</linesAmount>-->
        <linesAmount>20</linesAmount>
    </initialParameters>
    <maxWin>100000000</maxWin>
    <betSteps>
        <betStep>1</betStep>
        <betStep>2</betStep>
        <betStep>3</betStep>
        <betStep>4</betStep>
        <betStep>5</betStep>
        <betStep>10</betStep>
        <betStep>20</betStep>
        <betStep>40</betStep>
        <betStep>80</betStep>
    </betSteps>
    <lineSteps>
        <lineStep>1</lineStep>
        <lineStep>5</lineStep>
        <lineStep>10</lineStep>
        <lineStep>15</lineStep>
        <lineStep>20</lineStep>
    </lineSteps>

</reelsGameConfiguration>
