<scatterCalculatorConfiguration
        xmlns="http://www.atsisa.com/gox/gamelogic/scatterPayTable"
        xmlns:xsi="http://www.w3.org/2001/XMLSchema-instance"
        xsi:schemaLocation="http://www.atsisa.com/gox/gamelogic/scatterPayTable">
    <winDescriptors>

        <!--TOMB-->
        <winDescriptor winId="28">
            <symbol id ="9" name="Tomb" type="ScatterSymbol"/>
            <symbolsAmount>5</symbolsAmount>
            <score>200</score>
        </winDescriptor>

        <winDescriptor winId="29">
            <symbol id ="9" name="Tomb" type="ScatterSymbol"/>
            <symbolsAmount>4</symbolsAmount>
            <score>20</score>
        </winDescriptor>

        <winDescriptor winId="30">
            <symbol id ="9" name="Tomb" type="ScatterSymbol"/>
            <symbolsAmount>3</symbolsAmount>
            <score>2</score>
        </winDescriptor>

<!--        <winDescriptor winId="34">
            <symbol id ="9" name="Tomb" type="ScatterSymbol"/>
            <symbolsAmount>1</symbolsAmount>
            <score>2</score>
        </winDescriptor>-->

    </winDescriptors>
</scatterCalculatorConfiguration>
