<sounds
        xmlns="http://www.atsisa.com/gox/gamelogic/sounds"
        xmlns:xsi="http://www.w3.org/2001/XMLSchema-instance"
        xsi:schemaLocation="http://www.atsisa.com/gox/gamelogic/sounds">
    <winSounds>
        <!--JACK-->
        <winSound winDescriptorId="0" soundName="Oneadmi"/>
        <winSound winDescriptorId="1" soundName="Win20"/>
        <winSound winDescriptorId="2" soundName="Win2"/>

        <!--King-->
        <winSound winDescriptorId="3" soundName="Threeadmi"/>
        <winSound winDescriptorId="4" soundName="Win25"/>
        <winSound winDescriptorId="5" soundName="Win2"/>

        <!--ACE-->
        <winSound winDescriptorId="6" soundName="Threeadmi"/>
        <winSound winDescriptorId="7" soundName="Win25"/>
        <winSound winDescriptorId="8" soundName="Win2"/>

        <!--BRACELET-->
        <winSound winDescriptorId="9" soundName="NecklaceLong"/>
        <winSound winDescriptorId="10" soundName="NecklaceLong"/>
        <winSound winDescriptorId="11" soundName="NecklaceShort"/>
        <winSound winDescriptorId="12" soundName="Win2"/>

        <!--NECKLACE-->
        <winSound winDescriptorId="13" soundName="NecklaceLong"/>
        <winSound winDescriptorId="14" soundName="NecklaceLong"/>
        <winSound winDescriptorId="15" soundName="NecklaceShort"/>
        <winSound winDescriptorId="16" soundName="Win2"/>

        <!--GRIFFIN-->
        <winSound winDescriptorId="17" soundName="GriffinLong"/>
        <winSound winDescriptorId="18" soundName="GriffinLong"/>
        <winSound winDescriptorId="19" soundName="GriffinShort"/>
        <winSound winDescriptorId="20" soundName="Win2"/>

        <!--CLEOPATRA-->
        <winSound winDescriptorId="21" soundName="CleopatraLong"/>
        <winSound winDescriptorId="22" soundName="CleopatraLong"/>
        <winSound winDescriptorId="23" soundName="CleopatraShort"/>
        <winSound winDescriptorId="24" soundName="Win10"/>

        <!--TEN-->
        <winSound winDescriptorId="25" soundName="Oneadmi"/>
        <winSound winDescriptorId="26" soundName="Win20"/>
        <winSound winDescriptorId="27" soundName="Win2"/>

        <!--TOMB-->
        <winSound winDescriptorId="28" soundName="Trigger"/>
        <winSound winDescriptorId="29" soundName="Trigger"/>
        <winSound winDescriptorId="30" soundName="Trigger"/>

        <!--QUEEN-->
        <winSound winDescriptorId="31" soundName="Oneadmi"/>
        <winSound winDescriptorId="32" soundName="Win20"/>
        <winSound winDescriptorId="33" soundName="Win2"/>

        <winSound winDescriptorId="34" soundName="Win2"/>

    </winSounds>
</sounds>