<module rename-to='QueenCleopatra'>
    <inherits name='com.atsisa.gox.reels.Reels'/>
    <inherits name='QueenCleopatraAssets'/>
        <inherits name="com.atsisa.gox.reels.NovolineControlPanel"/>
    <inherits name="com.atsisa.gox.financial.Financial"/>
    <inherits name="com.atsisa.gox.logic.Logic"/>
    <inherits name="com.atsisa.gox.rng.Rng" />
        <source path=''/>
    <public path='resources'/>
    <entry-point class='com.octavianonline.games.eyeOfDragonAndBall.QueenCleopatraDemoWebEntryPoint'/>
</module>
