<resources xmlns="http://www.atsisa.com/gox/framework/resources">

    <resource id="config" type="Config" url="config.xml"/>
    <resource type="Text" url="config/reelstrips.xml" id="reelStrips"/>
    <resource type="Text" url="config/reelGameConfiguration.xml" id="reelGameConfiguration"/>
    <resource type="BitmapFont" id="arial-bold-24" url="arial-bold-24.fnt"/>
    <resource type="BitmapFont" id="arial-bold-30" url="arial-bold-30.fnt"/>
    <resource type="BitmapFont" id="arial-bold-35" url="arial-bold-35.fnt"/>
    <resource type="BitmapFont" id="arial-bold-40" url="arial-bold-40.fnt"/>
    <resource type="BitmapFont" id="arial-bold-45" url="arial-bold-45.fnt"/>
    <resource type="BitmapFont" id="arial-bold-50" url="arial-bold-50.fnt"/>
    <resource type="BitmapFont" id="arial-bold-60" url="arial-bold-60.fnt"/>
    <resource type="BitmapFont" id="arial-bold-110" url="arial-bold-110.fnt"/>
    <resource type="BitmapFont" id="arial-bold-120" url="arial-bold-120.fnt"/>

    <resource id="bottomPanelScreen" type="Layout" url="bottomPanelScreen.xml"/>
    <resource id="gamblerScreen" type="Layout" url="gamblerScreen.xml"/>
    <resource id="baseGameScreen" type="Layout" url="baseGameScreen.xml"/>
    <resource id="winLinesScreen" type="Layout" url="winLinesScreen.xml"/>
    <resource id="infoScreen" type="Layout" url="infoScreen.xml"/>
    #if ($twoMonitors == "true" ||  $twoMonitors == "y" ||  $twoMonitors == "yes")
    <resource id="payTableScreen" type="Layout" url="payTableScreen.xml"/>
    #end
    <resource id="ReelStop0" type="Sound" url="ReelStop1.mp3"/>
    <resource id="ReelStop1" type="Sound" url="ReelStop2.mp3"/>
    <resource id="ReelStop2" type="Sound" url="ReelStop3.mp3"/>
    <resource id="ReelStop3" type="Sound" url="ReelStop4.mp3"/>
    <resource id="ReelStop4" type="Sound" url="ReelStop5.mp3"/>
    <resource id="ReelSpinMelody" type="Sound" url="ReelSpinMelody.mp3"/>
    <resource id="WinCount0" type="Sound" url="LineSound0.mp3"/>
    <resource id="WinCount1" type="Sound" url="LineSound1.mp3"/>
    <resource id="WinCount2" type="Sound" url="LineSound2.mp3"/>
    <resource id="WinCount3" type="Sound" url="LineSound3.mp3"/>
    <resource id="WinCount4" type="Sound" url="LineSound4.mp3"/>
    <resource id="WinCount5" type="Sound" url="LineSound5.mp3"/>
    <resource id="WinCount6" type="Sound" url="LineSound6.mp3"/>
    <resource id="WinCount7" type="Sound" url="LineSound7.mp3"/>
    <resource id="WinCount8" type="Sound" url="LineSound8.mp3"/>
    <resource id="BalanceToWin" type="Sound" url="BalanceToWin.mp3"/>
    <resource id="BalanceToWinSkip" type="Sound" url="BalanceToWinSkip.mp3"/>
    <resource id="DeckSound" type="Sound" url="DeckSound.mp3"/>
    <resource id="GambleLoop" type="Sound" url="GambleLoop.mp3"/>
    <resource id="Shift" type="Sound" url="Shift.mp3"/>
    <resource id="WinCountStop" type="Sound" url="WinCountStop.mp3"/>
    <resource id="BetChanging" type="Sound" url="BetChanging.mp3"/>
    <resource id="AutoPlayOn" type="Sound" url="AutoPlayOn.mp3"/>
    <resource id="AutoPlayOff" type="Sound" url="AutoPlayOff.mp3"/>
    <resource id="DoubleWin" type="Sound" url="DoubleWin.mp3"/>

    <resource id="presentations" type="Queues" url="config/presentations.xml"/>

    <resource type="Image" id="InfoScreenBackground" url="info_screen_background.png"/>
    <resource type="Image" id="PayTableBackground" url="pay_table_background.png"/>

    <resource type="SpriteSheet" id="BaseElementsSpriteSheet" url="BaseElementsSpriteSheet.xml"/>
    <resource type="SpriteSheet" id="GamblerSpriteSheet" url="GamblerSpriteSheet.xml"/>

</resources>
