<?xml version="1.0" encoding="UTF-8"?>
<!-- Created with TexturePacker http://www.codeandweb.com/texturepacker-->
<!-- $TexturePacker:SmartUpdate:a3314c02a988a49bc947b3b61368adbc:feaa1375468c8eaefd39de3cded9ff31:528b72d6fffb8766e1bbb57eee8df147$ -->
<!--Format:
n  => name of the sprite
x  => sprite x pos in texture
y  => sprite y pos in texture
w  => sprite width (may be trimmed)
h  => sprite height (may be trimmed)
pX => x pos of the pivot point (relative to sprite width)
pY => y pos of the pivot point (relative to sprite height)
oX => sprite's x-corner offset (only available if trimmed)
oY => sprite's y-corner offset (only available if trimmed)
oW => sprite's original width (only available if trimmed)
oH => sprite's original height (only available if trimmed)
r => 'y' only set if sprite is rotated
with polygon mode enabled:
vertices   => points in sprite coordinate system (x0,y0,x1,y1,x2,y2, ...)
verticesUV => points in sheet coordinate system (x0,y0,x1,y1,x2,y2, ...)
triangles  => sprite triangulation, 3 vertex indices per triangle
-->
<TextureAtlas imagePath="/symbols/long/10_MysticBall/MysticBallLongAnimation.png" width="1806" height="2570">
<sprites>
    <sprite n="00" x="1" y="1" w="256" h="512" pX="0.5" pY="0.5"/>
    <sprite n="01" x="259" y="1" w="256" h="512" pX="0.5" pY="0.5"/>
    <sprite n="02" x="517" y="1" w="256" h="512" pX="0.5" pY="0.5"/>
    <sprite n="03" x="775" y="1" w="256" h="512" pX="0.5" pY="0.5"/>
    <sprite n="04" x="1033" y="1" w="256" h="512" pX="0.5" pY="0.5"/>
    <sprite n="05" x="1291" y="1" w="256" h="512" pX="0.5" pY="0.5"/>
    <sprite n="06" x="1549" y="1" w="256" h="512" pX="0.5" pY="0.5"/>
    <sprite n="07" x="1" y="515" w="256" h="512" pX="0.5" pY="0.5"/>
    <sprite n="08" x="259" y="515" w="256" h="512" pX="0.5" pY="0.5"/>
    <sprite n="09" x="517" y="515" w="256" h="512" pX="0.5" pY="0.5"/>
    <sprite n="10" x="775" y="515" w="256" h="512" pX="0.5" pY="0.5"/>
    <sprite n="11" x="1033" y="515" w="256" h="512" pX="0.5" pY="0.5"/>
    <sprite n="12" x="1291" y="515" w="256" h="512" pX="0.5" pY="0.5"/>
    <sprite n="13" x="1549" y="515" w="256" h="512" pX="0.5" pY="0.5"/>
    <sprite n="14" x="1" y="1029" w="256" h="512" pX="0.5" pY="0.5"/>
    <sprite n="15" x="259" y="1029" w="256" h="512" pX="0.5" pY="0.5"/>
    <sprite n="16" x="517" y="1029" w="256" h="512" pX="0.5" pY="0.5"/>
    <sprite n="17" x="775" y="1029" w="256" h="512" pX="0.5" pY="0.5"/>
    <sprite n="18" x="1033" y="1029" w="256" h="512" pX="0.5" pY="0.5"/>
    <sprite n="19" x="1291" y="1029" w="256" h="512" pX="0.5" pY="0.5"/>
    <sprite n="20" x="1549" y="1029" w="256" h="512" pX="0.5" pY="0.5"/>
    <sprite n="21" x="1" y="1543" w="256" h="512" pX="0.5" pY="0.5"/>
    <sprite n="22" x="259" y="1543" w="256" h="512" pX="0.5" pY="0.5"/>
    <sprite n="23" x="517" y="1543" w="256" h="512" pX="0.5" pY="0.5"/>
    <sprite n="24" x="775" y="1543" w="256" h="512" pX="0.5" pY="0.5"/>
    <sprite n="25" x="1033" y="1543" w="256" h="512" pX="0.5" pY="0.5"/>
    <sprite n="26" x="1291" y="1543" w="256" h="512" pX="0.5" pY="0.5"/>
    <sprite n="27" x="1549" y="1543" w="256" h="512" pX="0.5" pY="0.5"/>
    <sprite n="28" x="1" y="2057" w="256" h="512" pX="0.5" pY="0.5"/>
    <sprite n="29" x="259" y="2057" w="256" h="512" pX="0.5" pY="0.5"/>
    <sprite n="30" x="517" y="2057" w="256" h="512" pX="0.5" pY="0.5"/>
    <sprite n="31" x="775" y="2057" w="256" h="512" pX="0.5" pY="0.5"/>
    <sprite n="32" x="1033" y="2057" w="256" h="512" pX="0.5" pY="0.5"/>
    <sprite n="33" x="1291" y="2057" w="256" h="512" pX="0.5" pY="0.5"/>
	</sprites>
</TextureAtlas>
