<sounds
        xmlns="http://www.atsisa.com/gox/gamelogic/sounds"
        xmlns:xsi="http://www.w3.org/2001/XMLSchema-instance"
        xsi:schemaLocation="http://www.atsisa.com/gox/gamelogic/sounds">

    <reelStripStopSounds>
        <reelStripStopSound reelStripId="0" symbolsType="BaseSymbol" soundName="ReelStop0"/>
        <reelStripStopSound reelStripId="1" symbolsType="BaseSymbol" soundName="ReelStop1"/>
        <reelStripStopSound reelStripId="2" symbolsType="BaseSymbol" soundName="ReelStop2"/>
        <reelStripStopSound reelStripId="3" symbolsType="BaseSymbol" soundName="ReelStop3"/>
        <reelStripStopSound reelStripId="4" symbolsType="BaseSymbol" soundName="ReelStop4"/>
    </reelStripStopSounds>
    <winSounds>
        <winSound winDescriptorId="0" soundName="WinCount"/>
        <winSound winDescriptorId="1" soundName="WinCount"/>
        <winSound winDescriptorId="2" soundName="WinCount"/>
        <winSound winDescriptorId="3" soundName="WinCount"/>
        <winSound winDescriptorId="4" soundName="WinCount"/>
        <winSound winDescriptorId="5" soundName="WinCount"/>
        <winSound winDescriptorId="6" soundName="WinCount"/>
        <winSound winDescriptorId="7" soundName="WinCount"/>
        <winSound winDescriptorId="8" soundName="WinCount"/>
        <winSound winDescriptorId="9" soundName="WinCount"/>
        <winSound winDescriptorId="10" soundName="WinCount"/>
        <winSound winDescriptorId="11" soundName="WinCount"/>
        <winSound winDescriptorId="12" soundName="WinCount"/>
        <winSound winDescriptorId="13" soundName="WinCount"/>
        <winSound winDescriptorId="14" soundName="WinCount"/>
        <winSound winDescriptorId="15" soundName="WinCount"/>
        <winSound winDescriptorId="16" soundName="WinCount"/>
        <winSound winDescriptorId="17" soundName="WinCount"/>
        <winSound winDescriptorId="18" soundName="WinCount"/>
        <winSound winDescriptorId="19" soundName="WinCount"/>
        <winSound winDescriptorId="20" soundName="WinCount"/>
    </winSounds>
</sounds>